policy_id,age,gender,territory,vehicle_type,annual_miles,driving_experience_years,exposure,claim_count,total_claim_amount
P0000001,23,F,A,truck,29209,5.9,0.6457,0,0.0
P0000002,66,M,A,truck,9272,50.7,0.5604,0,0.0
P0000003,59,M,A,truck,14440,41.1,0.5537,0,0.0
P0000004,45,F,C,sedan,9511,27.7,0.5047,0,0.0
P0000005,45,F,B,suv,18774,28.4,0.9892,0,0.0
P0000006,72,F,A,suv,14464,53.9,0.8275,0,0.0
P0000007,23,M,A,sedan,30329,9.6,0.6606,0,0.0
P0000008,61,M,C,truck,28764,45.1,0.7895,0,0.0
P0000009,30,M,B,suv,32430,14.8,0.8095,0,0.0
P0000010,23,F,B,suv,17809,7.5,0.5915,0,0.0
P0000011,51,F,A,sedan,21468,34.3,0.6444,0,0.0
P0000012,79,M,A,sedan,31646,63.8,0.7736,0,0.0
P0000013,64,F,C,truck,27100,43.6,0.9199,1,5666.7
P0000014,65,M,C,sedan,34423,47.1,0.5648,0,0.0
P0000015,63,F,B,sedan,35405,47.6,0.9292,0,0.0
P0000016,67,F,C,suv,7338,53.5,0.8045,0,0.0
P0000017,50,F,A,suv,12286,34.2,0.7448,0,0.0
P0000018,26,F,C,sedan,27035,9.7,0.572,0,0.0
P0000019,70,M,A,sedan,8049,54.3,0.775,0,0.0
P0000020,46,F,A,suv,7643,23.9,0.6768,0,0.0
P0000021,49,M,C,truck,9262,35.3,0.5945,0,0.0
P0000022,41,M,C,sedan,7223,23.9,0.94,1,3826.87
P0000023,29,M,C,suv,25635,12.3,0.7303,0,0.0
P0000024,76,M,B,sedan,13548,59.5,0.5399,0,0.0
P0000025,67,M,C,suv,34221,53.9,0.6511,0,0.0
P0000026,58,M,B,suv,8149,41.1,0.5908,0,0.0
P0000027,43,F,A,truck,19148,25.6,0.9696,0,0.0
P0000028,69,F,B,suv,25552,50.6,0.6215,0,0.0
P0000029,52,M,B,sedan,16167,34.0,0.7532,0,0.0
P0000030,45,F,B,sedan,27199,25.6,0.8728,0,0.0
P0000031,46,F,C,truck,31053,33.1,0.5793,0,0.0
P0000032,32,M,B,sedan,24817,15.5,0.7187,0,0.0
P0000033,23,F,A,suv,23808,1.0,0.8266,0,0.0
P0000034,52,M,A,sedan,22836,32.9,0.941,0,0.0
P0000035,73,M,C,sedan,35798,58.9,0.8271,1,8137.9
P0000036,22,F,A,suv,29218,4.8,0.54,0,0.0
P0000037,72,M,C,sedan,6865,57.1,0.6608,0,0.0
P0000038,70,F,A,truck,28949,53.9,0.6755,0,0.0
P0000039,35,M,A,sedan,10112,14.0,0.6941,0,0.0
P0000040,57,M,C,sedan,31977,38.1,0.9708,0,0.0
P0000041,28,F,B,sedan,15058,14.0,0.5179,0,0.0
P0000042,65,F,C,sedan,26489,49.5,0.6511,0,0.0
P0000043,62,F,A,suv,27902,45.0,0.7462,0,0.0
P0000044,40,F,B,sedan,16032,23.5,0.5432,0,0.0
P0000045,22,F,B,sedan,34867,4.4,0.7418,1,2866.01
P0000046,79,M,C,truck,21265,63.5,0.5536,0,0.0
P0000047,46,F,A,sedan,18103,29.7,0.9189,1,1794.07
P0000048,74,M,A,sedan,20208,58.6,0.635,0,0.0
P0000049,60,F,B,truck,14542,43.7,0.7615,0,0.0
P0000050,67,M,C,suv,8343,48.6,0.8092,0,0.0
P0000051,65,F,C,sedan,35429,47.4,0.6529,0,0.0
P0000052,30,F,C,truck,30164,14.4,0.6757,1,587.27
P0000053,40,M,B,suv,30242,20.7,0.7553,0,0.0
P0000054,47,F,B,sedan,33298,27.9,0.9027,0,0.0
P0000055,49,M,C,sedan,23972,32.0,0.7263,0,0.0
P0000056,20,F,C,truck,35516,3.5,0.7454,1,7528.17
P0000057,52,M,C,sedan,35543,31.5,0.7979,0,0.0
P0000058,27,M,C,truck,12686,6.8,0.7126,0,0.0
P0000059,64,M,C,sedan,18655,50.0,0.863,0,0.0
P0000060,61,F,A,sedan,7964,41.6,0.5025,0,0.0
P0000061,76,F,A,truck,26769,55.6,0.7415,0,0.0
P0000062,64,F,C,truck,8442,45.7,0.9615,0,0.0
P0000063,41,F,B,sedan,28656,24.9,0.808,0,0.0
P0000064,78,F,A,sedan,29933,61.7,0.7432,0,0.0
P0000065,43,M,B,suv,17749,22.6,0.886,0,0.0
P0000066,38,F,B,suv,24583,19.3,0.6965,0,0.0
P0000067,75,M,C,sedan,34423,56.9,0.7336,0,0.0
P0000068,41,F,C,sedan,28439,19.3,0.5976,0,0.0
P0000069,22,F,A,truck,18661,7.0,0.5621,0,0.0
P0000070,47,F,B,sedan,33061,30.2,0.5128,0,0.0
P0000071,68,F,A,sedan,6241,50.6,0.8658,0,0.0
P0000072,29,F,C,sedan,12014,12.4,0.7341,0,0.0
P0000073,47,F,A,sedan,15154,33.7,0.9697,0,0.0
P0000074,26,F,B,suv,16286,7.0,0.5884,0,0.0
P0000075,61,M,B,sedan,25839,45.5,0.622,0,0.0
P0000076,47,F,B,suv,29563,31.5,0.8194,1,6662.24
P0000077,38,F,B,sedan,6649,21.7,0.5273,0,0.0
P0000078,32,F,B,sedan,13041,15.5,0.7517,0,0.0
P0000079,53,F,B,truck,30356,36.2,0.5618,0,0.0
P0000080,60,M,A,suv,20687,41.1,0.5807,0,0.0
P0000081,77,F,A,sedan,14614,57.7,0.756,0,0.0
P0000082,45,M,B,sedan,18746,28.5,0.7845,0,0.0
P0000083,28,F,A,suv,23784,12.2,0.606,0,0.0
P0000084,70,F,C,suv,23454,53.3,0.6356,0,0.0
P0000085,57,M,A,suv,30706,41.8,0.6421,0,0.0
P0000086,62,F,C,suv,35634,45.1,0.5709,0,0.0
P0000087,24,M,A,sedan,30046,8.9,0.9829,0,0.0
P0000088,37,F,C,truck,8215,15.7,0.8461,0,0.0
P0000089,66,M,A,sedan,18069,48.7,0.5554,0,0.0
P0000090,70,F,B,sedan,20023,54.1,0.6786,1,4656.19
P0000091,45,F,A,suv,24511,26.6,0.5863,0,0.0
P0000092,68,M,B,sedan,34728,53.5,0.6172,0,0.0
P0000093,71,F,A,sedan,18854,55.4,0.9697,0,0.0
P0000094,42,F,C,sedan,15784,24.2,0.5684,0,0.0
P0000095,74,M,B,suv,32899,56.7,0.9399,0,0.0
P0000096,36,M,C,suv,27958,16.9,0.9209,2,8287.3
P0000097,33,M,B,suv,19220,21.5,0.8718,0,0.0
P0000098,60,M,B,sedan,33807,41.4,0.7484,0,0.0
P0000099,58,M,C,sedan,14381,42.1,0.6292,0,0.0
P0000100,26,M,A,truck,12458,11.3,0.9155,0,0.0
P0000101,70,M,B,suv,5663,56.4,0.917,0,0.0
P0000102,30,F,A,sedan,7522,14.1,0.7627,0,0.0
P0000103,68,F,B,sedan,31800,47.8,0.5238,0,0.0
P0000104,18,M,A,sedan,7346,0.0,0.5965,0,0.0
P0000105,68,M,B,sedan,28709,47.7,0.528,0,0.0
P0000106,67,F,B,suv,7262,50.2,0.5899,0,0.0
P0000107,67,F,B,truck,12138,49.8,0.7542,0,0.0
P0000108,59,F,A,truck,15866,45.2,0.9271,0,0.0
P0000109,47,F,B,sedan,11657,33.2,0.8266,0,0.0
P0000110,62,M,C,sedan,8912,45.3,0.8005,0,0.0
P0000111,35,F,A,suv,35648,20.8,0.874,0,0.0
P0000112,67,M,A,sedan,17555,51.7,0.82,0,0.0
P0000113,53,M,C,suv,18115,35.9,0.7217,0,0.0
P0000114,46,M,C,suv,28377,26.5,0.9077,0,0.0
P0000115,49,F,A,sedan,33333,32.0,0.6551,0,0.0
P0000116,53,M,B,sedan,14245,38.7,0.9641,1,3587.21
P0000117,20,M,A,sedan,19050,6.6,0.5581,1,2733.15
P0000118,26,M,C,suv,19861,8.8,0.8188,0,0.0
P0000119,33,F,B,sedan,13080,17.3,0.7503,0,0.0
P0000120,25,F,B,sedan,8948,7.8,0.7129,0,0.0
P0000121,45,M,A,sedan,33552,28.4,0.7149,0,0.0
P0000122,60,F,B,truck,26646,43.1,0.5211,0,0.0
P0000123,59,F,A,truck,26053,39.6,0.8758,0,0.0
P0000124,47,M,C,truck,14847,27.9,0.6762,0,0.0
P0000125,71,M,B,truck,25474,53.3,0.7383,1,2845.72
P0000126,53,F,B,sedan,9191,37.8,0.9238,0,0.0
P0000127,22,F,C,sedan,8660,6.1,0.7886,0,0.0
P0000128,66,F,A,sedan,34594,47.5,0.9257,0,0.0
P0000129,54,M,A,suv,12089,34.4,0.5685,0,0.0
P0000130,57,M,B,suv,28858,42.5,0.6409,0,0.0
P0000131,53,F,C,sedan,13623,32.9,0.614,0,0.0
P0000132,52,F,A,truck,25222,36.6,0.9432,0,0.0
P0000133,23,F,C,sedan,23973,4.7,0.8908,0,0.0
P0000134,53,F,B,suv,27412,30.4,0.9171,0,0.0
P0000135,68,M,B,truck,34565,54.2,0.7843,1,8449.4
P0000136,37,F,B,suv,18190,19.0,0.6104,0,0.0
P0000137,55,F,A,suv,31843,38.6,0.6885,0,0.0
P0000138,19,F,A,suv,14248,1.1,0.7752,2,1193.9
P0000139,39,F,C,suv,34875,23.2,0.5095,0,0.0
P0000140,45,M,B,truck,20499,33.0,0.8198,0,0.0
P0000141,79,M,B,sedan,31167,63.5,0.9274,0,0.0
P0000142,31,M,C,sedan,30582,13.3,0.6628,0,0.0
P0000143,35,F,A,truck,24672,15.3,0.8399,0,0.0
P0000144,43,M,B,suv,34877,25.2,0.7418,0,0.0
P0000145,80,F,A,suv,25934,60.1,0.502,0,0.0
P0000146,71,M,A,sedan,23763,55.0,0.642,0,0.0
P0000147,20,M,C,sedan,12847,4.1,0.7639,0,0.0
P0000148,32,F,C,sedan,16667,14.3,0.8625,0,0.0
P0000149,69,M,A,truck,5190,52.8,0.701,0,0.0
P0000150,21,F,C,sedan,27264,1.8,0.5931,1,649.66
P0000151,71,M,A,sedan,23811,56.8,0.5305,0,0.0
P0000152,35,F,C,sedan,26609,16.3,0.8573,0,0.0
P0000153,75,F,C,sedan,24489,55.6,0.6825,0,0.0
P0000154,36,F,A,sedan,12671,18.3,0.8236,0,0.0
P0000155,45,F,B,suv,35998,26.2,0.6109,0,0.0
P0000156,59,F,C,sedan,18500,43.3,0.8773,0,0.0
P0000157,25,F,A,sedan,26684,9.7,0.6722,0,0.0
P0000158,53,M,A,sedan,9154,35.3,0.5262,0,0.0
P0000159,49,F,B,sedan,23500,33.4,0.7551,0,0.0
P0000160,67,F,A,truck,17470,49.4,0.8657,0,0.0
P0000161,80,M,A,truck,33759,62.4,0.9662,0,0.0
P0000162,59,M,A,suv,28645,42.1,0.9854,0,0.0
P0000163,43,F,B,truck,33973,25.4,0.7282,0,0.0
P0000164,43,F,A,sedan,14730,24.7,0.8059,0,0.0
P0000165,44,M,B,truck,25462,27.2,0.7786,0,0.0
P0000166,69,M,A,sedan,24624,53.0,0.7668,0,0.0
P0000167,38,F,A,suv,12782,19.4,0.5573,1,3386.37
P0000168,28,M,B,suv,15157,10.5,0.8354,0,0.0
P0000169,39,F,A,sedan,25921,21.1,0.9826,0,0.0
P0000170,19,F,B,sedan,9560,0.8,0.5634,0,0.0
P0000171,24,M,B,sedan,17400,6.7,0.6559,0,0.0
P0000172,23,M,B,sedan,27983,6.7,0.5385,0,0.0
P0000173,66,M,A,sedan,31076,50.2,0.7014,0,0.0
P0000174,63,F,C,truck,23268,46.2,0.7408,0,0.0
P0000175,61,F,A,sedan,25751,43.0,0.679,0,0.0
P0000176,47,F,C,suv,30589,28.9,0.7383,0,0.0
P0000177,63,F,A,suv,12165,45.7,0.9015,0,0.0
P0000178,28,F,A,sedan,26047,10.3,0.607,0,0.0
P0000179,74,F,B,sedan,27809,59.2,0.879,1,2375.24
P0000180,49,M,A,sedan,30332,32.9,0.8966,0,0.0
P0000181,77,M,B,sedan,23854,58.7,0.7906,0,0.0
P0000182,27,F,C,sedan,9803,11.7,0.6577,1,2908.37
P0000183,49,F,C,sedan,6565,31.7,0.9683,0,0.0
P0000184,61,M,B,sedan,24052,43.9,0.682,0,0.0
P0000185,49,F,C,truck,13582,32.2,0.525,0,0.0
P0000186,46,M,B,truck,16388,27.6,0.568,0,0.0
P0000187,28,F,A,sedan,19318,10.5,0.9458,0,0.0
P0000188,42,M,C,suv,28141,27.4,0.575,0,0.0
P0000189,33,M,A,truck,15984,15.0,0.7237,0,0.0
P0000190,36,M,A,sedan,22982,20.0,0.846,0,0.0
P0000191,61,M,A,sedan,20434,46.7,0.7868,1,4906.16
P0000192,57,M,A,sedan,6679,38.5,0.8267,0,0.0
P0000193,56,F,A,sedan,26433,41.4,0.6744,0,0.0
P0000194,40,M,A,truck,21539,23.7,0.8311,0,0.0
P0000195,78,M,B,truck,11842,60.4,0.5045,0,0.0
P0000196,23,M,C,suv,28073,6.1,0.6316,0,0.0
P0000197,39,F,C,sedan,8090,23.2,0.5618,0,0.0
P0000198,25,F,A,truck,13146,10.0,0.7276,0,0.0
P0000199,39,M,A,sedan,12409,23.5,0.5729,0,0.0
P0000200,78,M,B,sedan,25290,63.2,0.7737,1,3056.94
P0000201,41,F,A,sedan,35689,24.3,0.5903,0,0.0
P0000202,75,F,A,truck,31068,59.1,0.7071,1,1684.09
P0000203,49,F,B,suv,9289,34.8,0.5371,0,0.0
P0000204,62,F,C,suv,7020,45.6,0.72,0,0.0
P0000205,46,F,A,suv,29460,30.3,0.904,0,0.0
P0000206,34,F,B,sedan,22918,16.5,0.6585,1,908.68
P0000207,66,F,B,sedan,16119,48.3,0.8532,0,0.0
P0000208,79,M,C,truck,32515,59.3,0.713,0,0.0
P0000209,34,F,A,truck,10529,15.7,0.6171,0,0.0
P0000210,67,F,C,suv,8919,52.2,0.6517,0,0.0
P0000211,34,F,C,sedan,20492,21.3,0.6513,0,0.0
P0000212,63,F,A,truck,13346,49.0,0.8712,0,0.0
P0000213,67,M,B,sedan,12200,51.0,0.6005,0,0.0
P0000214,46,M,B,sedan,24403,32.2,0.9889,0,0.0
P0000215,64,F,A,sedan,14448,48.2,0.8437,0,0.0
P0000216,35,F,B,sedan,23140,17.9,0.7006,0,0.0
P0000217,22,F,B,suv,22573,6.1,0.999,0,0.0
P0000218,24,F,C,suv,29595,6.4,0.6081,1,7922.07
P0000219,46,F,A,sedan,35255,30.2,0.8815,0,0.0
P0000220,74,F,B,sedan,24500,58.5,0.6355,0,0.0
P0000221,26,F,A,suv,13895,5.6,0.7718,0,0.0
P0000222,46,M,B,sedan,22851,29.1,0.5272,0,0.0
P0000223,62,F,B,sedan,19952,44.8,0.9232,1,1544.29
P0000224,30,F,B,sedan,19007,11.3,0.6831,0,0.0
P0000225,63,F,B,truck,15690,44.2,0.7922,1,5465.57
P0000226,37,F,A,truck,7425,20.7,0.9636,1,4179.42
P0000227,68,F,A,sedan,12645,48.9,0.5151,0,0.0
P0000228,54,F,B,suv,23323,37.9,0.984,0,0.0
P0000229,52,F,A,truck,7188,33.0,0.7626,0,0.0
P0000230,29,F,C,sedan,9855,14.5,0.8904,0,0.0
P0000231,47,M,B,truck,22682,30.6,0.7365,0,0.0
P0000232,71,M,C,sedan,35871,53.6,0.908,1,6089.18
P0000233,19,F,A,suv,10174,1.3,0.9403,0,0.0
P0000234,65,F,B,suv,7433,49.7,0.6908,0,0.0
P0000235,49,M,A,sedan,15839,35.3,0.8613,0,0.0
P0000236,63,M,C,suv,7347,45.1,0.9993,0,0.0
P0000237,59,F,B,suv,32780,42.4,0.8786,0,0.0
P0000238,45,F,B,sedan,29407,28.8,0.9784,0,0.0
P0000239,37,F,B,suv,8620,16.7,0.8683,0,0.0
P0000240,57,M,A,truck,8136,40.6,0.6649,0,0.0
P0000241,26,F,B,truck,21769,10.0,0.9136,0,0.0
P0000242,54,F,C,suv,17557,40.6,0.8332,0,0.0
P0000243,23,F,A,sedan,26496,8.2,0.5165,0,0.0
P0000244,58,F,C,sedan,33752,39.2,0.5862,0,0.0
P0000245,57,F,C,sedan,15358,41.5,0.6306,0,0.0
P0000246,23,M,C,truck,29424,4.7,0.8718,1,2180.74
P0000247,65,F,C,suv,15321,50.6,0.8986,1,4524.33
P0000248,44,F,A,truck,12218,28.7,0.9134,2,3517.88
P0000249,67,F,B,sedan,35087,51.8,0.5336,0,0.0
P0000250,20,M,A,truck,12781,2.0,0.5361,0,0.0
P0000251,29,F,C,truck,9441,12.4,0.6497,0,0.0
P0000252,49,F,A,suv,23360,34.2,0.8406,0,0.0
P0000253,29,F,C,truck,23464,10.6,0.9211,0,0.0
P0000254,38,M,A,sedan,20079,20.0,0.9347,0,0.0
P0000255,59,M,A,sedan,7704,41.3,0.6038,0,0.0
P0000256,27,M,A,sedan,8619,9.4,0.8837,1,2381.23
P0000257,60,M,B,sedan,28488,44.7,0.8204,0,0.0
P0000258,24,F,A,sedan,9918,4.5,0.9634,0,0.0
P0000259,29,F,A,suv,13554,12.2,0.8864,0,0.0
P0000260,55,F,A,sedan,29889,37.5,0.7643,0,0.0
P0000261,67,M,A,sedan,15488,49.2,0.8916,0,0.0
P0000262,28,M,C,sedan,15688,12.9,0.6541,0,0.0
P0000263,36,F,B,suv,33404,15.2,0.8931,0,0.0
P0000264,76,M,A,truck,29769,59.1,0.8906,0,0.0
P0000265,80,F,A,sedan,26960,62.9,0.9276,0,0.0
P0000266,54,F,A,suv,10884,37.8,0.6212,0,0.0
P0000267,46,F,A,truck,13820,26.7,0.9245,1,7884.59
P0000268,39,M,A,suv,23582,19.6,0.5845,0,0.0
P0000269,56,M,A,suv,31002,38.7,0.8859,0,0.0
P0000270,55,F,A,suv,20658,40.9,0.965,0,0.0
P0000271,36,M,A,truck,28054,19.3,0.5179,0,0.0
P0000272,19,M,C,sedan,15117,2.1,0.813,0,0.0
P0000273,27,M,A,suv,16330,10.9,0.8298,0,0.0
P0000274,78,M,B,sedan,23865,63.0,0.9076,0,0.0
P0000275,44,F,B,sedan,22572,30.1,0.5514,0,0.0
P0000276,48,M,C,suv,8860,28.1,0.9547,0,0.0
P0000277,47,M,A,truck,17046,28.5,0.9969,0,0.0
P0000278,67,M,C,truck,31550,49.9,0.8361,0,0.0
P0000279,22,F,C,truck,21537,6.3,0.715,0,0.0
P0000280,23,M,C,suv,28044,5.3,0.8175,2,1306.04
P0000281,35,M,C,suv,30622,17.6,0.5274,0,0.0
P0000282,48,F,A,truck,13896,31.8,0.8765,0,0.0
P0000283,60,M,C,sedan,12279,42.2,0.535,0,0.0
P0000284,48,F,C,sedan,22984,30.0,0.6613,0,0.0
P0000285,45,F,A,sedan,19870,26.6,0.5697,0,0.0
P0000286,77,F,A,suv,32967,61.8,0.863,0,0.0
P0000287,28,M,C,suv,10661,10.1,0.7972,1,2473.31
P0000288,54,M,A,truck,18091,34.6,0.8496,0,0.0
P0000289,52,F,C,sedan,6507,34.4,0.5323,0,0.0
P0000290,47,M,B,truck,16263,25.6,0.6852,0,0.0
P0000291,68,F,B,suv,23207,51.4,0.7031,0,0.0
P0000292,34,F,A,truck,29767,20.4,0.8012,0,0.0
P0000293,78,M,B,sedan,31169,62.7,0.5512,0,0.0
P0000294,38,M,B,suv,5036,22.3,0.8236,0,0.0
P0000295,52,M,C,suv,32036,33.9,0.6973,0,0.0
P0000296,50,M,A,suv,26277,31.3,0.953,0,0.0
P0000297,71,M,A,sedan,11248,53.7,0.7249,0,0.0
P0000298,45,F,A,sedan,11689,27.4,0.551,0,0.0
P0000299,35,F,A,sedan,29086,14.2,0.5517,0,0.0
P0000300,19,F,C,sedan,26521,3.7,0.6271,0,0.0
P0000301,40,M,A,suv,11386,23.1,0.6199,0,0.0
P0000302,70,M,A,suv,18574,53.9,0.8983,1,8432.93
P0000303,18,M,C,suv,31614,3.3,0.8612,1,6081.29
P0000304,74,F,A,sedan,5629,61.0,0.5383,0,0.0
P0000305,52,F,A,sedan,20851,32.4,0.9257,0,0.0
P0000306,26,M,B,suv,32102,10.5,0.5481,0,0.0
P0000307,37,M,A,suv,5122,20.5,0.8928,0,0.0
P0000308,52,F,C,suv,21942,34.1,0.5558,0,0.0
P0000309,37,F,B,suv,22317,22.4,0.6882,0,0.0
P0000310,24,F,A,truck,14721,8.7,0.8755,0,0.0
P0000311,59,F,B,truck,21717,42.0,0.6268,0,0.0
P0000312,60,F,C,suv,26804,43.9,0.5567,0,0.0
P0000313,25,F,A,sedan,13794,10.6,0.8936,0,0.0
P0000314,35,M,B,sedan,20374,16.8,0.8455,0,0.0
P0000315,33,F,B,suv,21634,16.9,0.9456,0,0.0
P0000316,59,F,B,sedan,6083,41.7,0.8208,0,0.0
P0000317,64,F,B,sedan,11592,46.9,0.537,0,0.0
P0000318,63,M,A,sedan,25157,44.1,0.8193,0,0.0
P0000319,77,F,B,truck,20159,59.3,0.9113,0,0.0
P0000320,66,F,A,sedan,35055,50.7,0.5418,0,0.0
P0000321,38,F,B,suv,31356,18.7,0.5678,0,0.0
P0000322,24,M,B,truck,11881,7.9,0.8388,0,0.0
P0000323,56,M,A,suv,35913,40.6,0.8957,0,0.0
P0000324,75,F,A,sedan,31750,59.9,0.6766,0,0.0
P0000325,79,F,C,truck,18036,66.7,0.8676,0,0.0
P0000326,32,F,A,suv,24250,16.2,0.5837,0,0.0
P0000327,32,M,A,sedan,13670,14.2,0.722,0,0.0
P0000328,20,M,A,suv,7414,5.7,0.874,1,153.1
P0000329,26,F,B,sedan,12360,5.6,0.5995,0,0.0
P0000330,52,F,A,suv,27629,39.5,0.6744,0,0.0
P0000331,52,M,C,truck,22698,36.6,0.8145,0,0.0
P0000332,41,M,B,suv,18686,27.0,0.673,1,4464.96
P0000333,37,F,A,truck,19907,18.2,0.9371,0,0.0
P0000334,70,F,B,sedan,29605,51.7,0.9784,1,10110.08
P0000335,46,F,A,truck,26576,29.5,0.8211,0,0.0
P0000336,68,M,A,suv,24708,53.8,0.8912,0,0.0
P0000337,78,M,B,sedan,20541,63.4,0.9533,0,0.0
P0000338,37,M,A,truck,5086,19.5,0.8509,0,0.0
P0000339,30,M,C,truck,15343,14.4,0.8867,0,0.0
P0000340,78,F,B,sedan,8915,62.1,0.5401,0,0.0
P0000341,57,F,A,suv,29000,40.1,0.9119,0,0.0
P0000342,36,F,C,sedan,15925,19.8,0.6373,0,0.0
P0000343,57,M,B,sedan,12594,43.5,0.5354,0,0.0
P0000344,50,M,A,sedan,19937,35.7,0.7947,0,0.0
P0000345,75,F,B,sedan,19878,60.6,0.6134,0,0.0
P0000346,34,F,C,sedan,33895,18.5,0.5399,0,0.0
P0000347,80,M,B,sedan,10541,62.8,0.8048,1,733.4
P0000348,76,M,B,truck,30481,58.9,0.5493,0,0.0
P0000349,29,M,B,sedan,11691,9.6,0.9436,0,0.0
P0000350,28,F,A,truck,29850,13.8,0.9846,0,0.0
P0000351,51,M,A,sedan,21686,33.4,0.8691,0,0.0
P0000352,20,M,B,sedan,21726,4.6,0.6438,0,0.0
P0000353,36,M,C,suv,26852,15.0,0.7813,0,0.0
P0000354,45,M,B,sedan,7878,28.2,0.5157,0,0.0
P0000355,79,M,A,sedan,29712,63.1,0.8107,0,0.0
P0000356,80,M,B,truck,28120,62.5,0.6319,2,21707.48
P0000357,27,M,A,sedan,11152,9.6,0.7275,1,1228.76
P0000358,74,F,A,sedan,7682,57.8,0.5894,0,0.0
P0000359,23,F,B,suv,27423,4.8,0.9933,0,0.0
P0000360,65,M,A,sedan,7834,45.0,0.6037,0,0.0
P0000361,71,M,C,suv,22977,52.2,0.7085,2,10237.05
P0000362,74,F,B,sedan,12907,57.3,0.6273,0,0.0
P0000363,32,F,B,sedan,27262,11.4,0.7708,0,0.0
P0000364,74,M,C,sedan,33599,56.0,0.9527,0,0.0
P0000365,25,M,B,sedan,31089,10.2,0.5817,0,0.0
P0000366,50,M,C,suv,28247,32.9,0.5704,0,0.0
P0000367,47,F,C,truck,24921,30.4,0.537,0,0.0
P0000368,37,M,B,suv,7376,21.1,0.7947,0,0.0
P0000369,19,M,A,sedan,34449,1.4,0.801,0,0.0
P0000370,66,F,A,truck,33486,52.8,0.9107,0,0.0
P0000371,39,F,C,suv,6933,18.8,0.918,0,0.0
P0000372,59,M,A,sedan,29284,40.8,0.551,0,0.0
P0000373,43,F,C,sedan,8316,29.7,0.9553,0,0.0
P0000374,41,M,A,sedan,23712,22.8,0.9147,0,0.0
P0000375,73,M,B,sedan,12740,55.1,0.8236,1,5481.49
P0000376,23,M,A,sedan,8935,3.1,0.6735,0,0.0
P0000377,64,F,C,sedan,12141,43.6,0.8728,0,0.0
P0000378,65,M,A,truck,14923,44.2,0.8103,1,7210.14
P0000379,41,F,A,sedan,15826,24.6,0.6765,0,0.0
P0000380,34,M,C,sedan,14321,15.9,0.5066,1,5758.95
P0000381,18,F,A,truck,19350,2.0,0.7962,0,0.0
P0000382,77,M,A,suv,24841,58.0,0.7882,0,0.0
P0000383,77,M,C,sedan,19384,64.3,0.5773,0,0.0
P0000384,33,F,C,sedan,23223,18.6,0.9532,0,0.0
P0000385,20,F,A,suv,16933,3.9,0.5796,0,0.0
P0000386,25,M,B,sedan,13594,8.1,0.6435,0,0.0
P0000387,22,F,A,suv,9589,4.7,0.686,0,0.0
P0000388,70,F,A,truck,14644,50.5,0.8415,0,0.0
P0000389,74,F,B,suv,10958,58.3,0.5408,0,0.0
P0000390,27,M,A,truck,21071,12.6,0.8512,0,0.0
P0000391,65,M,B,suv,25291,48.8,0.7072,0,0.0
P0000392,29,F,A,suv,31207,13.2,0.5915,0,0.0
P0000393,41,M,C,sedan,14138,22.9,0.556,0,0.0
P0000394,55,F,B,sedan,8912,34.9,0.7062,0,0.0
P0000395,63,F,A,sedan,30276,43.1,0.723,0,0.0
P0000396,73,F,C,suv,27497,53.8,0.5687,0,0.0
P0000397,20,F,C,sedan,14814,4.1,0.7412,0,0.0
P0000398,30,F,A,suv,35865,13.3,0.7512,0,0.0
P0000399,35,M,C,sedan,24891,17.2,0.9905,1,1478.65
P0000400,37,F,A,suv,28241,21.5,0.8567,1,663.26
P0000401,80,M,A,sedan,15890,64.4,0.5061,0,0.0
P0000402,66,F,A,truck,18688,48.3,0.7384,0,0.0
P0000403,38,F,A,sedan,15822,23.7,0.5108,0,0.0
P0000404,79,F,B,suv,27681,59.8,0.7556,0,0.0
P0000405,49,M,B,suv,30264,32.8,0.669,0,0.0
P0000406,49,M,C,sedan,31681,30.9,0.9518,0,0.0
P0000407,45,F,A,truck,15301,27.6,0.7466,0,0.0
P0000408,27,F,A,truck,28823,7.5,0.925,1,2611.66
P0000409,76,F,A,suv,26188,63.3,0.7919,0,0.0
P0000410,18,M,A,truck,5395,0.0,0.6983,0,0.0
P0000411,28,F,C,sedan,29645,8.5,0.6149,0,0.0
P0000412,32,M,B,truck,9076,14.4,0.5916,0,0.0
P0000413,35,F,C,truck,8985,17.0,0.8973,1,4970.13
P0000414,26,F,B,suv,8321,7.8,0.9415,0,0.0
P0000415,19,M,A,truck,22022,3.8,0.662,0,0.0
P0000416,60,F,A,suv,5986,42.9,0.7473,0,0.0
P0000417,79,F,B,suv,20641,60.2,0.6438,0,0.0
P0000418,25,M,C,suv,27150,11.6,0.7276,0,0.0
P0000419,36,F,A,sedan,21600,18.1,0.9347,0,0.0
P0000420,49,F,A,suv,13288,31.8,0.569,0,0.0
P0000421,76,F,B,sedan,15353,57.7,0.6457,0,0.0
P0000422,61,F,A,suv,27380,46.5,0.8476,0,0.0
P0000423,66,M,B,suv,15525,50.5,0.6553,0,0.0
P0000424,54,F,A,sedan,25649,39.8,0.5406,0,0.0
P0000425,44,M,B,sedan,26315,29.8,0.6872,0,0.0
P0000426,30,M,A,sedan,21231,11.3,0.8382,0,0.0
P0000427,72,M,C,suv,16531,56.2,0.992,0,0.0
P0000428,68,M,B,sedan,6851,52.3,0.9461,0,0.0
P0000429,19,M,A,sedan,28078,0.0,0.7809,0,0.0
P0000430,63,M,C,sedan,14464,46.7,0.8887,2,4527.78
P0000431,23,F,C,sedan,19098,4.1,0.7857,0,0.0
P0000432,64,F,B,sedan,5840,49.1,0.7469,0,0.0
P0000433,70,M,C,sedan,28007,53.7,0.5853,0,0.0
P0000434,26,F,C,suv,33210,10.8,0.6461,1,6354.12
P0000435,45,M,A,suv,32232,26.9,0.7261,0,0.0
P0000436,25,F,A,truck,14567,8.4,0.9928,0,0.0
P0000437,53,M,A,sedan,7758,34.5,0.8043,0,0.0
P0000438,76,F,B,sedan,7943,58.7,0.9724,0,0.0
P0000439,23,M,C,sedan,16783,9.9,0.6293,0,0.0
P0000440,43,F,B,suv,5078,26.5,0.5345,0,0.0
P0000441,79,F,A,sedan,10548,65.1,0.9892,0,0.0
P0000442,36,M,C,sedan,23956,18.3,0.6648,0,0.0
P0000443,26,M,B,suv,6299,7.9,0.7677,0,0.0
P0000444,48,M,A,sedan,24250,29.7,0.5356,0,0.0
P0000445,50,M,C,suv,31901,33.2,0.9302,2,10776.45
P0000446,59,F,A,suv,35842,45.3,0.5003,0,0.0
P0000447,37,M,B,truck,35121,19.6,0.953,0,0.0
P0000448,78,F,B,sedan,13946,60.2,0.5827,0,0.0
P0000449,50,M,C,sedan,25015,33.4,0.5917,0,0.0
P0000450,36,F,A,suv,6442,18.8,0.9129,0,0.0
P0000451,78,F,A,sedan,12391,64.8,0.6931,0,0.0
P0000452,76,M,B,sedan,29160,58.9,0.628,0,0.0
P0000453,49,M,C,sedan,11354,32.2,0.7982,0,0.0
P0000454,19,F,A,sedan,14442,4.4,0.6272,0,0.0
P0000455,55,M,A,sedan,17723,36.9,0.6433,0,0.0
P0000456,52,M,C,suv,15250,36.0,0.5228,0,0.0
P0000457,27,F,C,truck,27923,9.5,0.7697,0,0.0
P0000458,57,M,A,sedan,33139,39.0,0.5647,0,0.0
P0000459,70,F,A,suv,21690,52.3,0.9186,0,0.0
P0000460,24,F,B,truck,22836,9.7,0.8755,1,1307.11
P0000461,63,M,B,sedan,27686,46.8,0.6427,0,0.0
P0000462,26,F,B,suv,17410,4.7,0.7669,0,0.0
P0000463,65,F,C,sedan,19090,45.2,0.7887,0,0.0
P0000464,44,M,A,truck,34467,25.3,0.8332,0,0.0
P0000465,18,F,C,sedan,16941,0.5,0.7095,0,0.0
P0000466,78,M,A,sedan,13224,63.0,0.8263,0,0.0
P0000467,28,M,C,truck,5653,11.3,0.5847,0,0.0
P0000468,55,F,A,suv,5665,38.8,0.7355,0,0.0
P0000469,29,F,A,sedan,28832,12.2,0.547,0,0.0
P0000470,76,F,A,suv,12157,61.9,0.9705,1,8538.76
P0000471,64,M,A,truck,27951,45.1,0.7007,0,0.0
P0000472,68,F,B,sedan,6367,56.4,0.8087,0,0.0
P0000473,45,M,B,sedan,29647,26.3,0.7449,0,0.0
P0000474,47,F,C,sedan,17640,28.2,0.5134,0,0.0
P0000475,57,M,B,truck,30293,35.3,0.5314,0,0.0
P0000476,67,F,B,sedan,30763,50.5,0.6323,0,0.0
P0000477,71,F,A,sedan,22684,55.0,0.8375,0,0.0
P0000478,19,F,C,sedan,35230,1.8,0.8207,0,0.0
P0000479,59,M,A,sedan,34319,40.9,0.594,0,0.0
P0000480,24,M,A,suv,26709,7.2,0.7443,0,0.0
P0000481,36,F,A,sedan,20254,21.4,0.6835,0,0.0
P0000482,70,F,A,sedan,33709,51.9,0.7843,0,0.0
P0000483,33,F,B,sedan,35054,16.0,0.6673,0,0.0
P0000484,68,F,A,sedan,17664,53.0,0.9481,0,0.0
P0000485,47,M,A,sedan,15056,33.2,0.7362,0,0.0
P0000486,32,M,C,sedan,14383,10.1,0.7133,0,0.0
P0000487,39,M,A,suv,33993,20.3,0.8517,0,0.0
P0000488,51,F,B,sedan,9780,32.9,0.8903,0,0.0
P0000489,66,F,A,sedan,5098,49.2,0.7188,0,0.0
P0000490,56,M,C,suv,20527,37.6,0.5545,0,0.0
P0000491,76,F,B,suv,34491,61.1,0.5425,2,8480.98
P0000492,72,M,A,suv,15135,54.6,0.6634,0,0.0
P0000493,65,F,C,truck,20640,47.5,0.8663,0,0.0
P0000494,55,F,B,sedan,8333,40.1,0.8268,0,0.0
P0000495,36,M,A,sedan,30431,19.2,0.6439,0,0.0
P0000496,43,F,B,sedan,33889,26.8,0.5022,0,0.0
P0000497,25,M,B,sedan,24657,9.5,0.8213,0,0.0
P0000498,41,F,A,truck,8834,25.1,0.7822,0,0.0
P0000499,76,F,A,suv,8034,62.4,0.8862,0,0.0
P0000500,44,F,A,suv,27931,24.9,0.8431,0,0.0
P0000501,25,F,B,truck,8979,4.9,0.6235,1,2222.88
P0000502,59,F,C,truck,7110,43.9,0.8664,0,0.0
P0000503,78,F,B,sedan,32594,58.8,0.7432,0,0.0
P0000504,72,M,C,truck,21340,55.1,0.7874,0,0.0
P0000505,35,M,A,sedan,23446,18.0,0.6785,0,0.0
P0000506,46,F,C,sedan,25918,31.6,0.8953,0,0.0
P0000507,51,F,C,suv,15683,35.1,0.598,0,0.0
P0000508,33,F,B,truck,12270,14.9,0.6023,0,0.0
P0000509,34,M,A,suv,21095,19.0,0.6187,0,0.0
P0000510,32,M,A,sedan,7345,16.5,0.8948,0,0.0
P0000511,80,F,A,truck,14150,64.0,0.8641,0,0.0
P0000512,64,M,B,sedan,23394,53.8,0.6348,0,0.0
P0000513,70,F,C,suv,34232,52.3,0.5719,0,0.0
P0000514,69,F,A,sedan,23690,50.7,0.5141,0,0.0
P0000515,78,F,A,sedan,28295,60.3,0.8419,0,0.0
P0000516,24,M,A,sedan,14671,5.1,0.7694,0,0.0
P0000517,73,F,B,truck,6768,56.9,0.8512,0,0.0
P0000518,22,F,B,truck,16661,1.4,0.8541,0,0.0
P0000519,47,F,A,sedan,26425,31.7,0.9224,0,0.0
P0000520,55,M,C,sedan,6413,38.4,0.708,0,0.0
P0000521,40,F,A,sedan,31847,23.6,0.9136,0,0.0
P0000522,27,F,B,suv,14169,9.6,0.7179,1,1064.3
P0000523,30,F,B,suv,26317,13.5,0.8539,0,0.0
P0000524,69,M,A,suv,32360,52.2,0.7756,0,0.0
P0000525,38,F,B,sedan,23954,22.4,0.9607,0,0.0
P0000526,37,M,B,sedan,10310,20.9,0.6851,0,0.0
P0000527,76,F,B,truck,12925,63.5,0.8449,0,0.0
P0000528,27,F,C,suv,19509,8.4,0.799,1,737.71
P0000529,75,M,B,sedan,35349,60.0,0.9993,1,3177.92
P0000530,76,M,A,sedan,25981,60.0,0.5386,0,0.0
P0000531,55,F,C,sedan,24112,40.1,0.7991,0,0.0
P0000532,28,M,C,sedan,29889,9.9,0.6162,0,0.0
P0000533,27,F,A,sedan,9384,11.1,0.9421,0,0.0
P0000534,35,F,C,suv,7515,22.9,0.8972,0,0.0
P0000535,54,M,C,sedan,23084,36.4,0.8309,0,0.0
P0000536,27,M,A,sedan,23346,11.5,0.7402,0,0.0
P0000537,46,F,B,suv,12980,29.0,0.8406,0,0.0
P0000538,25,M,A,sedan,24445,6.3,0.7772,1,2477.47
P0000539,52,F,B,sedan,9745,37.0,0.6436,0,0.0
P0000540,19,F,C,truck,11118,2.1,0.9097,0,0.0
P0000541,62,M,A,sedan,32711,46.5,0.7563,0,0.0
P0000542,21,M,B,suv,5956,2.0,0.6286,0,0.0
P0000543,30,M,A,sedan,22291,12.8,0.8322,0,0.0
P0000544,29,M,B,sedan,31175,12.0,0.5093,0,0.0
P0000545,70,M,C,sedan,27102,55.5,0.86,0,0.0
P0000546,21,F,A,suv,18642,2.5,0.7352,0,0.0
P0000547,45,M,B,sedan,14747,26.2,0.8172,0,0.0
P0000548,55,M,A,suv,6884,39.5,0.5786,0,0.0
P0000549,50,M,B,sedan,8852,32.7,0.8591,0,0.0
P0000550,60,F,B,suv,22918,41.8,0.8616,0,0.0
P0000551,68,F,B,sedan,21383,46.6,0.8708,0,0.0
P0000552,42,F,A,sedan,16684,24.2,0.7336,1,372.74
P0000553,70,F,B,suv,14066,53.0,0.8203,0,0.0
P0000554,38,F,B,sedan,7486,21.3,0.7746,0,0.0
P0000555,80,M,B,sedan,8819,63.2,0.6165,0,0.0
P0000556,49,M,B,suv,13900,30.5,0.5115,0,0.0
P0000557,64,F,C,suv,33635,48.8,0.7068,0,0.0
P0000558,73,F,A,suv,15131,54.1,0.9075,0,0.0
P0000559,67,M,A,sedan,8587,53.1,0.6611,0,0.0
P0000560,71,F,C,sedan,22822,52.7,0.8745,0,0.0
P0000561,51,M,A,sedan,8921,32.1,0.8198,0,0.0
P0000562,20,F,C,sedan,17503,1.4,0.6766,0,0.0
P0000563,49,F,B,sedan,27567,31.5,0.5003,0,0.0
P0000564,29,F,C,sedan,8316,11.2,0.7155,0,0.0
P0000565,74,M,B,sedan,33609,57.8,0.6964,1,9287.77
P0000566,32,F,C,suv,24695,17.2,0.5694,0,0.0
P0000567,32,M,B,sedan,33344,14.5,0.9094,0,0.0
P0000568,33,F,B,sedan,27592,15.9,0.9777,0,0.0
P0000569,58,F,A,sedan,34941,39.2,0.5606,0,0.0
P0000570,53,M,A,sedan,20726,36.3,0.6155,0,0.0
P0000571,77,F,A,suv,5505,59.7,0.8162,0,0.0
P0000572,44,F,C,sedan,6963,26.4,0.9754,0,0.0
P0000573,35,F,A,sedan,10681,16.9,0.967,0,0.0
P0000574,21,M,C,truck,8199,2.1,0.9657,0,0.0
P0000575,18,F,B,sedan,30043,2.9,0.7201,0,0.0
P0000576,41,F,A,sedan,34284,22.6,0.993,0,0.0
P0000577,76,M,C,suv,24271,59.4,0.6823,0,0.0
P0000578,50,M,A,suv,10870,31.7,0.5433,0,0.0
P0000579,74,M,B,truck,35353,54.0,0.8522,0,0.0
P0000580,24,M,B,truck,14532,11.2,0.7781,0,0.0
P0000581,23,M,A,suv,32347,3.6,0.8997,0,0.0
P0000582,70,F,A,sedan,26312,53.2,0.8106,1,2743.21
P0000583,24,F,B,sedan,18572,8.7,0.9103,0,0.0
P0000584,21,M,A,sedan,29546,4.9,0.6719,0,0.0
P0000585,43,M,C,suv,25581,28.1,0.644,0,0.0
P0000586,76,M,B,truck,33241,58.0,0.8786,2,12043.8
P0000587,61,M,A,sedan,23838,46.1,0.7489,0,0.0
P0000588,24,F,A,truck,17250,4.6,0.5897,0,0.0
P0000589,70,F,A,suv,7935,51.6,0.6875,0,0.0
P0000590,71,M,C,sedan,35761,53.5,0.9003,0,0.0
P0000591,68,F,B,truck,29188,55.1,0.962,0,0.0
P0000592,74,M,A,suv,8220,59.6,0.8802,0,0.0
P0000593,33,M,B,sedan,23811,16.2,0.8591,0,0.0
P0000594,79,F,B,sedan,30622,62.1,0.9058,0,0.0
P0000595,38,M,B,sedan,26696,19.1,0.6003,0,0.0
P0000596,68,M,A,sedan,13435,56.8,0.7898,0,0.0
P0000597,54,M,A,suv,9283,38.5,0.7971,0,0.0
P0000598,67,F,A,truck,34049,48.3,0.973,1,5661.97
P0000599,57,M,B,suv,16480,40.7,0.5077,0,0.0
P0000600,58,F,B,truck,31945,41.9,0.9853,0,0.0
P0000601,56,M,A,truck,19430,42.2,0.863,1,4927.04
P0000602,67,F,A,sedan,28630,47.9,0.5112,0,0.0
P0000603,64,M,B,suv,12531,48.0,0.7594,0,0.0
P0000604,26,M,A,suv,23716,6.8,0.5349,0,0.0
P0000605,70,M,B,sedan,22368,50.1,0.8017,0,0.0
P0000606,51,M,B,sedan,11648,31.4,0.7258,0,0.0
P0000607,38,F,A,suv,26111,21.1,0.8862,0,0.0
P0000608,50,M,B,truck,19319,34.0,0.7897,0,0.0
P0000609,78,F,A,truck,25259,62.1,0.8932,0,0.0
P0000610,72,M,B,sedan,6078,51.1,0.6844,0,0.0
P0000611,70,F,A,suv,8811,53.4,0.9284,0,0.0
P0000612,47,M,B,sedan,26991,27.9,0.9332,0,0.0
P0000613,67,F,B,truck,35874,49.0,0.8277,0,0.0
P0000614,42,M,A,suv,8592,25.8,0.6319,0,0.0
P0000615,61,M,B,truck,5786,44.5,0.9957,0,0.0
P0000616,58,F,C,truck,13006,38.6,0.9089,0,0.0
P0000617,33,F,C,sedan,6323,15.9,0.9258,0,0.0
P0000618,34,M,A,truck,12596,17.9,0.5058,0,0.0
P0000619,21,M,A,suv,26453,5.6,0.9131,0,0.0
P0000620,26,F,A,sedan,29426,8.4,0.6089,1,4006.51
P0000621,45,F,C,sedan,24557,29.0,0.7541,0,0.0
P0000622,48,F,B,suv,17420,29.8,0.8521,0,0.0
P0000623,28,M,A,sedan,9802,5.9,0.7051,0,0.0
P0000624,44,M,B,sedan,21570,26.0,0.6218,0,0.0
P0000625,56,F,A,suv,34911,35.4,0.7501,0,0.0
P0000626,32,M,B,sedan,11467,16.4,0.6499,0,0.0
P0000627,39,M,B,sedan,21818,20.6,0.8077,0,0.0
P0000628,41,M,B,suv,15357,21.5,0.5549,0,0.0
P0000629,49,F,B,sedan,16092,29.2,0.7042,0,0.0
P0000630,41,F,A,suv,20868,21.4,0.7958,0,0.0
P0000631,64,F,B,sedan,10244,47.0,0.9953,0,0.0
P0000632,38,F,B,truck,11020,19.2,0.7477,0,0.0
P0000633,45,F,A,sedan,6271,30.0,0.7129,0,0.0
P0000634,41,F,C,truck,26384,20.8,0.9946,1,639.27
P0000635,29,F,C,suv,33176,13.9,0.9627,0,0.0
P0000636,61,M,C,truck,18927,41.5,0.8365,0,0.0
P0000637,32,F,B,suv,24227,12.9,0.7724,0,0.0
P0000638,36,M,A,sedan,35493,16.9,0.6354,0,0.0
P0000639,67,F,B,sedan,28538,45.9,0.8119,0,0.0
P0000640,77,M,A,suv,12642,57.9,0.917,0,0.0
P0000641,60,F,A,suv,29049,45.7,0.9908,0,0.0
P0000642,75,M,B,suv,17277,56.8,0.5855,0,0.0
P0000643,71,M,A,sedan,34734,57.8,0.637,0,0.0
P0000644,48,F,A,suv,33664,31.2,0.9422,0,0.0
P0000645,66,M,C,sedan,6285,49.8,0.9305,0,0.0
P0000646,38,F,A,suv,32465,19.7,0.8583,0,0.0
P0000647,47,M,B,suv,12447,31.6,0.5519,0,0.0
P0000648,51,F,C,sedan,20009,35.6,0.8531,0,0.0
P0000649,78,F,B,suv,28222,60.0,0.7345,0,0.0
P0000650,71,F,A,sedan,8831,51.7,0.6856,0,0.0
P0000651,48,M,B,suv,5495,31.0,0.6253,0,0.0
P0000652,59,F,C,suv,17672,37.4,0.659,0,0.0
P0000653,30,M,C,sedan,23031,13.7,0.7679,0,0.0
P0000654,68,F,A,sedan,23207,49.6,0.581,0,0.0
P0000655,52,F,A,suv,34521,34.3,0.7547,0,0.0
P0000656,51,F,B,suv,12881,34.7,0.5241,0,0.0
P0000657,66,M,A,sedan,27078,46.4,0.7053,0,0.0
P0000658,57,M,C,sedan,10925,41.8,0.98,0,0.0
P0000659,22,F,B,sedan,18946,9.2,0.8695,0,0.0
P0000660,36,M,C,suv,21474,19.3,0.5343,0,0.0
P0000661,29,F,C,sedan,18312,12.5,0.8439,1,2183.68
P0000662,64,F,B,suv,10456,44.9,0.5981,0,0.0
P0000663,20,M,C,suv,10903,5.5,0.7371,0,0.0
P0000664,30,F,B,truck,32110,12.0,0.6471,0,0.0
P0000665,55,F,A,truck,34466,37.2,0.9671,0,0.0
P0000666,61,M,C,sedan,7301,43.4,0.5272,1,8005.02
P0000667,49,F,B,suv,12207,29.9,0.9405,0,0.0
P0000668,72,M,C,suv,35609,55.0,0.8507,0,0.0
P0000669,75,M,A,truck,8619,57.9,0.6814,0,0.0
P0000670,26,M,A,suv,21676,8.1,0.9398,0,0.0
P0000671,78,M,C,sedan,13973,61.2,0.7032,0,0.0
P0000672,56,M,A,truck,35490,41.7,0.8492,0,0.0
P0000673,58,F,B,sedan,28088,41.8,0.8939,0,0.0
P0000674,23,M,B,truck,28296,6.5,0.6432,0,0.0
P0000675,57,F,A,sedan,7033,41.1,0.5361,0,0.0
P0000676,63,M,A,sedan,9739,46.6,0.9341,0,0.0
P0000677,54,F,C,truck,29638,36.6,0.6156,0,0.0
P0000678,23,M,A,suv,12050,6.5,0.9659,0,0.0
P0000679,50,M,B,suv,18463,31.3,0.6575,0,0.0
P0000680,76,F,B,sedan,8315,57.3,0.7074,0,0.0
P0000681,63,M,B,sedan,5688,50.8,0.7152,0,0.0
P0000682,26,F,B,sedan,27601,11.9,0.7339,0,0.0
P0000683,78,F,A,suv,10500,65.8,0.9814,1,3959.11
P0000684,78,M,C,sedan,10228,61.5,0.6225,2,8636.67
P0000685,28,F,A,sedan,31137,11.7,0.8041,0,0.0
P0000686,68,F,A,sedan,27151,50.7,0.6471,0,0.0
P0000687,43,F,C,truck,11628,24.3,0.5655,0,0.0
P0000688,55,F,A,truck,31644,38.1,0.6444,0,0.0
P0000689,46,M,A,sedan,35083,30.2,0.7762,0,0.0
P0000690,67,M,C,truck,17763,50.0,0.8035,0,0.0
P0000691,80,M,A,sedan,19084,64.0,0.6319,1,4113.36
P0000692,68,F,A,sedan,25492,54.0,0.9937,1,4958.77
P0000693,76,M,B,sedan,9560,57.1,0.6814,1,3562.46
P0000694,77,M,C,truck,32751,59.2,0.916,1,12661.71
P0000695,23,M,C,sedan,8879,3.1,0.5175,0,0.0
P0000696,33,F,C,sedan,28346,18.5,0.8476,0,0.0
P0000697,63,F,C,truck,22886,49.2,0.6517,0,0.0
P0000698,55,M,A,suv,9053,39.9,0.7684,0,0.0
P0000699,21,M,B,suv,18699,3.2,0.9183,0,0.0
P0000700,23,F,A,suv,14067,4.3,0.8624,0,0.0
P0000701,50,M,C,suv,34056,32.4,0.6798,0,0.0
P0000702,56,F,C,sedan,21604,38.7,0.8662,0,0.0
P0000703,28,F,A,suv,16405,9.3,0.707,0,0.0
P0000704,28,M,C,sedan,13192,11.9,0.5317,0,0.0
P0000705,26,M,B,sedan,9423,6.9,0.8328,1,2223.77
P0000706,53,F,A,truck,20683,32.0,0.9684,0,0.0
P0000707,18,M,B,sedan,20795,3.1,0.5418,0,0.0
P0000708,54,M,C,sedan,34537,37.5,0.8438,0,0.0
P0000709,47,F,A,sedan,25091,32.8,0.9199,0,0.0
P0000710,47,M,A,truck,19048,31.9,0.7983,0,0.0
P0000711,60,M,C,truck,16545,42.2,0.7427,0,0.0
P0000712,50,M,B,sedan,13111,36.4,0.6186,0,0.0
P0000713,63,M,B,sedan,25048,47.6,0.5969,0,0.0
P0000714,66,M,B,suv,9543,46.9,0.6981,0,0.0
P0000715,75,F,B,suv,5187,57.6,0.8206,0,0.0
P0000716,68,F,A,sedan,32934,49.5,0.6573,1,2826.84
P0000717,50,M,A,sedan,6040,35.6,0.7442,0,0.0
P0000718,49,M,C,suv,12123,31.9,0.8,0,0.0
P0000719,32,F,B,sedan,22310,11.2,0.605,0,0.0
P0000720,55,F,B,suv,11002,39.3,0.8707,0,0.0
P0000721,26,M,C,sedan,25773,10.0,0.8143,0,0.0
P0000722,76,F,A,truck,22085,57.8,0.7959,1,4617.11
P0000723,71,F,C,suv,7327,55.8,0.7391,1,10379.05
P0000724,25,M,C,suv,19313,6.6,0.6824,0,0.0
P0000725,67,M,C,suv,30745,53.6,0.7744,2,6728.52
P0000726,25,M,A,sedan,16955,12.9,0.8829,0,0.0
P0000727,63,M,A,sedan,26002,45.4,0.853,0,0.0
P0000728,23,F,B,suv,22938,8.0,0.8689,0,0.0
P0000729,48,M,C,suv,19277,32.1,0.6047,0,0.0
P0000730,59,F,C,truck,22651,40.2,0.8898,0,0.0
P0000731,63,F,B,sedan,20098,44.8,0.6677,0,0.0
P0000732,44,M,B,suv,7120,29.5,0.6165,0,0.0
P0000733,76,M,A,sedan,18527,58.0,0.5608,0,0.0
P0000734,66,M,B,sedan,17862,49.6,0.9152,0,0.0
P0000735,31,F,C,sedan,29144,13.2,0.8116,1,1516.1
P0000736,60,M,C,truck,27350,43.0,0.9207,2,8570.54
P0000737,64,M,A,suv,22786,50.0,0.7807,0,0.0
P0000738,39,M,C,sedan,16832,23.4,0.9301,0,0.0
P0000739,64,M,A,suv,24530,51.8,0.7783,0,0.0
P0000740,74,F,B,sedan,35927,56.6,0.8229,0,0.0
P0000741,69,M,B,sedan,30947,51.2,0.5282,0,0.0
P0000742,66,M,B,sedan,12296,50.4,0.8348,0,0.0
P0000743,57,M,C,sedan,13692,40.2,0.7989,0,0.0
P0000744,35,M,B,sedan,20387,19.9,0.621,0,0.0
P0000745,68,M,A,sedan,25473,48.5,0.5564,0,0.0
P0000746,40,F,A,suv,25891,25.6,0.6736,0,0.0
P0000747,51,F,B,truck,29277,34.6,0.5301,0,0.0
P0000748,37,M,B,truck,21983,22.6,0.8004,1,5197.23
P0000749,37,M,B,sedan,30554,19.5,0.773,0,0.0
P0000750,27,M,A,suv,6211,7.9,0.9589,0,0.0
P0000751,78,F,A,sedan,11735,65.2,0.7588,1,5850.31
P0000752,27,F,C,sedan,20923,8.7,0.8649,0,0.0
P0000753,23,M,B,suv,21194,2.7,0.832,0,0.0
P0000754,76,M,B,sedan,34959,58.7,0.8498,1,4202.29
P0000755,52,F,B,suv,25444,36.3,0.6568,0,0.0
P0000756,45,M,A,truck,17606,28.1,0.7077,0,0.0
P0000757,64,F,A,sedan,23184,48.1,0.5599,0,0.0
P0000758,42,F,A,truck,8601,21.1,0.8252,0,0.0
P0000759,26,F,B,sedan,17133,7.3,0.6512,0,0.0
P0000760,63,F,A,truck,5659,44.2,0.7744,0,0.0
P0000761,29,F,A,suv,9653,7.7,0.9608,0,0.0
P0000762,52,M,C,sedan,17780,32.3,0.8415,0,0.0
P0000763,77,M,A,sedan,5155,60.2,0.6338,0,0.0
P0000764,76,M,B,sedan,10744,58.9,0.7573,0,0.0
P0000765,40,F,A,suv,32717,18.3,0.8011,0,0.0
P0000766,67,F,A,sedan,30875,51.5,0.9251,0,0.0
P0000767,56,F,A,truck,22625,39.3,0.8969,0,0.0
P0000768,48,M,C,sedan,34519,33.0,0.6576,0,0.0
P0000769,26,F,B,truck,5957,12.6,0.9598,0,0.0
P0000770,41,M,B,sedan,34156,25.8,0.5737,0,0.0
P0000771,59,M,C,suv,20380,43.7,0.638,0,0.0
P0000772,80,M,A,truck,16610,64.3,0.5169,0,0.0
P0000773,18,F,B,sedan,29510,0.0,0.6556,1,1551.6
P0000774,63,M,A,sedan,19097,46.0,0.707,0,0.0
P0000775,71,F,B,suv,23642,52.0,0.6207,0,0.0
P0000776,77,F,C,suv,14767,59.7,0.5063,0,0.0
P0000777,44,M,A,truck,21246,26.6,0.5053,0,0.0
P0000778,25,M,C,sedan,9000,8.6,0.962,0,0.0
P0000779,35,M,B,truck,11662,14.1,0.8674,0,0.0
P0000780,71,F,A,truck,22330,54.8,0.8492,0,0.0
P0000781,73,M,A,suv,34255,54.2,0.8929,0,0.0
P0000782,58,M,B,sedan,10772,43.4,0.8471,0,0.0
P0000783,25,F,B,sedan,22932,8.5,0.5307,0,0.0
P0000784,25,M,A,truck,6841,4.0,0.9629,0,0.0
P0000785,48,F,B,suv,20693,29.6,0.7144,0,0.0
P0000786,55,M,A,suv,31332,40.8,0.7267,0,0.0
P0000787,20,M,C,truck,15519,5.1,0.9433,1,3362.79
P0000788,61,M,A,sedan,29753,40.8,0.6023,0,0.0
P0000789,52,M,B,suv,17185,34.8,0.6564,0,0.0
P0000790,18,F,C,suv,33714,1.6,0.9275,1,1636.15
P0000791,24,M,B,truck,24490,8.6,0.7598,0,0.0
P0000792,46,M,C,suv,15149,29.6,0.7101,0,0.0
P0000793,63,F,C,sedan,13221,43.2,0.9773,0,0.0
P0000794,70,F,A,sedan,31992,54.4,0.9444,1,1856.46
P0000795,45,M,A,truck,19908,29.2,0.9437,0,0.0
P0000796,36,M,B,suv,17352,17.8,0.6061,0,0.0
P0000797,79,F,A,sedan,23188,64.1,0.9219,0,0.0
P0000798,46,M,B,truck,7256,30.9,0.8283,1,4281.32
P0000799,37,M,A,sedan,10699,20.0,0.8458,0,0.0
P0000800,45,F,C,sedan,19193,27.9,0.5239,0,0.0
P0000801,18,F,B,truck,14024,2.6,0.7779,0,0.0
P0000802,37,M,B,suv,22167,19.1,0.6093,0,0.0
P0000803,50,M,B,truck,15799,32.6,0.9636,0,0.0
P0000804,75,M,C,truck,18394,61.9,0.7808,0,0.0
P0000805,64,F,B,suv,29155,45.4,0.8087,0,0.0
P0000806,67,M,C,sedan,29348,51.1,0.6216,0,0.0
P0000807,52,M,C,truck,14066,33.4,0.7107,1,2401.97
P0000808,24,M,A,suv,15906,2.8,0.7647,0,0.0
P0000809,42,F,A,suv,24835,25.1,0.906,0,0.0
P0000810,80,M,A,suv,33552,64.3,0.8058,0,0.0
P0000811,20,F,B,sedan,21877,0.2,0.5565,0,0.0
P0000812,73,F,B,sedan,7299,57.7,0.7254,0,0.0
P0000813,61,M,A,suv,23477,40.2,0.6478,0,0.0
P0000814,35,M,C,suv,27332,18.9,0.7695,0,0.0
P0000815,67,M,A,sedan,34035,51.3,0.7349,0,0.0
P0000816,70,M,C,sedan,33798,48.3,0.5112,0,0.0
P0000817,20,F,B,sedan,26406,2.3,0.6038,0,0.0
P0000818,24,F,B,suv,22148,3.8,0.83,1,919.97
P0000819,59,F,A,sedan,10193,42.1,0.7722,0,0.0
P0000820,80,F,B,suv,32239,63.2,0.5266,1,19073.31
P0000821,19,M,C,suv,19776,7.9,0.7988,0,0.0
P0000822,59,M,A,sedan,26446,40.0,0.7516,0,0.0
P0000823,26,M,B,suv,27787,8.2,0.5751,0,0.0
P0000824,58,F,B,truck,5450,41.2,0.501,0,0.0
P0000825,57,F,A,sedan,16570,38.8,0.6677,0,0.0
P0000826,23,F,B,sedan,25808,5.9,0.8898,0,0.0
P0000827,60,M,B,sedan,19679,44.9,0.5665,0,0.0
P0000828,74,F,C,suv,25353,56.3,0.9722,1,808.58
P0000829,72,M,B,truck,22433,55.4,0.7712,0,0.0
P0000830,19,M,A,suv,5000,0.5,0.8792,1,176.31
P0000831,33,M,C,truck,14478,16.6,0.9884,1,2828.55
P0000832,33,F,A,suv,17683,16.9,0.6313,0,0.0
P0000833,46,F,C,sedan,16927,30.1,0.7914,0,0.0
P0000834,27,M,B,sedan,6202,11.8,0.6703,0,0.0
P0000835,71,M,A,suv,5575,55.0,0.5423,0,0.0
P0000836,66,F,B,suv,14082,48.1,0.8968,0,0.0
P0000837,68,M,A,suv,31385,52.5,0.506,0,0.0
P0000838,30,F,C,suv,35584,15.4,0.9344,0,0.0
P0000839,18,F,C,sedan,30939,0.0,0.8973,0,0.0
P0000840,75,F,B,sedan,34148,58.3,0.8192,0,0.0
P0000841,36,F,B,suv,33710,17.5,0.7956,0,0.0
P0000842,59,F,B,suv,26230,42.4,0.9228,0,0.0
P0000843,75,F,B,truck,8806,59.1,0.5279,0,0.0
P0000844,20,M,A,sedan,16372,6.5,0.8682,0,0.0
P0000845,18,F,C,truck,27817,3.3,0.5902,1,3498.02
P0000846,18,M,A,sedan,17290,2.7,0.5102,0,0.0
P0000847,27,M,A,sedan,13333,9.4,0.6561,0,0.0
P0000848,21,F,A,truck,6184,4.2,0.6636,0,0.0
P0000849,69,F,C,truck,15498,54.1,0.5963,0,0.0
P0000850,56,M,C,truck,15486,44.6,0.8554,1,3834.74
P0000851,79,M,A,sedan,30224,61.1,0.7795,0,0.0
P0000852,68,M,A,sedan,29315,49.2,0.96,0,0.0
P0000853,78,F,C,suv,8506,59.1,0.8808,0,0.0
P0000854,33,F,B,truck,21099,17.9,0.9131,0,0.0
P0000855,36,F,C,suv,32990,16.9,0.9513,1,2211.91
P0000856,71,M,C,sedan,19777,52.9,0.9032,1,14878.94
P0000857,33,M,C,suv,34648,14.9,0.5591,0,0.0
P0000858,21,F,A,sedan,7824,5.2,0.5927,0,0.0
P0000859,60,M,B,sedan,14983,43.3,0.7009,0,0.0
P0000860,68,F,C,suv,33489,47.3,0.666,1,3083.83
P0000861,78,M,A,sedan,27193,57.6,0.9427,1,3833.04
P0000862,76,F,C,suv,13775,59.1,0.7621,0,0.0
P0000863,25,M,B,suv,32644,7.6,0.938,0,0.0
P0000864,66,M,C,sedan,16869,53.4,0.6936,0,0.0
P0000865,71,M,B,sedan,29569,51.6,0.9533,0,0.0
P0000866,61,F,A,truck,15252,42.5,0.5359,0,0.0
P0000867,69,M,B,suv,15506,51.3,0.7228,0,0.0
P0000868,70,M,A,truck,15190,54.2,0.9506,0,0.0
P0000869,46,F,A,sedan,16320,28.9,0.7248,0,0.0
P0000870,20,F,C,suv,23579,0.1,0.8663,1,1814.3
P0000871,46,M,A,truck,30087,28.3,0.6804,0,0.0
P0000872,30,F,C,sedan,24438,7.7,0.9146,0,0.0
P0000873,25,F,A,sedan,5800,6.4,0.8157,0,0.0
P0000874,25,F,B,truck,23555,9.8,0.9059,0,0.0
P0000875,61,F,C,sedan,18374,44.8,0.7682,0,0.0
P0000876,49,F,B,sedan,7123,33.4,0.8188,0,0.0
P0000877,52,M,C,truck,15242,33.3,0.7643,0,0.0
P0000878,64,F,C,sedan,35055,44.7,0.7837,0,0.0
P0000879,52,M,B,suv,15808,31.6,0.8446,0,0.0
P0000880,57,F,C,suv,27133,40.7,0.5604,0,0.0
P0000881,23,F,A,suv,11184,5.1,0.8843,0,0.0
P0000882,71,F,B,sedan,32364,51.4,0.6776,0,0.0
P0000883,46,M,A,sedan,30233,25.9,0.5063,0,0.0
P0000884,27,M,C,truck,9949,12.5,0.8218,0,0.0
P0000885,69,F,B,truck,26426,50.8,0.8068,0,0.0
P0000886,64,F,B,sedan,33895,49.4,0.8629,0,0.0
P0000887,21,F,C,sedan,33041,5.2,0.9992,1,2347.25
P0000888,30,F,A,suv,27372,15.6,0.7307,0,0.0
P0000889,18,M,C,sedan,27619,2.2,0.9867,1,1629.34
P0000890,35,F,A,truck,20522,20.9,0.7889,0,0.0
P0000891,24,M,A,truck,9626,9.4,0.6789,0,0.0
P0000892,62,M,B,sedan,5717,46.8,0.8389,0,0.0
P0000893,50,F,A,truck,14092,32.4,0.5982,0,0.0
P0000894,79,M,B,truck,12848,61.9,0.9831,0,0.0
P0000895,65,F,C,suv,33328,51.3,0.7205,1,6379.35
P0000896,56,M,C,truck,31000,33.5,0.5053,0,0.0
P0000897,50,F,A,sedan,15062,34.0,0.8277,0,0.0
P0000898,21,M,A,truck,16754,6.7,0.5602,0,0.0
P0000899,22,M,A,sedan,28039,3.8,0.5445,0,0.0
P0000900,56,F,B,sedan,26026,39.0,0.5118,0,0.0
P0000901,18,M,A,suv,32482,2.6,0.9415,0,0.0
P0000902,20,F,A,sedan,27654,2.2,0.5168,0,0.0
P0000903,31,F,C,suv,26445,15.3,0.7686,0,0.0
P0000904,73,M,C,sedan,29045,56.6,0.7447,0,0.0
P0000905,46,F,C,sedan,32712,26.1,0.9555,0,0.0
P0000906,62,M,A,suv,16852,44.8,0.9556,0,0.0
P0000907,43,M,B,sedan,12792,24.8,0.9604,0,0.0
P0000908,28,M,A,sedan,33204,12.0,0.7,0,0.0
P0000909,41,F,A,sedan,10007,23.7,0.7368,0,0.0
P0000910,23,F,B,truck,14058,7.5,0.9128,0,0.0
P0000911,66,M,C,suv,9220,50.6,0.5601,0,0.0
P0000912,29,F,B,suv,30918,12.8,0.5572,0,0.0
P0000913,41,M,A,suv,33428,25.4,0.9609,0,0.0
P0000914,79,F,B,suv,18166,59.9,0.5147,0,0.0
P0000915,55,F,C,sedan,8085,36.8,0.6914,0,0.0
P0000916,46,M,A,sedan,12261,33.6,0.5975,0,0.0
P0000917,52,M,C,suv,22945,31.6,0.542,0,0.0
P0000918,67,M,A,sedan,15646,48.7,0.9869,0,0.0
P0000919,34,M,A,truck,28252,14.7,0.583,0,0.0
P0000920,58,F,C,sedan,29786,41.3,0.716,1,3942.7
P0000921,72,F,A,suv,18537,58.0,0.6281,0,0.0
P0000922,54,F,B,sedan,24060,39.6,0.7456,0,0.0
P0000923,46,M,A,suv,6975,25.6,0.8834,0,0.0
P0000924,27,F,B,truck,9237,13.3,0.8299,0,0.0
P0000925,33,M,B,sedan,15415,18.9,0.7859,0,0.0
P0000926,77,F,C,sedan,8842,60.9,0.7553,0,0.0
P0000927,52,M,C,suv,5461,37.8,0.5659,0,0.0
P0000928,36,M,B,sedan,26303,17.9,0.7013,0,0.0
P0000929,44,M,A,sedan,5729,25.8,0.9526,1,1563.85
P0000930,54,F,A,suv,12424,36.2,0.9103,0,0.0
P0000931,51,M,B,sedan,27360,35.2,0.5324,0,0.0
P0000932,62,F,B,sedan,11468,44.4,0.9202,0,0.0
P0000933,34,F,A,sedan,12053,13.4,0.914,0,0.0
P0000934,58,F,C,sedan,28234,43.9,0.901,1,1247.21
P0000935,45,F,A,truck,5687,25.8,0.9074,0,0.0
P0000936,77,M,A,sedan,15002,58.4,0.9915,1,158.1
P0000937,27,F,C,sedan,21617,10.2,0.5276,0,0.0
P0000938,27,F,B,suv,7117,9.7,0.6919,0,0.0
P0000939,47,M,B,truck,25217,29.3,0.9842,0,0.0
P0000940,50,M,A,sedan,18169,35.0,0.7763,0,0.0
P0000941,61,M,B,suv,14626,47.3,0.8411,0,0.0
P0000942,43,M,B,suv,22644,24.2,0.6809,0,0.0
P0000943,75,F,A,sedan,6200,60.5,0.6059,0,0.0
P0000944,47,M,B,sedan,23646,32.2,0.9892,0,0.0
P0000945,26,F,A,suv,19370,10.0,0.6808,0,0.0
P0000946,25,F,A,sedan,6813,7.4,0.7804,0,0.0
P0000947,79,F,A,sedan,29355,63.0,0.6219,0,0.0
P0000948,26,M,A,suv,19060,10.4,0.9835,1,2518.26
P0000949,77,F,A,sedan,7126,58.1,0.6292,1,1753.42
P0000950,35,M,C,sedan,16146,18.7,0.957,0,0.0
P0000951,23,F,B,sedan,28100,7.6,0.6459,1,1800.44
P0000952,37,F,A,truck,18916,19.2,0.9735,0,0.0
P0000953,56,F,B,suv,17008,38.9,0.6837,0,0.0
P0000954,44,F,A,sedan,6292,26.9,0.936,0,0.0
P0000955,67,F,B,sedan,7000,49.1,0.7999,0,0.0
P0000956,56,M,C,truck,14163,39.3,0.5569,0,0.0
P0000957,43,M,B,suv,13410,24.3,0.6478,0,0.0
P0000958,57,F,B,suv,24947,42.9,0.8804,0,0.0
P0000959,79,M,A,sedan,19581,59.5,0.8338,0,0.0
P0000960,43,F,A,sedan,8903,27.8,0.678,0,0.0
P0000961,27,F,C,sedan,25200,13.3,0.5977,0,0.0
P0000962,43,F,B,truck,34735,27.6,0.9144,0,0.0
P0000963,70,F,B,truck,31614,53.7,0.8112,1,1488.71
P0000964,31,F,C,sedan,35811,15.5,0.841,0,0.0
P0000965,77,M,A,suv,19880,61.9,0.7395,1,7198.73
P0000966,55,F,C,truck,16173,36.0,0.6752,0,0.0
P0000967,55,M,B,truck,6724,39.7,0.6911,0,0.0
P0000968,37,F,A,sedan,26109,24.5,0.5156,0,0.0
P0000969,75,M,A,sedan,18642,58.7,0.9719,0,0.0
P0000970,20,M,B,truck,24695,0.0,0.6833,0,0.0
P0000971,36,F,A,sedan,14334,21.1,0.7415,0,0.0
P0000972,44,F,B,sedan,10182,28.8,0.6786,0,0.0
P0000973,48,M,B,sedan,26391,31.8,0.6776,0,0.0
P0000974,47,M,B,suv,17034,26.9,0.8428,0,0.0
P0000975,27,M,B,sedan,21393,10.7,0.8352,0,0.0
P0000976,32,F,B,suv,35400,17.0,0.9051,0,0.0
P0000977,24,M,B,truck,13722,6.3,0.5359,0,0.0
P0000978,54,F,C,suv,8957,36.4,0.937,0,0.0
P0000979,40,F,A,truck,27071,22.0,0.9783,0,0.0
P0000980,53,M,C,truck,22830,38.1,0.9946,0,0.0
P0000981,55,F,A,suv,17343,39.1,0.5644,0,0.0
P0000982,62,M,A,suv,23574,42.7,0.7433,1,5438.48
P0000983,52,M,B,truck,33617,34.2,0.9695,0,0.0
P0000984,58,F,A,suv,10193,39.4,0.8795,0,0.0
P0000985,54,M,A,sedan,29515,37.1,0.5301,0,0.0
P0000986,59,F,A,truck,21592,39.9,0.9352,0,0.0
P0000987,56,F,B,suv,29970,38.4,0.9193,0,0.0
P0000988,37,F,B,truck,33441,21.0,0.8901,0,0.0
P0000989,33,M,A,sedan,9959,14.5,0.7059,0,0.0
P0000990,67,F,B,sedan,8585,51.8,0.8161,0,0.0
P0000991,39,F,A,suv,5118,18.9,0.858,0,0.0
P0000992,52,M,C,suv,10882,33.0,0.6983,0,0.0
P0000993,30,M,A,sedan,15744,13.6,0.892,1,858.48
P0000994,45,M,B,truck,12924,28.4,0.6366,0,0.0
P0000995,51,M,B,suv,30526,33.7,0.5918,0,0.0
P0000996,57,F,B,sedan,28280,40.3,0.9294,0,0.0
P0000997,51,M,C,suv,15901,31.4,0.6697,0,0.0
P0000998,40,M,A,sedan,22894,24.1,0.5284,0,0.0
P0000999,78,M,B,sedan,14695,64.0,0.9163,0,0.0
P0001000,50,M,B,sedan,20609,33.5,0.8995,0,0.0
P0001001,68,F,B,sedan,14012,49.5,0.9012,0,0.0
P0001002,64,F,A,truck,29553,45.0,0.6704,0,0.0
P0001003,53,M,A,sedan,12064,35.8,0.8016,1,3850.23
P0001004,73,F,A,suv,35326,57.3,0.507,0,0.0
P0001005,26,F,A,suv,33903,9.1,0.5011,0,0.0
P0001006,76,F,C,sedan,11074,60.3,0.6296,0,0.0
P0001007,71,M,C,truck,22697,58.6,0.7627,1,9961.21
P0001008,49,M,A,sedan,30173,33.7,0.8002,0,0.0
P0001009,64,M,B,suv,31160,46.0,0.5667,0,0.0
P0001010,50,M,B,suv,16472,33.5,0.9338,0,0.0
P0001011,34,M,A,suv,21973,17.6,0.9798,0,0.0
P0001012,68,M,B,sedan,9525,48.8,0.5596,0,0.0
P0001013,33,F,B,truck,12796,17.9,0.9119,0,0.0
P0001014,37,M,A,truck,12952,21.7,0.8071,0,0.0
P0001015,50,F,B,sedan,13856,32.3,0.7512,0,0.0
P0001016,70,F,A,suv,17378,54.4,0.7445,0,0.0
P0001017,42,F,A,sedan,26319,26.4,0.8749,0,0.0
P0001018,49,M,B,sedan,32873,28.9,0.6045,0,0.0
P0001019,20,M,B,sedan,23027,5.1,0.8045,1,3925.38
P0001020,25,M,C,sedan,19830,9.5,0.6307,0,0.0
P0001021,21,M,A,suv,26791,3.1,0.5426,0,0.0
P0001022,22,M,B,sedan,24043,5.1,0.7764,0,0.0
P0001023,72,F,C,sedan,18841,57.7,0.6343,0,0.0
P0001024,71,M,B,sedan,6030,50.4,0.8713,0,0.0
P0001025,69,M,C,sedan,21796,53.6,0.8252,0,0.0
P0001026,21,M,C,suv,6984,4.5,0.6122,0,0.0
P0001027,22,F,C,suv,23933,4.1,0.9308,1,809.06
P0001028,35,F,C,sedan,34088,13.7,0.6735,0,0.0
P0001029,53,M,B,sedan,29725,36.8,0.8545,0,0.0
P0001030,39,F,B,sedan,30987,23.8,0.6337,0,0.0
P0001031,48,F,C,suv,19312,30.0,0.5983,0,0.0
P0001032,28,F,C,sedan,20178,6.8,0.9301,0,0.0
P0001033,64,F,A,suv,21286,46.7,0.9593,0,0.0
P0001034,37,F,A,suv,11212,20.6,0.676,0,0.0
P0001035,22,M,A,sedan,35402,4.2,0.6575,0,0.0
P0001036,64,M,C,sedan,6245,51.2,0.8513,1,3159.43
P0001037,74,M,A,sedan,35692,58.2,0.6137,0,0.0
P0001038,18,F,A,sedan,35235,4.7,0.9321,0,0.0
P0001039,45,F,B,sedan,34143,28.7,0.5043,0,0.0
P0001040,70,F,A,truck,5175,54.0,0.5711,0,0.0
P0001041,62,F,C,sedan,34582,50.3,0.5604,0,0.0
P0001042,71,F,B,sedan,12367,53.6,0.6589,1,3641.79
P0001043,44,M,A,truck,13083,25.8,0.9331,0,0.0
P0001044,41,M,A,truck,26200,24.4,0.82,0,0.0
P0001045,62,M,C,sedan,17328,48.1,0.5537,0,0.0
P0001046,27,F,B,suv,34074,7.5,0.5395,0,0.0
P0001047,33,F,B,sedan,20389,12.2,0.6442,1,1649.97
P0001048,55,F,A,truck,8628,37.2,0.8099,0,0.0
P0001049,60,F,C,suv,12424,43.7,0.7969,0,0.0
P0001050,25,F,C,sedan,28990,8.7,0.5571,0,0.0
P0001051,50,F,B,sedan,22844,32.1,0.8804,0,0.0
P0001052,40,M,B,sedan,15284,22.8,0.8161,0,0.0
P0001053,49,M,C,suv,11801,31.1,0.9915,0,0.0
P0001054,78,F,B,sedan,26071,60.1,0.7763,0,0.0
P0001055,22,F,B,suv,13264,6.5,0.6637,0,0.0
P0001056,80,F,C,sedan,7995,64.6,0.5597,0,0.0
P0001057,46,F,C,suv,22242,29.6,0.9596,0,0.0
P0001058,66,M,B,sedan,31809,48.1,0.5188,0,0.0
P0001059,44,M,C,truck,14559,30.1,0.6744,0,0.0
P0001060,37,M,B,sedan,26923,20.5,0.7654,0,0.0
P0001061,66,M,B,sedan,18841,49.1,0.7849,0,0.0
P0001062,61,F,A,sedan,34623,45.0,0.7912,0,0.0
P0001063,27,F,B,suv,23822,7.2,0.8586,0,0.0
P0001064,62,F,A,sedan,20574,42.5,0.5642,0,0.0
P0001065,65,F,A,sedan,12067,47.2,0.8597,0,0.0
P0001066,42,M,C,sedan,32518,21.5,0.9448,0,0.0
P0001067,76,F,A,sedan,6418,57.2,0.5152,0,0.0
P0001068,58,F,C,truck,21752,40.7,0.5179,0,0.0
P0001069,39,F,A,sedan,13251,23.0,0.9957,0,0.0
P0001070,18,F,A,truck,20896,1.8,0.656,0,0.0
P0001071,60,M,A,truck,35479,42.2,0.7275,0,0.0
P0001072,31,F,B,suv,7932,14.7,0.655,0,0.0
P0001073,65,F,B,sedan,6627,51.0,0.7782,0,0.0
P0001074,51,F,A,suv,30239,34.8,0.8557,1,6977.94
P0001075,47,M,B,truck,26649,27.9,0.88,0,0.0
P0001076,28,M,B,sedan,17778,16.1,0.6777,0,0.0
P0001077,62,M,A,sedan,11896,42.2,0.6303,0,0.0
P0001078,28,F,A,sedan,23600,9.9,0.7733,0,0.0
P0001079,44,F,A,sedan,12971,27.5,0.6921,0,0.0
P0001080,70,M,A,sedan,25171,52.4,0.8111,0,0.0
P0001081,75,F,A,sedan,17554,56.1,0.8058,0,0.0
P0001082,80,F,B,suv,29019,62.9,0.9472,0,0.0
P0001083,78,M,B,sedan,25410,59.1,0.5019,0,0.0
P0001084,53,F,C,sedan,22835,34.3,0.5509,0,0.0
P0001085,30,F,C,truck,8024,12.6,0.8934,1,3919.67
P0001086,70,M,B,sedan,24217,55.2,0.7918,0,0.0
P0001087,68,F,A,sedan,26645,51.2,0.5313,0,0.0
P0001088,80,F,A,sedan,21143,67.1,0.9713,0,0.0
P0001089,59,F,B,sedan,23379,41.1,0.8252,0,0.0
P0001090,26,M,A,suv,24032,9.8,0.743,0,0.0
P0001091,49,F,A,sedan,12243,33.2,0.8898,0,0.0
P0001092,46,F,C,truck,18771,27.7,0.798,0,0.0
P0001093,71,M,A,truck,8908,56.5,0.6866,0,0.0
P0001094,42,M,A,sedan,29068,24.8,0.6483,0,0.0
P0001095,38,M,C,suv,9515,21.7,0.7267,0,0.0
P0001096,23,F,A,suv,30125,6.4,0.7376,0,0.0
P0001097,70,F,A,truck,24727,52.4,0.856,1,1790.5
P0001098,65,M,A,sedan,21030,44.4,0.7365,0,0.0
P0001099,20,M,B,suv,20651,2.2,0.5092,0,0.0
P0001100,45,F,C,sedan,9545,25.3,0.8423,0,0.0
P0001101,48,M,B,sedan,25203,28.2,0.5348,0,0.0
P0001102,47,F,B,truck,16578,28.5,0.9232,0,0.0
P0001103,75,M,A,sedan,29290,61.7,0.8541,0,0.0
P0001104,27,M,A,sedan,31038,10.5,0.7989,0,0.0
P0001105,37,F,B,sedan,33438,22.2,0.7271,0,0.0
P0001106,29,M,A,truck,33419,6.3,0.5861,0,0.0
P0001107,33,M,A,sedan,28618,18.0,0.8275,0,0.0
P0001108,75,F,B,sedan,13278,61.0,0.5547,0,0.0
P0001109,77,F,C,suv,13486,65.5,0.8023,0,0.0
P0001110,20,M,C,sedan,34174,5.1,0.5917,0,0.0
P0001111,57,F,C,sedan,34873,39.8,0.7984,0,0.0
P0001112,32,F,B,suv,13578,12.8,0.5756,0,0.0
P0001113,30,F,C,truck,25091,15.1,0.5472,0,0.0
P0001114,36,M,C,suv,33485,16.7,0.7354,1,9158.78
P0001115,30,F,A,sedan,31277,13.1,0.8549,0,0.0
P0001116,48,M,B,sedan,33998,32.0,0.6192,1,3911.87
P0001117,80,F,A,suv,15900,62.7,0.7489,0,0.0
P0001118,54,F,C,sedan,20649,34.2,0.8994,0,0.0
P0001119,63,M,C,suv,23554,45.9,0.7747,0,0.0
P0001120,49,F,C,sedan,34467,34.2,0.7986,0,0.0
P0001121,18,F,A,truck,35472,0.2,0.6101,0,0.0
P0001122,23,F,C,sedan,22027,5.2,0.5622,0,0.0
P0001123,34,M,A,truck,31428,17.4,0.5745,0,0.0
P0001124,33,F,A,sedan,16745,14.0,0.9864,0,0.0
P0001125,70,F,B,suv,23718,57.6,0.5433,0,0.0
P0001126,71,F,C,sedan,30114,53.3,0.5758,0,0.0
P0001127,71,F,C,suv,32502,52.4,0.6028,0,0.0
P0001128,58,F,A,sedan,8364,43.9,0.894,0,0.0
P0001129,53,M,A,sedan,7263,39.0,0.699,0,0.0
P0001130,58,F,B,sedan,11716,39.0,0.8954,0,0.0
P0001131,43,F,A,sedan,8159,23.7,0.7095,1,1614.07
P0001132,60,M,C,truck,11610,40.3,0.8974,0,0.0
P0001133,68,M,A,truck,34410,52.4,0.9477,0,0.0
P0001134,66,F,A,suv,24284,48.6,0.7236,0,0.0
P0001135,56,F,B,sedan,8007,38.3,0.9932,0,0.0
P0001136,21,F,B,sedan,26975,7.4,0.9665,0,0.0
P0001137,63,M,C,sedan,34115,45.7,0.5077,0,0.0
P0001138,41,F,A,sedan,30960,23.7,0.7821,0,0.0
P0001139,64,F,A,suv,31520,45.5,0.8286,0,0.0
P0001140,51,F,C,truck,32895,35.1,0.9216,0,0.0
P0001141,73,F,B,sedan,28281,53.5,0.8367,0,0.0
P0001142,39,F,A,sedan,32126,21.8,0.8441,0,0.0
P0001143,76,F,A,sedan,29711,55.6,0.6448,0,0.0
P0001144,71,M,C,sedan,26141,52.5,0.9103,0,0.0
P0001145,38,M,B,sedan,11183,20.4,0.5316,0,0.0
P0001146,48,M,A,sedan,33359,33.4,0.8287,0,0.0
P0001147,51,M,A,sedan,7783,36.6,0.601,0,0.0
P0001148,66,F,A,sedan,13541,45.8,0.8828,1,694.43
P0001149,61,M,A,suv,27390,42.2,0.8951,0,0.0
P0001150,71,M,A,truck,27483,54.6,0.5874,0,0.0
P0001151,41,M,A,sedan,32375,24.8,0.8968,0,0.0
P0001152,49,M,A,sedan,7376,31.6,0.9187,0,0.0
P0001153,45,F,A,sedan,29413,30.7,0.5265,0,0.0
P0001154,75,F,B,suv,8882,58.9,0.715,0,0.0
P0001155,37,F,B,suv,23876,18.8,0.5963,0,0.0
P0001156,54,F,C,suv,12009,35.5,0.5632,0,0.0
P0001157,25,F,A,suv,22624,8.7,0.9018,0,0.0
P0001158,71,F,C,truck,8182,50.8,0.6466,1,4780.8
P0001159,42,F,C,sedan,6057,22.9,0.822,1,6645.19
P0001160,39,M,C,sedan,34935,23.5,0.5018,0,0.0
P0001161,54,M,A,sedan,20845,39.6,0.5397,0,0.0
P0001162,49,M,A,sedan,19453,30.8,0.8051,0,0.0
P0001163,71,F,B,sedan,17175,54.9,0.6851,2,7005.99
P0001164,51,M,A,truck,33107,35.3,0.9399,0,0.0
P0001165,50,M,A,suv,29279,32.6,0.5411,0,0.0
P0001166,24,M,A,truck,19775,5.6,0.8119,0,0.0
P0001167,19,M,B,truck,8808,0.4,0.8514,0,0.0
P0001168,43,F,C,suv,26689,25.9,0.8056,1,4499.46
P0001169,80,F,A,truck,11320,67.6,0.8404,0,0.0
P0001170,75,M,C,suv,14973,56.1,0.6247,0,0.0
P0001171,57,M,C,sedan,25486,41.6,0.8836,0,0.0
P0001172,57,F,A,suv,34470,39.4,0.7773,0,0.0
P0001173,42,F,B,truck,11876,25.2,0.894,0,0.0
P0001174,29,F,A,suv,6081,7.5,0.5609,0,0.0
P0001175,18,F,C,suv,18164,0.0,0.5635,1,1932.43
P0001176,39,M,B,sedan,26619,22.9,0.6978,0,0.0
P0001177,37,M,B,truck,25392,22.7,0.6949,0,0.0
P0001178,30,F,B,sedan,34461,15.5,0.5642,0,0.0
P0001179,34,F,A,suv,11445,16.5,0.5406,0,0.0
P0001180,19,F,C,suv,29432,3.1,0.5404,0,0.0
P0001181,56,F,C,suv,28986,41.2,0.5262,0,0.0
P0001182,76,M,B,sedan,30655,60.0,0.5166,0,0.0
P0001183,61,M,B,suv,32973,43.1,0.9039,0,0.0
P0001184,46,M,A,sedan,14274,29.2,0.9675,0,0.0
P0001185,44,F,A,sedan,14596,28.0,0.7128,0,0.0
P0001186,37,M,A,sedan,19007,20.7,0.5934,0,0.0
P0001187,26,M,B,suv,15845,9.3,0.6642,0,0.0
P0001188,55,F,C,sedan,9221,37.6,0.9093,0,0.0
P0001189,53,M,C,sedan,15213,35.4,0.9646,0,0.0
P0001190,18,M,A,truck,16668,4.3,0.6193,0,0.0
P0001191,44,M,A,sedan,28507,26.7,0.5153,0,0.0
P0001192,35,F,A,truck,5261,18.7,0.6543,0,0.0
P0001193,28,F,C,sedan,28276,13.0,0.6927,0,0.0
P0001194,62,F,C,sedan,29141,45.7,0.5015,1,6613.72
P0001195,51,F,B,suv,9121,31.7,0.8407,0,0.0
P0001196,57,F,B,sedan,34543,38.4,0.5623,0,0.0
P0001197,62,M,B,truck,27434,44.8,0.5409,0,0.0
P0001198,79,F,A,sedan,26726,63.8,0.8596,0,0.0
P0001199,68,F,A,truck,28773,53.7,0.8854,0,0.0
P0001200,57,M,A,sedan,30119,41.9,0.592,0,0.0
P0001201,73,F,A,truck,17477,56.0,0.8842,0,0.0
P0001202,48,F,B,sedan,20917,30.9,0.6487,0,0.0
P0001203,80,M,A,suv,23924,64.3,0.6541,0,0.0
P0001204,65,F,B,sedan,10941,46.2,0.5612,0,0.0
P0001205,59,F,B,truck,6896,41.2,0.6133,0,0.0
P0001206,74,M,B,sedan,27345,62.3,0.5194,1,7455.12
P0001207,50,F,C,sedan,12737,32.8,0.836,0,0.0
P0001208,63,F,A,suv,14277,44.5,0.9257,0,0.0
P0001209,35,F,B,sedan,8201,17.6,0.5242,0,0.0
P0001210,78,M,A,suv,19245,59.8,0.6277,0,0.0
P0001211,57,F,B,suv,22622,40.5,0.6731,0,0.0
P0001212,67,M,B,sedan,32920,50.1,0.6963,0,0.0
P0001213,47,F,A,suv,20236,30.1,0.9121,0,0.0
P0001214,72,M,A,sedan,16561,54.6,0.5214,0,0.0
P0001215,22,F,B,suv,29625,6.2,0.8071,0,0.0
P0001216,25,F,B,sedan,13970,5.8,0.7661,1,906.68
P0001217,49,M,B,sedan,5345,29.2,0.9192,0,0.0
P0001218,64,M,B,truck,5982,48.1,0.6529,0,0.0
P0001219,68,F,B,truck,31183,53.3,0.5509,0,0.0
P0001220,45,F,B,truck,26745,30.7,0.5653,0,0.0
P0001221,58,F,A,suv,10583,40.2,0.8153,0,0.0
P0001222,52,F,B,sedan,11671,33.8,0.7729,0,0.0
P0001223,78,M,B,sedan,30945,60.2,0.7961,0,0.0
P0001224,59,F,C,sedan,24821,41.0,0.5685,1,8024.85
P0001225,44,F,B,suv,19942,28.1,0.5212,0,0.0
P0001226,79,F,B,sedan,16364,66.0,0.7832,1,2226.09
P0001227,24,F,C,truck,16829,8.0,0.5405,1,2916.37
P0001228,80,F,C,sedan,29417,59.7,0.9648,0,0.0
P0001229,27,F,A,sedan,11118,9.5,0.9017,0,0.0
P0001230,36,F,C,truck,32586,18.2,0.59,0,0.0
P0001231,69,M,A,sedan,12384,50.2,0.7989,0,0.0
P0001232,64,F,C,sedan,12306,48.7,0.566,0,0.0
P0001233,79,M,A,suv,16694,61.6,0.9681,0,0.0
P0001234,65,F,B,truck,29561,47.0,0.7947,0,0.0
P0001235,58,F,C,sedan,5155,42.9,0.6589,0,0.0
P0001236,39,F,A,sedan,9737,21.3,0.8402,0,0.0
P0001237,18,F,C,sedan,16638,0.0,0.5013,0,0.0
P0001238,25,M,B,suv,9368,8.8,0.6439,0,0.0
P0001239,36,M,A,sedan,16883,22.4,0.6171,0,0.0
P0001240,20,M,C,suv,18281,2.7,0.6731,0,0.0
P0001241,50,M,B,sedan,24170,34.3,0.5427,0,0.0
P0001242,66,F,C,truck,15059,48.6,0.984,0,0.0
P0001243,78,F,C,suv,21683,62.7,0.7339,0,0.0
P0001244,48,M,A,suv,35601,30.9,0.9282,0,0.0
P0001245,73,F,A,sedan,19312,53.5,0.5298,1,9377.62
P0001246,80,F,A,sedan,29923,63.1,0.9224,0,0.0
P0001247,72,M,B,sedan,13488,58.3,0.8265,0,0.0
P0001248,47,M,A,suv,32597,29.2,0.8394,0,0.0
P0001249,38,M,A,sedan,22625,21.0,0.9032,0,0.0
P0001250,79,F,C,sedan,9215,61.6,0.763,0,0.0
P0001251,33,M,A,sedan,33097,14.1,0.817,0,0.0
P0001252,43,F,B,sedan,27132,27.1,0.9499,0,0.0
P0001253,22,F,B,sedan,15628,5.6,0.5626,0,0.0
P0001254,68,F,A,suv,23732,53.1,0.5278,0,0.0
P0001255,58,M,A,suv,34365,40.6,0.9913,1,3226.22
P0001256,23,M,A,sedan,8076,5.7,0.9407,0,0.0
P0001257,31,M,B,suv,6216,14.5,0.757,2,3112.1
P0001258,52,F,A,sedan,29603,33.5,0.8904,0,0.0
P0001259,52,F,C,truck,13929,37.1,0.941,0,0.0
P0001260,68,F,C,suv,31467,50.7,0.7334,0,0.0
P0001261,34,M,A,sedan,28899,15.8,0.549,0,0.0
P0001262,76,F,C,suv,33336,60.1,0.7403,0,0.0
P0001263,46,F,C,sedan,28534,31.7,0.6757,0,0.0
P0001264,69,M,A,sedan,34134,55.4,0.5116,0,0.0
P0001265,33,F,C,sedan,24208,15.7,0.9795,0,0.0
P0001266,20,M,A,truck,8342,0.0,0.8579,0,0.0
P0001267,21,F,B,truck,11480,5.2,0.8929,0,0.0
P0001268,41,M,A,suv,32347,23.1,0.7984,0,0.0
P0001269,78,F,C,truck,14035,65.9,0.6346,0,0.0
P0001270,21,F,C,sedan,34306,3.3,0.7924,0,0.0
P0001271,41,F,C,suv,32091,26.2,0.8401,0,0.0
P0001272,24,F,C,sedan,26414,7.8,0.7987,0,0.0
P0001273,76,M,A,sedan,9226,58.8,0.5636,0,0.0
P0001274,60,F,B,truck,10699,46.3,0.9068,0,0.0
P0001275,66,F,A,truck,28059,42.7,0.6488,0,0.0
P0001276,62,M,A,truck,17425,46.2,0.6984,0,0.0
P0001277,59,F,A,suv,17451,40.8,0.7754,0,0.0
P0001278,66,M,C,sedan,7793,46.0,0.9888,0,0.0
P0001279,18,M,B,suv,19234,0.4,0.6563,0,0.0
P0001280,72,F,A,sedan,5131,57.5,0.5209,0,0.0
P0001281,64,M,C,truck,9394,46.8,0.9862,0,0.0
P0001282,64,F,C,sedan,33521,50.7,0.9787,0,0.0
P0001283,42,F,A,truck,28390,25.7,0.5991,0,0.0
P0001284,68,F,B,suv,35142,47.6,0.9145,0,0.0
P0001285,42,M,B,sedan,33254,27.8,0.9598,0,0.0
P0001286,21,M,B,sedan,33498,5.6,0.5065,0,0.0
P0001287,75,F,B,sedan,17626,54.3,0.8774,1,6916.03
P0001288,32,M,B,sedan,12872,15.3,0.5899,0,0.0
P0001289,24,F,A,truck,26239,8.8,0.9136,0,0.0
P0001290,57,M,B,sedan,24254,39.2,0.5105,0,0.0
P0001291,32,M,A,sedan,18413,15.9,0.8456,0,0.0
P0001292,72,M,A,sedan,20490,60.4,0.9084,0,0.0
P0001293,45,M,A,sedan,11229,30.7,0.5178,0,0.0
P0001294,18,M,B,sedan,20377,0.0,0.8785,1,2715.07
P0001295,77,F,B,truck,34895,59.3,0.5594,0,0.0
P0001296,50,M,B,suv,18278,30.1,0.5395,0,0.0
P0001297,34,M,A,truck,21042,19.1,0.9603,0,0.0
P0001298,60,M,C,sedan,34176,43.1,0.9615,0,0.0
P0001299,51,F,A,sedan,31451,34.3,0.8706,0,0.0
P0001300,19,M,B,sedan,29517,3.1,0.9451,0,0.0
P0001301,65,F,A,sedan,5165,47.6,0.5084,0,0.0
P0001302,43,F,B,sedan,31252,28.2,0.7558,0,0.0
P0001303,62,M,B,sedan,7382,42.6,0.9358,0,0.0
P0001304,74,F,B,suv,6072,56.1,0.9464,0,0.0
P0001305,56,M,C,sedan,15944,39.3,0.6835,0,0.0
P0001306,60,F,C,suv,17770,42.7,0.6623,0,0.0
P0001307,34,M,B,suv,8741,17.6,0.85,0,0.0
P0001308,32,M,B,suv,23537,18.4,0.5301,0,0.0
P0001309,44,F,C,sedan,33541,29.0,0.8903,0,0.0
P0001310,71,M,C,suv,25420,54.4,0.6248,1,10662.04
P0001311,51,F,B,sedan,34785,34.7,0.7608,0,0.0
P0001312,39,M,C,sedan,32741,20.7,0.5963,0,0.0
P0001313,67,M,C,sedan,30277,48.9,0.8672,0,0.0
P0001314,71,F,C,sedan,10177,55.1,0.9782,0,0.0
P0001315,74,M,A,sedan,24780,58.9,0.7704,0,0.0
P0001316,36,F,C,suv,7791,17.5,0.9754,0,0.0
P0001317,62,M,B,suv,28947,44.6,0.701,0,0.0
P0001318,55,M,B,sedan,32689,39.2,0.6432,0,0.0
P0001319,46,F,B,sedan,8710,31.3,0.9193,1,2954.91
P0001320,43,M,A,sedan,20705,27.4,0.519,0,0.0
P0001321,25,F,C,truck,8949,7.2,0.6406,0,0.0
P0001322,35,F,B,sedan,21715,14.6,0.8452,0,0.0
P0001323,52,M,A,sedan,18994,35.4,0.5945,0,0.0
P0001324,73,F,B,sedan,32590,57.7,0.9452,0,0.0
P0001325,72,M,A,suv,13442,50.7,0.7411,0,0.0
P0001326,29,F,B,sedan,28244,12.7,0.623,0,0.0
P0001327,60,M,B,sedan,25383,44.6,0.6856,0,0.0
P0001328,23,M,B,sedan,27653,6.8,0.6419,0,0.0
P0001329,60,F,A,suv,34796,43.9,0.8505,0,0.0
P0001330,39,F,A,sedan,10766,19.5,0.555,0,0.0
P0001331,46,F,A,truck,5419,32.3,0.9268,0,0.0
P0001332,63,M,B,truck,24263,44.8,0.5744,0,0.0
P0001333,44,F,C,suv,8793,27.0,0.6412,0,0.0
P0001334,68,F,C,truck,18952,52.1,0.8134,0,0.0
P0001335,51,M,B,truck,21156,34.7,0.6771,0,0.0
P0001336,80,F,A,sedan,23942,63.5,0.755,0,0.0
P0001337,58,F,A,suv,5376,40.8,0.7846,0,0.0
P0001338,36,F,C,suv,22845,19.9,0.6295,1,5376.46
P0001339,66,F,B,suv,29143,49.1,0.7673,0,0.0
P0001340,43,M,A,suv,5814,27.6,0.9697,0,0.0
P0001341,51,M,B,truck,17244,29.6,0.5012,0,0.0
P0001342,26,M,B,truck,15660,7.0,0.7981,0,0.0
P0001343,25,M,A,sedan,15558,7.0,0.6601,0,0.0
P0001344,54,F,A,suv,19191,37.9,0.931,0,0.0
P0001345,29,F,B,suv,9386,10.4,0.5483,0,0.0
P0001346,80,M,A,truck,20506,62.4,0.5303,0,0.0
P0001347,71,M,B,sedan,7386,53.8,0.7024,0,0.0
P0001348,62,M,C,sedan,8083,46.1,0.8369,0,0.0
P0001349,64,F,C,sedan,21638,46.5,0.5032,0,0.0
P0001350,55,M,A,sedan,32854,34.6,0.9056,0,0.0
P0001351,21,M,A,sedan,26943,3.8,0.6683,0,0.0
P0001352,42,M,B,sedan,15363,25.5,0.9601,0,0.0
P0001353,49,M,A,sedan,15721,31.8,0.9529,0,0.0
P0001354,75,F,C,truck,20172,57.9,0.8819,1,2773.85
P0001355,31,F,B,sedan,6076,15.1,0.8685,0,0.0
P0001356,49,F,B,sedan,25575,33.5,0.8004,0,0.0
P0001357,39,F,C,suv,9150,20.4,0.8972,0,0.0
P0001358,26,M,A,sedan,27291,6.6,0.589,0,0.0
P0001359,24,F,B,suv,16586,2.5,0.9086,0,0.0
P0001360,41,F,C,truck,16718,23.1,0.7826,0,0.0
P0001361,23,F,A,sedan,18640,5.8,0.891,0,0.0
P0001362,22,M,A,sedan,9002,3.2,0.7469,0,0.0
P0001363,40,M,C,sedan,12429,24.8,0.8155,0,0.0
P0001364,30,F,B,sedan,11426,11.7,0.6708,0,0.0
P0001365,52,M,A,suv,31264,32.9,0.7122,0,0.0
P0001366,19,F,A,sedan,10116,0.0,0.6824,0,0.0
P0001367,37,F,B,sedan,8998,16.7,0.8703,0,0.0
P0001368,46,F,B,sedan,12568,30.2,0.6003,0,0.0
P0001369,78,M,B,sedan,18167,62.0,0.9653,0,0.0
P0001370,57,M,A,sedan,23713,40.4,0.9146,0,0.0
P0001371,73,M,A,suv,18126,58.2,0.9309,0,0.0
P0001372,39,F,B,sedan,21608,20.9,0.957,0,0.0
P0001373,46,M,C,suv,21043,27.6,0.718,0,0.0
P0001374,44,M,B,truck,10227,25.9,0.946,0,0.0
P0001375,73,F,B,suv,5227,55.7,0.7221,0,0.0
P0001376,78,F,C,sedan,26127,59.0,0.5508,0,0.0
P0001377,78,F,A,sedan,34253,59.8,0.5248,1,5994.8
P0001378,65,M,A,suv,6974,49.2,0.5318,0,0.0
P0001379,49,F,A,suv,33462,37.9,0.594,0,0.0
P0001380,52,F,A,truck,33197,35.7,0.6799,0,0.0
P0001381,79,M,C,sedan,29443,61.9,0.9896,0,0.0
P0001382,35,M,A,sedan,22551,17.9,0.6206,0,0.0
P0001383,39,M,C,sedan,15538,22.4,0.9565,0,0.0
P0001384,74,M,A,truck,23302,58.1,0.9052,0,0.0
P0001385,42,F,B,suv,5350,26.7,0.9306,0,0.0
P0001386,32,M,A,truck,13862,17.1,0.8924,0,0.0
P0001387,53,F,A,suv,17205,35.1,0.9865,0,0.0
P0001388,38,F,A,truck,20860,18.8,0.5599,0,0.0
P0001389,74,M,B,suv,13452,59.5,0.7395,0,0.0
P0001390,75,F,B,truck,18213,58.1,0.6714,0,0.0
P0001391,37,F,C,truck,27480,18.4,0.6421,0,0.0
P0001392,51,M,C,truck,34473,34.4,0.7234,1,2957.28
P0001393,79,F,B,truck,30498,60.6,0.7405,0,0.0
P0001394,64,F,C,suv,7362,44.8,0.993,0,0.0
P0001395,31,M,A,suv,23268,13.2,0.6323,1,4468.44
P0001396,55,M,A,suv,19220,39.0,0.9558,0,0.0
P0001397,57,M,B,suv,21187,37.4,0.5835,0,0.0
P0001398,59,F,B,suv,29537,42.5,0.8325,0,0.0
P0001399,19,M,B,suv,15133,2.5,0.6527,0,0.0
P0001400,36,M,B,sedan,21881,18.0,0.9802,0,0.0
P0001401,71,F,C,suv,32498,54.6,0.8173,1,5956.73
P0001402,33,F,A,truck,22521,16.4,0.5321,0,0.0
P0001403,36,F,C,suv,22212,19.7,0.9618,1,2306.64
P0001404,38,M,B,sedan,33247,21.4,0.6469,0,0.0
P0001405,29,F,B,truck,5899,11.6,0.9637,0,0.0
P0001406,27,M,A,suv,16646,13.9,0.5067,0,0.0
P0001407,39,M,A,sedan,20270,22.2,0.6093,0,0.0
P0001408,73,F,A,suv,5063,59.5,0.6392,0,0.0
P0001409,18,M,C,suv,19712,1.8,0.844,0,0.0
P0001410,35,F,B,suv,33695,17.3,0.899,0,0.0
P0001411,21,F,A,sedan,29435,4.7,0.815,1,2690.89
P0001412,53,M,C,sedan,6024,34.6,0.531,0,0.0
P0001413,33,F,B,truck,32170,15.3,0.7168,0,0.0
P0001414,67,M,C,truck,29719,54.3,0.747,0,0.0
P0001415,54,M,B,sedan,32195,34.6,0.6794,0,0.0
P0001416,67,F,B,truck,9327,49.5,0.7098,0,0.0
P0001417,57,F,B,sedan,32804,41.1,0.7413,0,0.0
P0001418,45,F,B,sedan,5641,28.9,0.777,0,0.0
P0001419,72,M,B,suv,6081,59.2,0.8155,1,4654.44
P0001420,48,M,A,sedan,15994,30.6,0.6051,0,0.0
P0001421,77,F,C,sedan,30279,58.7,0.9508,0,0.0
P0001422,80,M,B,truck,31785,64.4,0.9139,1,1198.24
P0001423,55,M,B,suv,24634,39.8,0.8933,0,0.0
P0001424,60,M,B,sedan,6145,42.7,0.9029,0,0.0
P0001425,34,F,B,sedan,32094,14.6,0.7627,0,0.0
P0001426,69,F,A,suv,13143,49.8,0.9765,0,0.0
P0001427,60,F,A,suv,28086,41.3,0.683,1,1292.78
P0001428,74,F,A,sedan,13650,53.0,0.71,0,0.0
P0001429,34,F,A,sedan,22538,15.2,0.9081,0,0.0
P0001430,67,F,A,suv,7939,47.7,0.9345,0,0.0
P0001431,47,F,C,suv,35928,29.8,0.7245,0,0.0
P0001432,29,F,A,truck,7869,12.7,0.924,0,0.0
P0001433,28,F,C,sedan,34635,8.7,0.8166,0,0.0
P0001434,53,M,C,truck,33153,38.0,0.694,0,0.0
P0001435,38,M,A,truck,9655,20.2,0.9527,0,0.0
P0001436,24,F,B,sedan,26554,8.2,0.7516,0,0.0
P0001437,44,F,B,sedan,15662,26.3,0.9246,0,0.0
P0001438,59,F,C,suv,14645,41.5,0.9062,0,0.0
P0001439,38,M,B,truck,15150,20.7,0.5483,0,0.0
P0001440,78,M,A,sedan,12387,61.0,0.9356,1,12970.45
P0001441,67,F,A,sedan,34801,48.9,0.5812,0,0.0
P0001442,50,M,C,suv,6329,31.6,0.9069,0,0.0
P0001443,76,M,A,truck,15982,61.8,0.8778,0,0.0
P0001444,45,M,C,sedan,16122,28.1,0.8686,0,0.0
P0001445,26,F,A,sedan,17985,9.8,0.9604,0,0.0
P0001446,20,F,B,sedan,14335,2.6,0.8003,0,0.0
P0001447,77,M,B,truck,25573,60.8,0.6693,0,0.0
P0001448,78,F,A,suv,33429,58.4,0.7966,0,0.0
P0001449,64,M,A,sedan,25666,47.1,0.8481,0,0.0
P0001450,24,M,A,truck,11835,5.0,0.6823,0,0.0
P0001451,36,F,C,suv,35905,20.9,0.6271,0,0.0
P0001452,20,F,B,truck,17559,3.6,0.7448,0,0.0
P0001453,21,F,A,sedan,14612,5.2,0.9492,0,0.0
P0001454,33,F,B,sedan,26142,15.2,0.8152,0,0.0
P0001455,54,M,A,sedan,35216,39.4,0.9486,0,0.0
P0001456,22,M,B,sedan,14956,8.4,0.7376,1,2276.73
P0001457,80,F,C,truck,11222,64.3,0.9735,0,0.0
P0001458,46,M,C,suv,29235,27.9,0.8958,0,0.0
P0001459,34,F,C,sedan,19792,18.6,0.6773,0,0.0
P0001460,50,M,A,suv,27513,32.5,0.7241,1,3058.85
P0001461,67,F,A,suv,19071,51.3,0.9989,0,0.0
P0001462,37,M,C,suv,6099,23.5,0.9769,0,0.0
P0001463,20,M,A,sedan,16212,1.3,0.7051,0,0.0
P0001464,21,F,A,truck,31530,2.7,0.9168,0,0.0
P0001465,71,M,A,suv,34019,54.1,0.9549,0,0.0
P0001466,25,M,C,truck,16280,7.9,0.6259,0,0.0
P0001467,58,F,B,suv,26489,41.4,0.7588,0,0.0
P0001468,42,M,C,suv,7971,27.1,0.8785,0,0.0
P0001469,66,M,A,sedan,11735,46.4,0.5384,0,0.0
P0001470,21,M,A,suv,26648,4.2,0.9028,0,0.0
P0001471,74,F,A,sedan,6287,56.3,0.6055,0,0.0
P0001472,61,M,C,truck,28161,45.0,0.7395,0,0.0
P0001473,46,M,A,sedan,34856,28.1,0.6876,0,0.0
P0001474,31,M,C,sedan,7201,11.7,0.8701,0,0.0
P0001475,79,F,B,suv,23047,61.7,0.6166,0,0.0
P0001476,37,F,C,suv,15971,19.3,0.7332,0,0.0
P0001477,48,M,C,suv,24938,29.2,0.6328,0,0.0
P0001478,42,F,B,suv,32759,23.6,0.5274,0,0.0
P0001479,32,F,B,suv,7501,12.9,0.9218,0,0.0
P0001480,44,F,A,truck,25752,26.4,0.6123,0,0.0
P0001481,27,M,C,sedan,10666,9.4,0.6162,0,0.0
P0001482,18,F,C,suv,21551,0.5,0.5234,0,0.0
P0001483,36,M,B,truck,18707,17.3,0.7513,0,0.0
P0001484,25,M,A,sedan,20627,8.9,0.6345,0,0.0
P0001485,44,M,C,sedan,28737,25.9,0.7828,0,0.0
P0001486,72,M,C,sedan,23860,50.4,0.8618,0,0.0
P0001487,28,F,B,suv,15736,10.3,0.523,0,0.0
P0001488,18,M,C,suv,25243,3.4,0.6002,1,1923.81
P0001489,24,F,B,sedan,23510,7.6,0.6954,0,0.0
P0001490,50,M,A,sedan,7133,31.8,0.9399,0,0.0
P0001491,35,F,B,sedan,24016,19.3,0.5549,0,0.0
P0001492,48,M,A,sedan,15358,33.0,0.8719,0,0.0
P0001493,19,M,B,sedan,9535,4.8,0.9768,0,0.0
P0001494,38,F,B,suv,21326,21.4,0.5388,0,0.0
P0001495,43,M,A,truck,21014,22.8,0.6665,0,0.0
P0001496,45,F,A,suv,27640,29.1,0.8848,0,0.0
P0001497,52,F,B,truck,18407,33.2,0.9676,0,0.0
P0001498,67,F,C,truck,28026,50.6,0.6234,0,0.0
P0001499,47,F,C,suv,13745,30.8,0.8209,0,0.0
P0001500,70,M,A,suv,23770,52.0,0.8658,1,4751.23
P0001501,51,M,C,truck,34847,37.1,0.702,0,0.0
P0001502,34,F,A,suv,23182,13.7,0.8348,0,0.0
P0001503,32,M,A,sedan,26124,13.9,0.7746,0,0.0
P0001504,38,M,B,sedan,16400,18.9,0.9686,0,0.0
P0001505,55,M,B,suv,25936,38.5,0.7694,0,0.0
P0001506,33,F,C,truck,30875,15.0,0.7583,0,0.0
P0001507,75,M,A,suv,32068,56.1,0.8346,1,5653.77
P0001508,48,F,A,sedan,33408,31.2,0.5761,0,0.0
P0001509,72,M,B,suv,14508,56.7,0.7655,0,0.0
P0001510,61,M,A,truck,31235,45.9,0.5253,0,0.0
P0001511,39,M,A,suv,15801,22.8,0.8135,1,622.77
P0001512,32,F,A,sedan,32029,14.5,0.7673,0,0.0
P0001513,64,F,A,sedan,5182,47.3,0.9197,0,0.0
P0001514,38,M,C,sedan,33173,22.0,0.8989,0,0.0
P0001515,33,F,A,truck,11699,14.6,0.7163,0,0.0
P0001516,76,F,B,sedan,11263,59.9,0.8295,1,3286.89
P0001517,48,M,B,truck,22342,32.2,0.6517,0,0.0
P0001518,21,M,B,sedan,20930,2.1,0.6939,0,0.0
P0001519,49,F,B,truck,9876,30.9,0.539,0,0.0
P0001520,47,F,B,sedan,21570,32.5,0.5504,0,0.0
P0001521,72,M,C,suv,29838,57.7,0.9094,0,0.0
P0001522,62,F,A,suv,20048,47.2,0.986,0,0.0
P0001523,30,F,C,suv,23014,13.1,0.7446,0,0.0
P0001524,27,F,A,suv,31303,7.6,0.564,0,0.0
P0001525,56,F,B,sedan,10576,36.1,0.5442,0,0.0
P0001526,20,M,B,sedan,15076,1.5,0.5227,0,0.0
P0001527,38,F,A,sedan,32718,17.2,0.9394,0,0.0
P0001528,26,F,A,suv,10000,8.6,0.7211,0,0.0
P0001529,19,F,A,suv,12871,0.0,0.9402,0,0.0
P0001530,75,F,A,sedan,13503,59.1,0.6814,0,0.0
P0001531,23,F,B,suv,30558,9.1,0.794,0,0.0
P0001532,18,M,A,sedan,9436,1.6,0.8369,0,0.0
P0001533,76,M,C,sedan,16609,59.3,0.525,1,2802.83
P0001534,29,F,C,sedan,17548,6.8,0.8408,0,0.0
P0001535,69,F,A,suv,7519,52.0,0.8999,0,0.0
P0001536,19,F,A,sedan,8621,4.0,0.511,1,436.93
P0001537,27,F,B,truck,16664,8.1,0.5294,0,0.0
P0001538,24,M,C,suv,7714,8.5,0.761,0,0.0
P0001539,62,F,A,suv,35357,44.7,0.9857,0,0.0
P0001540,57,M,A,sedan,18981,38.2,0.9866,0,0.0
P0001541,47,M,C,suv,5209,31.9,0.5548,0,0.0
P0001542,33,F,B,truck,23635,13.0,0.8804,0,0.0
P0001543,23,M,A,suv,28408,3.7,0.8967,0,0.0
P0001544,53,F,C,sedan,23836,35.3,0.9385,0,0.0
P0001545,32,F,C,sedan,22711,11.5,0.5218,0,0.0
P0001546,55,M,B,sedan,7860,38.8,0.9862,0,0.0
P0001547,61,F,A,sedan,27620,42.4,0.9109,0,0.0
P0001548,71,M,B,suv,35118,53.4,0.8038,0,0.0
P0001549,49,M,A,sedan,16291,33.3,0.5334,0,0.0
P0001550,18,F,B,truck,8774,2.2,0.6201,0,0.0
P0001551,35,M,A,sedan,11632,13.9,0.6733,0,0.0
P0001552,71,F,B,suv,25474,51.9,0.9287,1,600.65
P0001553,51,M,C,truck,24918,32.2,0.8806,0,0.0
P0001554,57,F,C,sedan,32547,41.3,0.9704,0,0.0
P0001555,46,F,C,sedan,17589,27.6,0.7113,0,0.0
P0001556,28,F,A,suv,32427,11.7,0.9584,0,0.0
P0001557,74,M,A,sedan,13542,53.6,0.9479,0,0.0
P0001558,66,F,B,suv,20875,46.6,0.5092,0,0.0
P0001559,80,M,A,truck,25406,61.2,0.6196,0,0.0
P0001560,71,F,A,suv,13601,52.4,0.8999,0,0.0
P0001561,36,F,C,truck,16433,19.2,0.8325,0,0.0
P0001562,34,F,A,sedan,30663,16.0,0.6114,0,0.0
P0001563,33,F,A,sedan,22916,12.9,0.8907,0,0.0
P0001564,75,M,B,sedan,23990,57.1,0.6583,0,0.0
P0001565,53,F,C,suv,24332,37.7,0.8011,0,0.0
P0001566,46,M,B,sedan,29522,26.5,0.9673,0,0.0
P0001567,79,M,A,sedan,35118,63.4,0.6198,0,0.0
P0001568,56,F,B,truck,17399,39.1,0.5277,0,0.0
P0001569,75,M,C,sedan,15989,58.9,0.8301,0,0.0
P0001570,80,M,A,sedan,33316,68.2,0.8642,1,14255.03
P0001571,23,M,B,sedan,19857,5.6,0.6563,0,0.0
P0001572,40,M,B,sedan,33817,18.7,0.7342,0,0.0
P0001573,64,M,B,sedan,32331,46.4,0.7505,0,0.0
P0001574,69,M,A,sedan,27857,46.1,0.908,1,15473.36
P0001575,27,F,C,sedan,27326,10.3,0.8465,0,0.0
P0001576,38,M,A,truck,34219,20.6,0.6365,0,0.0
P0001577,52,F,A,sedan,13485,35.2,0.6365,0,0.0
P0001578,68,M,A,suv,19058,50.9,0.6625,0,0.0
P0001579,25,M,B,suv,21921,7.3,0.573,0,0.0
P0001580,55,M,A,suv,11028,35.0,0.5671,0,0.0
P0001581,36,M,C,truck,21041,20.7,0.9087,0,0.0
P0001582,31,M,C,sedan,25333,14.0,0.9159,1,8802.4
P0001583,50,M,A,sedan,20600,31.8,0.63,0,0.0
P0001584,44,F,C,sedan,25254,24.4,0.9252,0,0.0
P0001585,58,F,C,sedan,8146,45.3,0.7854,0,0.0
P0001586,38,F,A,truck,20230,23.8,0.8561,0,0.0
P0001587,69,F,B,suv,33807,51.9,0.9402,0,0.0
P0001588,22,M,C,sedan,13079,2.8,0.6542,0,0.0
P0001589,72,M,C,sedan,19127,56.0,0.8311,0,0.0
P0001590,19,F,B,truck,24354,0.7,0.6543,0,0.0
P0001591,64,F,C,suv,24392,43.0,0.9515,0,0.0
P0001592,39,M,B,sedan,10604,22.0,0.6498,0,0.0
P0001593,42,F,A,truck,8502,25.5,0.8127,1,4573.01
P0001594,19,M,A,suv,28352,1.1,0.5955,0,0.0
P0001595,62,M,B,sedan,21527,44.6,0.6849,0,0.0
P0001596,28,F,A,sedan,33111,10.5,0.6757,0,0.0
P0001597,59,F,A,suv,35694,42.4,0.8752,0,0.0
P0001598,63,F,A,sedan,10165,46.5,0.6433,0,0.0
P0001599,71,F,C,truck,16189,56.0,0.6637,0,0.0
P0001600,62,F,B,suv,30428,43.8,0.5047,0,0.0
P0001601,36,F,A,suv,14124,21.1,0.6579,0,0.0
P0001602,64,F,A,suv,11152,48.6,0.6361,0,0.0
P0001603,70,F,A,truck,9839,55.4,0.7723,1,4854.7
P0001604,37,F,A,sedan,20513,20.7,0.7009,0,0.0
P0001605,25,M,B,sedan,16840,7.9,0.9902,0,0.0
P0001606,74,F,A,suv,33806,59.2,0.7731,0,0.0
P0001607,27,M,C,sedan,34913,10.5,0.5364,0,0.0
P0001608,55,F,A,suv,7564,37.7,0.9047,0,0.0
P0001609,32,F,A,suv,32999,18.1,0.5266,1,1323.77
P0001610,25,F,C,sedan,7782,9.5,0.9186,1,1745.96
P0001611,66,M,A,sedan,27285,45.4,0.7027,0,0.0
P0001612,27,F,A,suv,34720,11.4,0.5308,0,0.0
P0001613,60,F,A,sedan,15716,41.6,0.9887,0,0.0
P0001614,61,F,B,sedan,9924,45.0,0.7477,0,0.0
P0001615,21,M,A,sedan,7044,3.6,0.9274,0,0.0
P0001616,28,F,C,sedan,15603,12.6,0.7103,1,798.28
P0001617,68,F,B,suv,34525,54.8,0.7308,0,0.0
P0001618,49,M,C,truck,19228,32.9,0.6812,0,0.0
P0001619,25,F,B,suv,17955,7.1,0.6845,0,0.0
P0001620,80,F,C,suv,5207,61.6,0.8967,0,0.0
P0001621,34,M,B,sedan,25660,16.7,0.5154,0,0.0
P0001622,18,F,B,truck,10830,2.6,0.7449,0,0.0
P0001623,76,F,B,truck,26360,57.2,0.6328,0,0.0
P0001624,19,F,B,truck,30680,3.4,0.7784,0,0.0
P0001625,52,F,A,sedan,29005,36.3,0.6076,0,0.0
P0001626,80,M,B,sedan,21084,65.0,0.6744,0,0.0
P0001627,54,M,A,sedan,25150,37.8,0.7666,0,0.0
P0001628,54,M,B,sedan,17210,37.6,0.8709,1,2764.04
P0001629,42,F,A,sedan,26978,24.4,0.973,1,417.88
P0001630,25,M,A,truck,26141,10.7,0.6216,0,0.0
P0001631,54,M,A,sedan,10834,37.9,0.7415,0,0.0
P0001632,74,F,A,sedan,15067,58.6,0.6743,0,0.0
P0001633,23,M,A,truck,29038,5.1,0.803,1,2040.13
P0001634,73,M,A,truck,18594,55.4,0.6832,0,0.0
P0001635,44,M,B,sedan,12306,29.1,0.5485,0,0.0
P0001636,51,F,B,sedan,35805,33.0,0.8072,0,0.0
P0001637,28,F,C,truck,31907,11.1,0.5178,0,0.0
P0001638,57,M,C,truck,29002,38.4,0.5215,0,0.0
P0001639,29,M,A,suv,18076,13.3,0.9421,0,0.0
P0001640,35,F,B,sedan,22173,16.8,0.9351,0,0.0
P0001641,63,F,B,suv,34315,44.3,0.7814,0,0.0
P0001642,21,M,A,suv,21329,3.9,0.509,0,0.0
P0001643,46,F,B,sedan,30578,24.8,0.6716,0,0.0
P0001644,55,F,B,sedan,31172,37.0,0.6731,0,0.0
P0001645,26,M,B,truck,29941,5.5,0.8604,0,0.0
P0001646,36,F,A,suv,23626,14.0,0.906,0,0.0
P0001647,39,F,B,sedan,15697,25.3,0.6771,0,0.0
P0001648,59,F,A,suv,15517,39.7,0.7109,0,0.0
P0001649,79,M,C,suv,30147,61.0,0.6123,0,0.0
P0001650,70,F,C,sedan,17951,52.5,0.864,1,1703.0
P0001651,29,M,A,sedan,12665,13.3,0.6746,0,0.0
P0001652,19,M,C,sedan,10685,3.8,0.8527,1,3867.9
P0001653,21,M,C,truck,24083,6.1,0.8535,1,1819.23
P0001654,55,M,B,sedan,34745,33.6,0.5781,0,0.0
P0001655,27,M,A,truck,16736,9.0,0.9427,0,0.0
P0001656,32,F,C,suv,25218,17.7,0.9123,0,0.0
P0001657,71,M,B,truck,14573,56.1,0.7915,0,0.0
P0001658,73,M,A,truck,17355,60.1,0.5432,0,0.0
P0001659,70,M,B,truck,17655,50.6,0.5836,1,10498.21
P0001660,33,F,B,truck,16156,15.9,0.5461,1,5718.11
P0001661,57,F,A,sedan,31270,39.0,0.7318,0,0.0
P0001662,56,M,C,sedan,33116,39.0,0.6328,2,15169.65
P0001663,29,F,A,sedan,13341,10.1,0.9154,0,0.0
P0001664,52,M,B,suv,16169,35.8,0.718,0,0.0
P0001665,51,F,B,sedan,5619,33.4,0.726,0,0.0
P0001666,42,M,A,sedan,28447,24.5,0.961,0,0.0
P0001667,65,M,B,sedan,26944,50.3,0.7889,0,0.0
P0001668,60,F,B,suv,30898,44.4,0.6937,0,0.0
P0001669,51,F,B,sedan,22353,34.6,0.9917,0,0.0
P0001670,63,M,B,sedan,33203,45.4,0.7312,1,3705.97
P0001671,66,F,C,suv,9373,46.2,0.7898,1,10614.56
P0001672,53,F,C,suv,16564,35.8,0.691,0,0.0
P0001673,34,F,A,truck,18885,17.2,0.8346,0,0.0
P0001674,65,F,A,suv,28725,47.4,0.8879,1,4425.35
P0001675,63,M,B,suv,11798,46.3,0.8143,0,0.0
P0001676,79,F,C,sedan,15133,62.0,0.6242,0,0.0
P0001677,27,F,C,sedan,7917,7.0,0.9711,0,0.0
P0001678,44,M,A,suv,34264,27.4,0.7559,1,5426.97
P0001679,76,F,C,sedan,19050,58.5,0.913,0,0.0
P0001680,50,F,A,truck,5345,34.3,0.5044,0,0.0
P0001681,77,M,A,truck,12293,57.5,0.7589,0,0.0
P0001682,18,M,B,sedan,22675,2.8,0.9678,0,0.0
P0001683,20,M,A,suv,20229,3.1,0.8441,0,0.0
P0001684,68,M,B,sedan,20808,49.0,0.5571,0,0.0
P0001685,40,F,B,sedan,6934,24.7,0.855,0,0.0
P0001686,50,F,C,sedan,32206,31.3,0.5075,0,0.0
P0001687,44,M,C,suv,30713,31.1,0.6843,0,0.0
P0001688,43,M,A,truck,11705,28.2,0.6184,0,0.0
P0001689,77,M,B,sedan,16364,60.2,0.6259,0,0.0
P0001690,23,F,B,suv,7705,1.2,0.5207,0,0.0
P0001691,66,F,A,sedan,8960,48.7,0.8086,0,0.0
P0001692,74,F,C,sedan,31239,56.7,0.871,0,0.0
P0001693,59,M,B,suv,8523,39.7,0.6459,0,0.0
P0001694,42,M,A,suv,15853,27.2,0.7934,0,0.0
P0001695,28,F,C,suv,35796,17.1,0.7487,1,3082.98
P0001696,61,F,B,truck,15072,40.5,0.9966,1,8379.6
P0001697,47,F,A,sedan,26293,28.8,0.9062,0,0.0
P0001698,27,F,A,suv,8264,10.9,0.973,0,0.0
P0001699,40,M,C,sedan,32085,22.9,0.9122,0,0.0
P0001700,78,M,C,truck,33521,58.9,0.8288,0,0.0
P0001701,34,F,A,sedan,33294,17.3,0.5356,0,0.0
P0001702,29,M,A,sedan,24621,11.7,0.9289,0,0.0
P0001703,60,M,A,suv,35135,38.9,0.8805,0,0.0
P0001704,30,F,B,sedan,26457,15.5,0.6411,0,0.0
P0001705,75,F,A,suv,16661,57.0,0.6347,0,0.0
P0001706,72,F,B,truck,32836,57.4,0.7621,0,0.0
P0001707,79,F,A,sedan,13469,58.9,0.6415,0,0.0
P0001708,75,M,B,suv,31159,57.4,0.9853,0,0.0
P0001709,33,M,B,truck,33852,17.4,0.5968,0,0.0
P0001710,31,F,B,suv,19006,17.0,0.5767,0,0.0
P0001711,39,F,A,sedan,12197,22.7,0.5218,0,0.0
P0001712,47,M,B,truck,9952,29.6,0.7763,0,0.0
P0001713,73,F,B,suv,21659,53.7,0.8702,0,0.0
P0001714,64,M,B,suv,25841,49.2,0.7932,0,0.0
P0001715,58,M,A,suv,23291,42.6,0.6041,0,0.0
P0001716,73,M,A,sedan,25172,57.0,0.9617,0,0.0
P0001717,58,M,B,truck,5786,42.6,0.6896,0,0.0
P0001718,41,M,A,sedan,6459,25.0,0.5704,0,0.0
P0001719,44,M,B,truck,13155,28.9,0.5955,0,0.0
P0001720,50,F,A,truck,32881,32.2,0.7191,0,0.0
P0001721,23,F,A,truck,20624,7.0,0.7722,0,0.0
P0001722,64,F,B,sedan,15392,47.0,0.8007,0,0.0
P0001723,59,F,A,sedan,25627,41.4,0.5366,0,0.0
P0001724,64,F,A,sedan,18292,49.8,0.9337,0,0.0
P0001725,51,F,C,sedan,9451,32.8,0.6682,0,0.0
P0001726,67,F,B,sedan,20927,49.6,0.6297,0,0.0
P0001727,77,F,C,suv,26622,59.6,0.8438,0,0.0
P0001728,53,F,A,sedan,33272,36.3,0.8068,0,0.0
P0001729,45,M,C,truck,16408,28.5,0.9964,0,0.0
P0001730,24,M,C,sedan,10285,6.9,0.7052,0,0.0
P0001731,67,M,A,sedan,31832,49.8,0.5916,0,0.0
P0001732,74,M,B,suv,16429,59.4,0.9864,0,0.0
P0001733,62,M,B,sedan,9891,41.8,0.741,0,0.0
P0001734,72,M,B,suv,20541,56.4,0.8308,0,0.0
P0001735,72,F,A,suv,6854,54.9,0.5212,0,0.0
P0001736,68,M,C,suv,35748,48.7,0.6679,0,0.0
P0001737,49,F,B,suv,29167,32.7,0.9936,0,0.0
P0001738,24,M,C,truck,18632,6.5,0.9822,0,0.0
P0001739,18,M,C,truck,21903,5.4,0.9921,1,4768.54
P0001740,30,F,C,sedan,17354,17.0,0.912,1,2858.67
P0001741,45,M,B,sedan,19535,28.1,0.7503,1,1322.94
P0001742,64,F,B,truck,33985,46.6,0.786,0,0.0
P0001743,46,F,C,sedan,27513,26.8,0.5374,0,0.0
P0001744,19,F,B,suv,25506,0.4,0.8966,0,0.0
P0001745,31,F,A,suv,35279,17.2,0.8745,0,0.0
P0001746,79,F,B,sedan,10070,59.5,0.8541,1,9511.83
P0001747,80,M,A,sedan,33156,65.4,0.6913,1,4633.89
P0001748,41,M,C,suv,10449,22.3,0.6329,0,0.0
P0001749,68,F,B,sedan,13042,51.9,0.905,0,0.0
P0001750,63,M,B,sedan,24978,40.6,0.9873,0,0.0
P0001751,76,F,A,truck,9232,60.2,0.7117,0,0.0
P0001752,73,F,B,truck,19478,56.1,0.5278,0,0.0
P0001753,57,M,A,suv,15416,39.7,0.9504,0,0.0
P0001754,42,M,B,sedan,5278,25.5,0.8447,0,0.0
P0001755,57,F,B,sedan,10691,42.0,0.8357,0,0.0
P0001756,38,F,B,truck,18906,16.6,0.9721,0,0.0
P0001757,39,M,A,sedan,7613,23.2,0.8352,0,0.0
P0001758,56,M,B,truck,34130,40.3,0.8088,0,0.0
P0001759,53,F,B,suv,18296,36.2,0.8551,0,0.0
P0001760,54,F,C,sedan,28168,36.6,0.742,0,0.0
P0001761,42,F,C,suv,11339,26.4,0.6435,0,0.0
P0001762,43,M,C,truck,22316,24.1,0.6259,0,0.0
P0001763,18,M,A,truck,8519,0.7,0.8631,0,0.0
P0001764,55,M,A,suv,11051,38.0,0.6213,0,0.0
P0001765,54,F,C,sedan,26209,35.9,0.9656,0,0.0
P0001766,76,M,C,suv,15404,60.7,0.7015,0,0.0
P0001767,49,M,A,suv,35461,33.2,0.8168,0,0.0
P0001768,47,F,B,suv,35895,30.0,0.5214,0,0.0
P0001769,22,M,B,sedan,9083,3.1,0.7245,0,0.0
P0001770,30,F,A,truck,25430,13.5,0.6998,0,0.0
P0001771,39,F,C,suv,29266,22.6,0.8773,0,0.0
P0001772,41,M,C,sedan,13564,28.2,0.5277,0,0.0
P0001773,40,F,C,sedan,31082,24.4,0.7012,0,0.0
P0001774,42,M,A,sedan,27877,28.3,0.9291,0,0.0
P0001775,66,F,B,sedan,15064,51.8,0.8342,0,0.0
P0001776,26,F,C,sedan,7832,8.3,0.8887,0,0.0
P0001777,38,F,B,suv,18741,14.4,0.8816,0,0.0
P0001778,28,M,B,sedan,16488,10.6,0.831,0,0.0
P0001779,37,F,B,sedan,21366,19.3,0.6956,0,0.0
P0001780,61,M,A,sedan,12103,45.5,0.6997,0,0.0
P0001781,20,F,B,sedan,14665,5.1,0.5256,0,0.0
P0001782,39,F,C,sedan,32776,17.9,0.5975,1,6203.7
P0001783,19,M,A,sedan,31112,3.6,0.779,0,0.0
P0001784,78,F,A,suv,27789,65.0,0.9475,0,0.0
P0001785,63,M,B,sedan,15935,45.5,0.8061,0,0.0
P0001786,33,F,B,suv,20422,16.9,0.6935,0,0.0
P0001787,30,F,A,sedan,14079,11.8,0.916,0,0.0
P0001788,24,M,A,sedan,17641,3.9,0.7244,0,0.0
P0001789,47,M,B,sedan,21032,29.3,0.6299,0,0.0
P0001790,65,M,A,sedan,31616,47.5,0.54,1,2108.57
P0001791,54,F,B,suv,29673,35.7,0.9143,0,0.0
P0001792,73,F,B,suv,11058,50.6,0.808,0,0.0
P0001793,39,M,B,suv,34308,17.4,0.7904,0,0.0
P0001794,35,M,B,sedan,7317,18.6,0.8603,0,0.0
P0001795,48,M,B,sedan,6483,29.1,0.8025,0,0.0
P0001796,30,M,B,truck,31404,9.4,0.6753,1,481.84
P0001797,79,M,B,sedan,13784,60.6,0.8088,1,726.6
P0001798,29,F,B,sedan,31551,12.1,0.57,1,990.59
P0001799,48,M,B,sedan,7136,32.0,0.6481,0,0.0
P0001800,50,F,B,truck,12535,32.8,0.7687,0,0.0
P0001801,21,F,B,truck,30581,6.3,0.5346,0,0.0
P0001802,47,M,B,sedan,11053,28.2,0.9109,0,0.0
P0001803,46,F,A,sedan,21096,26.2,0.5223,0,0.0
P0001804,34,F,B,suv,27360,17.8,0.6862,0,0.0
P0001805,26,M,A,sedan,15814,9.9,0.7272,0,0.0
P0001806,20,M,C,sedan,9444,5.1,0.8404,0,0.0
P0001807,18,M,B,sedan,30830,0.1,0.5774,0,0.0
P0001808,48,M,A,sedan,24280,31.0,0.9107,0,0.0
P0001809,23,F,B,sedan,33273,8.9,0.7131,0,0.0
P0001810,78,M,A,suv,26738,55.2,0.6256,0,0.0
P0001811,33,F,C,suv,28075,19.6,0.5492,0,0.0
P0001812,59,F,C,suv,24281,44.9,0.9627,0,0.0
P0001813,60,F,C,sedan,25770,41.1,0.7017,0,0.0
P0001814,49,F,B,sedan,18234,30.7,0.6907,0,0.0
P0001815,73,F,C,truck,33728,57.4,0.5901,0,0.0
P0001816,24,F,B,sedan,30301,8.6,0.7532,1,3894.75
P0001817,32,M,C,sedan,12514,14.1,0.6599,1,1893.38
P0001818,33,F,A,sedan,33829,15.2,0.583,1,2651.64
P0001819,26,F,C,sedan,12253,10.4,0.8764,0,0.0
P0001820,36,M,B,sedan,26876,17.0,0.9491,0,0.0
P0001821,37,M,A,sedan,33546,18.9,0.6761,0,0.0
P0001822,66,M,C,suv,17987,46.3,0.6432,0,0.0
P0001823,37,F,B,sedan,10733,20.1,0.6867,0,0.0
P0001824,73,F,C,suv,35866,54.4,0.9624,0,0.0
P0001825,66,M,A,suv,29605,49.5,0.7918,0,0.0
P0001826,74,M,B,sedan,18931,55.9,0.583,0,0.0
P0001827,24,F,B,truck,35725,6.3,0.8162,0,0.0
P0001828,80,M,A,truck,8604,61.3,0.7006,0,0.0
P0001829,56,M,C,sedan,21343,38.0,0.5087,0,0.0
P0001830,79,M,B,suv,10660,65.8,0.985,0,0.0
P0001831,40,F,A,suv,10732,24.3,0.5574,0,0.0
P0001832,78,M,B,suv,15786,60.8,0.7067,0,0.0
P0001833,55,F,A,sedan,22798,37.1,0.8288,0,0.0
P0001834,22,M,C,sedan,10304,3.4,0.793,0,0.0
P0001835,43,F,C,sedan,21129,24.9,0.5021,0,0.0
P0001836,26,F,B,sedan,29127,10.4,0.8039,0,0.0
P0001837,77,F,B,sedan,9549,58.2,0.8636,0,0.0
P0001838,37,M,B,truck,5437,21.6,0.9247,0,0.0
P0001839,32,M,A,sedan,28154,12.5,0.592,0,0.0
P0001840,52,M,C,sedan,17582,32.3,0.5184,0,0.0
P0001841,44,M,A,sedan,10894,27.0,0.9722,0,0.0
P0001842,24,M,B,sedan,32224,8.3,0.8402,0,0.0
P0001843,69,M,A,suv,18241,53.4,0.7275,0,0.0
P0001844,71,F,B,truck,8649,56.2,0.8625,0,0.0
P0001845,64,M,C,sedan,14575,48.8,0.5785,1,6127.24
P0001846,56,F,A,sedan,22858,39.4,0.9792,0,0.0
P0001847,43,F,A,sedan,14024,27.1,0.8271,0,0.0
P0001848,52,F,A,truck,33949,38.2,0.9385,0,0.0
P0001849,50,F,A,sedan,24448,34.0,0.7784,0,0.0
P0001850,28,M,B,sedan,7219,10.8,0.9004,0,0.0
P0001851,23,M,C,sedan,15758,6.7,0.6638,1,249.27
P0001852,33,F,B,sedan,15841,17.8,0.5665,0,0.0
P0001853,46,M,A,sedan,9524,33.8,0.6769,0,0.0
P0001854,28,F,B,truck,6167,8.7,0.9485,0,0.0
P0001855,24,F,C,sedan,8476,7.1,0.849,0,0.0
P0001856,71,F,A,sedan,26148,53.4,0.7281,1,5276.35
P0001857,41,F,A,sedan,12696,23.6,0.6176,0,0.0
P0001858,54,F,C,sedan,17942,36.0,0.799,0,0.0
P0001859,51,F,A,truck,9423,33.5,0.7965,0,0.0
P0001860,64,F,C,suv,34366,46.8,0.7655,1,7166.55
P0001861,64,F,C,truck,35581,45.5,0.8689,0,0.0
P0001862,36,M,C,truck,26429,17.0,0.6214,0,0.0
P0001863,71,F,A,suv,15280,51.2,0.7555,0,0.0
P0001864,41,F,A,suv,23660,25.7,0.6542,0,0.0
P0001865,70,M,C,suv,16964,52.5,0.6028,0,0.0
P0001866,43,F,B,suv,33219,29.2,0.6664,0,0.0
P0001867,24,F,A,suv,23756,8.0,0.9015,0,0.0
P0001868,65,F,B,suv,9019,48.4,0.5569,0,0.0
P0001869,19,M,A,sedan,7997,0.5,0.6377,0,0.0
P0001870,66,M,B,suv,29286,49.2,0.7665,0,0.0
P0001871,20,M,C,sedan,27559,1.7,0.7005,1,1077.45
P0001872,31,M,B,suv,27623,14.7,0.9138,1,2904.05
P0001873,56,F,B,suv,15327,40.2,0.8896,0,0.0
P0001874,77,F,C,suv,25870,61.6,0.839,0,0.0
P0001875,43,F,B,suv,13405,24.6,0.6412,0,0.0
P0001876,25,F,A,suv,24780,8.8,0.5106,2,6249.92
P0001877,32,F,B,suv,15186,19.9,0.657,2,6309.78
P0001878,74,F,A,sedan,8855,55.7,0.8005,0,0.0
P0001879,63,M,A,sedan,30795,47.9,0.5507,0,0.0
P0001880,24,F,B,sedan,30235,6.6,0.9118,0,0.0
P0001881,42,F,A,sedan,29292,27.3,0.9933,0,0.0
P0001882,34,M,A,sedan,24689,17.0,0.8688,0,0.0
P0001883,29,F,B,suv,24808,17.7,0.7073,0,0.0
P0001884,71,M,A,suv,28915,54.1,0.8986,0,0.0
P0001885,56,M,B,sedan,22468,40.8,0.6363,0,0.0
P0001886,29,M,A,truck,32158,14.5,0.9771,0,0.0
P0001887,58,F,B,sedan,28754,39.5,0.6833,0,0.0
P0001888,44,F,C,suv,21815,27.2,0.8449,0,0.0
P0001889,21,M,A,sedan,23197,4.5,0.5095,0,0.0
P0001890,46,M,C,suv,34663,30.4,0.8154,0,0.0
P0001891,29,M,A,sedan,20648,10.2,0.648,0,0.0
P0001892,33,F,A,sedan,8385,16.9,0.5511,0,0.0
P0001893,73,F,A,sedan,31142,53.0,0.7168,0,0.0
P0001894,62,F,A,suv,5125,42.5,0.5529,0,0.0
P0001895,26,F,A,truck,12657,6.1,0.5925,0,0.0
P0001896,71,F,C,suv,15228,52.1,0.9476,0,0.0
P0001897,54,M,C,suv,5801,38.2,0.5317,0,0.0
P0001898,73,F,C,sedan,11713,55.9,0.8125,0,0.0
P0001899,65,M,C,suv,10457,48.4,0.5301,0,0.0
P0001900,39,M,B,truck,22161,20.3,0.859,0,0.0
P0001901,51,F,A,sedan,32294,34.0,0.9889,1,8532.69
P0001902,51,M,A,sedan,13689,34.5,0.7148,0,0.0
P0001903,63,M,B,sedan,17118,42.7,0.9841,0,0.0
P0001904,33,F,C,sedan,26332,16.7,0.8207,0,0.0
P0001905,38,F,A,sedan,25901,22.2,0.7977,0,0.0
P0001906,33,M,A,suv,34305,16.8,0.5856,0,0.0
P0001907,36,M,B,suv,21198,16.9,0.9762,0,0.0
P0001908,28,M,C,sedan,28846,10.6,0.9308,0,0.0
P0001909,20,M,B,truck,31207,2.1,0.5659,0,0.0
P0001910,77,F,B,truck,18027,59.5,0.5143,0,0.0
P0001911,22,M,B,suv,30935,9.4,0.6795,0,0.0
P0001912,73,M,A,truck,35550,58.1,0.5797,0,0.0
P0001913,18,M,B,truck,8704,1.6,0.6681,0,0.0
P0001914,66,M,C,sedan,28906,48.4,0.9792,0,0.0
P0001915,38,M,C,truck,24320,23.0,0.931,0,0.0
P0001916,50,M,B,sedan,30137,35.0,0.7201,0,0.0
P0001917,35,F,A,sedan,22026,18.6,0.6379,0,0.0
P0001918,48,M,A,sedan,11347,28.3,0.7889,0,0.0
P0001919,46,F,A,suv,18294,33.3,0.9687,0,0.0
P0001920,51,M,A,truck,26293,39.3,0.8953,0,0.0
P0001921,42,M,A,sedan,32793,21.5,0.9339,0,0.0
P0001922,51,M,B,suv,7189,37.1,0.8806,0,0.0
P0001923,70,F,C,sedan,10818,53.8,0.7518,1,2133.84
P0001924,45,F,B,truck,12294,31.0,0.5708,0,0.0
P0001925,40,F,B,sedan,23333,23.6,0.9093,0,0.0
P0001926,26,F,C,suv,5509,9.3,0.8255,0,0.0
P0001927,40,F,C,suv,34522,19.8,0.8863,0,0.0
P0001928,25,M,A,sedan,26862,6.6,0.867,0,0.0
P0001929,29,F,A,truck,33063,14.6,0.6231,0,0.0
P0001930,77,M,A,truck,5649,63.8,0.6428,0,0.0
P0001931,23,F,C,sedan,13511,5.0,0.9282,0,0.0
P0001932,48,M,A,suv,18924,32.0,0.7036,0,0.0
P0001933,70,M,A,truck,28890,54.4,0.5889,0,0.0
P0001934,78,M,B,sedan,25114,58.6,0.8214,0,0.0
P0001935,27,M,B,sedan,17956,13.5,0.6492,0,0.0
P0001936,28,M,B,suv,14454,11.7,0.8213,0,0.0
P0001937,41,M,C,suv,15250,22.7,0.795,0,0.0
P0001938,52,M,B,suv,16385,37.4,0.8316,0,0.0
P0001939,78,F,C,suv,26376,58.4,0.9967,0,0.0
P0001940,31,F,A,suv,31912,16.0,0.6387,0,0.0
P0001941,28,M,C,sedan,19770,11.1,0.9878,1,2796.42
P0001942,33,F,B,sedan,32943,17.4,0.8817,1,539.49
P0001943,73,M,A,sedan,14298,61.5,0.9277,0,0.0
P0001944,19,M,C,sedan,31619,2.8,0.9012,0,0.0
P0001945,41,F,C,suv,5027,22.4,0.5115,0,0.0
P0001946,25,M,C,truck,28247,10.1,0.7518,1,3771.23
P0001947,27,M,C,sedan,34435,11.3,0.5529,0,0.0
P0001948,75,M,A,suv,13603,59.0,0.8367,1,620.01
P0001949,18,M,A,sedan,26132,0.0,0.5298,0,0.0
P0001950,38,M,A,sedan,7314,21.7,0.5166,0,0.0
P0001951,75,M,C,truck,31391,58.0,0.9534,1,5969.97
P0001952,56,M,C,sedan,20149,38.9,0.9585,0,0.0
P0001953,22,F,C,suv,18166,6.0,0.8119,0,0.0
P0001954,47,M,C,sedan,33656,26.6,0.73,0,0.0
P0001955,79,M,B,sedan,33692,64.1,0.9142,1,12672.62
P0001956,43,F,A,suv,11924,24.6,0.9821,0,0.0
P0001957,51,F,A,suv,34749,31.4,0.5271,0,0.0
P0001958,51,M,B,suv,11496,34.3,0.5518,0,0.0
P0001959,59,F,C,truck,30177,41.9,0.9525,0,0.0
P0001960,29,M,A,truck,29169,10.9,0.5497,0,0.0
P0001961,70,F,C,suv,20620,53.7,0.8571,0,0.0
P0001962,80,F,B,sedan,23351,66.8,0.7768,1,8472.21
P0001963,26,M,A,sedan,17218,9.5,0.7608,0,0.0
P0001964,69,F,C,suv,17533,48.7,0.5488,0,0.0
P0001965,69,F,B,suv,20966,50.9,0.8644,0,0.0
P0001966,64,M,B,sedan,31742,46.8,0.801,0,0.0
P0001967,41,M,A,sedan,19970,22.5,0.9644,0,0.0
P0001968,47,F,A,sedan,23058,30.3,0.7405,0,0.0
P0001969,70,M,A,sedan,26932,52.9,0.9562,0,0.0
P0001970,27,M,B,sedan,33528,10.9,0.5919,0,0.0
P0001971,70,M,C,truck,31675,52.0,0.6019,0,0.0
P0001972,76,F,C,suv,16412,60.1,0.9745,1,1786.21
P0001973,60,F,C,truck,31769,43.6,0.5497,0,0.0
P0001974,39,M,A,suv,18766,20.2,0.6183,0,0.0
P0001975,53,M,C,sedan,7912,36.4,0.5707,0,0.0
P0001976,21,F,A,suv,7303,2.9,0.8549,0,0.0
P0001977,76,M,A,truck,11366,57.7,0.8901,0,0.0
P0001978,39,F,B,suv,16398,22.2,0.9507,0,0.0
P0001979,21,M,C,sedan,17404,4.7,0.5734,0,0.0
P0001980,68,M,C,suv,10571,53.6,0.6609,0,0.0
P0001981,59,M,C,sedan,10523,44.2,0.6586,0,0.0
P0001982,57,M,A,sedan,6017,38.8,0.9867,0,0.0
P0001983,21,F,A,sedan,33259,2.8,0.7915,1,3483.15
P0001984,65,M,A,sedan,12928,50.0,0.6687,0,0.0
P0001985,58,F,B,truck,25120,40.2,0.6494,0,0.0
P0001986,67,M,B,sedan,20209,49.6,0.6595,1,3516.96
P0001987,70,M,A,sedan,16170,51.1,0.8561,0,0.0
P0001988,31,F,B,suv,12668,9.7,0.7746,1,1933.06
P0001989,31,F,B,truck,6989,12.9,0.8118,0,0.0
P0001990,76,F,B,suv,8381,60.4,0.7353,0,0.0
P0001991,51,F,B,sedan,25993,32.5,0.5131,0,0.0
P0001992,45,F,A,sedan,18997,30.1,0.8436,0,0.0
P0001993,36,M,B,suv,35006,14.6,0.8621,0,0.0
P0001994,58,F,B,truck,9583,43.5,0.5901,0,0.0
P0001995,65,M,A,sedan,33837,47.1,0.8247,0,0.0
P0001996,18,M,A,truck,7665,1.0,0.9388,1,1357.24
P0001997,52,M,C,suv,27717,35.8,0.8014,0,0.0
P0001998,80,F,C,suv,34765,64.0,0.8343,0,0.0
P0001999,35,M,A,sedan,9772,15.3,0.8504,0,0.0
P0002000,35,M,B,truck,19754,16.9,0.6622,0,0.0
P0002001,73,M,B,suv,33530,56.3,0.5771,0,0.0
P0002002,21,M,A,sedan,29872,0.5,0.7363,0,0.0
P0002003,43,M,A,sedan,11767,26.2,0.6159,0,0.0
P0002004,46,M,C,sedan,10294,27.5,0.8435,0,0.0
P0002005,68,M,B,sedan,15468,53.7,0.8575,0,0.0
P0002006,26,F,A,sedan,19308,11.6,0.5041,0,0.0
P0002007,45,M,C,sedan,14113,26.6,0.9771,0,0.0
P0002008,27,F,B,sedan,7787,9.4,0.9625,0,0.0
P0002009,67,F,B,suv,20431,45.7,0.566,0,0.0
P0002010,57,M,A,suv,17765,41.4,0.7389,0,0.0
P0002011,49,F,A,suv,14470,30.6,0.6045,0,0.0
P0002012,42,M,A,sedan,30618,25.5,0.982,0,0.0
P0002013,27,F,C,sedan,13988,8.3,0.783,0,0.0
P0002014,76,M,B,suv,32675,57.5,0.8501,0,0.0
P0002015,58,F,C,suv,5347,41.1,0.9889,0,0.0
P0002016,38,M,A,sedan,21089,22.5,0.8365,0,0.0
P0002017,44,F,C,truck,34456,27.7,0.9354,0,0.0
P0002018,63,F,B,suv,13878,48.2,0.6203,0,0.0
P0002019,63,F,B,truck,25309,45.3,0.6147,0,0.0
P0002020,47,M,A,suv,27737,35.6,0.7206,0,0.0
P0002021,37,M,B,sedan,15613,21.2,0.9407,0,0.0
P0002022,59,M,A,truck,24806,40.2,0.5196,0,0.0
P0002023,59,F,A,truck,25221,40.2,0.7207,0,0.0
P0002024,55,F,C,truck,19584,41.2,0.9125,0,0.0
P0002025,22,F,A,truck,16673,3.8,0.5887,0,0.0
P0002026,47,M,A,truck,19736,32.3,0.8079,0,0.0
P0002027,56,M,C,suv,9617,39.8,0.535,1,3131.59
P0002028,77,F,A,sedan,20289,58.5,0.5052,1,1585.82
P0002029,51,M,B,suv,15080,36.0,0.6595,1,2258.73
P0002030,39,M,C,suv,15516,19.1,0.9028,1,2900.04
P0002031,53,F,B,suv,12613,35.5,0.5207,0,0.0
P0002032,29,F,A,sedan,21088,11.1,0.6824,0,0.0
P0002033,23,F,B,suv,5234,3.8,0.8643,0,0.0
P0002034,60,F,B,truck,6778,41.2,0.6846,0,0.0
P0002035,80,F,A,sedan,11473,61.4,0.7394,0,0.0
P0002036,71,M,C,sedan,22675,55.3,0.7502,0,0.0
P0002037,54,F,C,suv,12965,39.2,0.954,0,0.0
P0002038,20,M,A,sedan,20382,3.6,0.9379,0,0.0
P0002039,80,M,A,sedan,9586,62.1,0.5318,0,0.0
P0002040,46,M,B,suv,18037,31.6,0.8461,1,375.69
P0002041,36,M,B,truck,19060,17.8,0.7715,1,1508.81
P0002042,74,F,C,sedan,15043,56.3,0.6773,1,8383.87
P0002043,65,F,A,sedan,6539,48.4,0.7463,0,0.0
P0002044,65,F,A,sedan,24275,47.9,0.9399,0,0.0
P0002045,35,M,B,suv,11312,17.9,0.8865,0,0.0
P0002046,80,M,C,sedan,20034,62.1,0.784,0,0.0
P0002047,46,F,A,sedan,26992,27.5,0.5878,0,0.0
P0002048,51,F,C,suv,8126,28.3,0.8093,0,0.0
P0002049,65,F,A,truck,26038,47.7,0.749,0,0.0
P0002050,59,F,A,sedan,16608,43.3,0.7234,0,0.0
P0002051,28,M,B,suv,20610,14.8,0.9719,0,0.0
P0002052,37,F,A,suv,7371,22.8,0.9963,0,0.0
P0002053,40,F,B,sedan,20479,24.5,0.9757,0,0.0
P0002054,77,F,A,truck,16754,58.6,0.8694,0,0.0
P0002055,63,F,B,sedan,10523,46.8,0.7994,0,0.0
P0002056,41,F,A,sedan,21517,23.2,0.6597,0,0.0
P0002057,64,M,C,sedan,25171,48.5,0.9736,0,0.0
P0002058,64,F,C,sedan,17121,46.1,0.7278,0,0.0
P0002059,42,M,B,suv,24664,23.3,0.6008,0,0.0
P0002060,43,F,B,suv,15590,26.8,0.5554,0,0.0
P0002061,74,F,C,suv,30745,56.1,0.9179,0,0.0
P0002062,53,F,A,suv,13715,36.9,0.6641,0,0.0
P0002063,27,F,C,sedan,29749,12.5,0.8831,0,0.0
P0002064,63,F,B,truck,16834,44.9,0.8137,0,0.0
P0002065,55,F,C,truck,22298,37.2,0.6418,0,0.0
P0002066,50,M,A,sedan,7148,31.8,0.9253,0,0.0
P0002067,63,M,A,suv,7306,44.1,0.9224,0,0.0
P0002068,75,M,A,truck,35810,58.5,0.5859,0,0.0
P0002069,38,F,A,sedan,5239,21.4,0.5609,0,0.0
P0002070,44,M,A,sedan,22215,27.6,0.8003,0,0.0
P0002071,29,M,C,sedan,19174,11.3,0.6167,0,0.0
P0002072,58,F,A,truck,24721,41.3,0.6661,0,0.0
P0002073,43,F,A,suv,5115,25.7,0.9684,0,0.0
P0002074,39,M,A,suv,10677,23.4,0.5878,0,0.0
P0002075,61,M,B,truck,15503,46.1,0.7352,0,0.0
P0002076,43,F,B,sedan,33625,27.8,0.6475,0,0.0
P0002077,47,F,A,truck,15841,29.2,0.674,0,0.0
P0002078,45,M,C,suv,22706,28.1,0.685,0,0.0
P0002079,34,F,C,suv,22771,18.0,0.63,1,2663.83
P0002080,25,M,A,sedan,17845,6.7,0.8817,1,2922.53
P0002081,70,M,C,sedan,30702,50.1,0.9059,0,0.0
P0002082,23,M,A,sedan,27109,7.0,0.7698,0,0.0
P0002083,38,M,B,sedan,18766,23.2,0.9497,0,0.0
P0002084,60,F,C,sedan,14434,41.1,0.5683,0,0.0
P0002085,26,M,C,sedan,13611,9.0,0.7533,0,0.0
P0002086,59,M,A,suv,33973,42.4,0.9142,0,0.0
P0002087,64,M,B,truck,8902,45.0,0.8105,0,0.0
P0002088,59,F,A,sedan,10248,42.5,0.9925,0,0.0
P0002089,37,F,B,sedan,13116,19.2,0.7979,0,0.0
P0002090,19,F,B,suv,30826,1.7,0.98,0,0.0
P0002091,73,F,A,suv,26330,49.5,0.5494,0,0.0
P0002092,38,M,C,suv,34964,21.3,0.5213,0,0.0
P0002093,68,M,B,truck,27377,49.1,0.6783,0,0.0
P0002094,30,M,A,sedan,20244,13.5,0.9207,0,0.0
P0002095,28,M,C,sedan,6247,10.1,0.5253,0,0.0
P0002096,67,F,B,truck,32176,50.4,0.6261,0,0.0
P0002097,77,F,A,suv,25762,58.4,0.9925,0,0.0
P0002098,72,F,B,suv,7218,55.2,0.8205,1,1006.87
P0002099,65,F,C,truck,35094,47.0,0.6966,0,0.0
P0002100,33,F,C,sedan,24238,17.5,0.5389,0,0.0
P0002101,75,F,A,sedan,24214,59.6,0.8776,0,0.0
P0002102,60,F,B,sedan,16043,46.8,0.9627,1,712.61
P0002103,28,M,C,truck,15251,10.3,0.8708,0,0.0
P0002104,26,F,C,truck,16293,10.3,0.5582,1,3327.29
P0002105,72,F,A,sedan,6553,50.6,0.7659,0,0.0
P0002106,35,F,B,sedan,18961,18.9,0.7014,0,0.0
P0002107,66,M,C,suv,6932,46.5,0.952,2,5160.41
P0002108,26,M,A,sedan,23500,6.7,0.8812,0,0.0
P0002109,35,F,B,truck,11418,18.5,0.901,0,0.0
P0002110,35,F,B,sedan,24096,19.5,0.7069,0,0.0
P0002111,35,M,B,truck,16573,18.3,0.5124,0,0.0
P0002112,60,M,B,suv,13626,40.7,0.8797,0,0.0
P0002113,75,M,A,sedan,9487,53.4,0.8167,0,0.0
P0002114,75,M,C,suv,16902,60.5,0.5707,0,0.0
P0002115,64,M,A,suv,7142,47.0,0.8784,0,0.0
P0002116,30,M,C,sedan,12735,14.2,0.5747,0,0.0
P0002117,78,F,B,sedan,19376,61.7,0.8698,0,0.0
P0002118,52,M,A,truck,24608,31.6,0.8568,0,0.0
P0002119,52,F,C,suv,19251,36.5,0.5038,0,0.0
P0002120,62,M,C,suv,8163,48.2,0.8874,0,0.0
P0002121,66,F,A,sedan,27348,48.6,0.7038,0,0.0
P0002122,78,F,A,suv,18130,60.2,0.7533,0,0.0
P0002123,54,M,B,suv,24429,37.8,0.9823,0,0.0
P0002124,56,M,C,sedan,35333,40.4,0.9599,0,0.0
P0002125,64,F,A,sedan,6505,46.7,0.6913,0,0.0
P0002126,34,M,C,sedan,35652,19.7,0.8548,0,0.0
P0002127,37,F,A,suv,34500,19.2,0.7565,0,0.0
P0002128,57,F,B,sedan,21056,40.7,0.9111,1,2250.17
P0002129,22,M,A,truck,5840,2.2,0.6598,0,0.0
P0002130,38,F,A,sedan,12671,20.4,0.7355,0,0.0
P0002131,63,F,C,truck,12005,46.3,0.5562,0,0.0
P0002132,79,M,A,sedan,23088,62.5,0.9633,0,0.0
P0002133,50,F,C,suv,26436,36.9,0.9504,0,0.0
P0002134,43,F,A,suv,20142,26.2,0.638,0,0.0
P0002135,45,F,A,suv,16031,28.4,0.7915,0,0.0
P0002136,61,M,C,truck,6317,43.9,0.6892,0,0.0
P0002137,52,F,B,sedan,34114,35.4,0.5779,0,0.0
P0002138,19,F,A,sedan,35661,0.0,0.5225,0,0.0
P0002139,51,M,B,sedan,6016,34.5,0.9114,0,0.0
P0002140,43,F,A,suv,15142,27.7,0.6446,0,0.0
P0002141,62,F,C,truck,35467,48.3,0.7577,1,2893.34
P0002142,73,M,A,sedan,17377,56.9,0.9513,0,0.0
P0002143,78,M,B,suv,24303,63.1,0.5099,0,0.0
P0002144,56,F,A,sedan,20920,41.6,0.7737,0,0.0
P0002145,40,M,B,truck,24630,23.6,0.9777,0,0.0
P0002146,45,M,C,sedan,32291,25.7,0.9046,1,2455.32
P0002147,29,F,C,truck,16770,10.1,0.6097,0,0.0
P0002148,76,M,A,suv,29772,61.6,0.6004,0,0.0
P0002149,71,M,A,truck,19147,53.9,0.8812,0,0.0
P0002150,71,M,A,suv,11372,53.2,0.5399,0,0.0
P0002151,38,M,C,sedan,7321,19.8,0.7997,0,0.0
P0002152,38,M,A,truck,27209,17.8,0.6171,0,0.0
P0002153,71,M,B,sedan,23680,56.3,0.9196,1,5400.96
P0002154,52,M,A,sedan,32111,36.8,0.6897,0,0.0
P0002155,62,M,C,sedan,12295,46.3,0.7075,0,0.0
P0002156,48,M,B,truck,27142,30.3,0.8972,0,0.0
P0002157,45,M,B,suv,5726,33.4,0.544,0,0.0
P0002158,57,M,C,sedan,9314,40.5,0.8005,0,0.0
P0002159,69,F,C,truck,23426,55.6,0.9813,0,0.0
P0002160,39,F,B,sedan,21705,22.0,0.8252,0,0.0
P0002161,68,M,C,sedan,23360,46.9,0.5409,0,0.0
P0002162,33,F,B,sedan,30995,14.2,0.9543,1,9665.02
P0002163,43,M,B,sedan,30843,28.5,0.5645,0,0.0
P0002164,75,M,A,suv,11064,58.8,0.6844,0,0.0
P0002165,78,M,B,sedan,11280,62.8,0.5908,1,2604.53
P0002166,76,F,B,sedan,21694,56.4,0.8609,0,0.0
P0002167,37,M,A,sedan,34679,24.4,0.6324,0,0.0
P0002168,71,F,A,truck,25756,54.9,0.6306,0,0.0
P0002169,76,M,B,suv,9529,60.4,0.7068,0,0.0
P0002170,79,F,A,sedan,24696,64.3,0.643,0,0.0
P0002171,19,F,B,suv,15482,0.0,0.8923,0,0.0
P0002172,64,M,B,sedan,8304,50.1,0.7633,0,0.0
P0002173,80,M,A,truck,27079,65.4,0.778,0,0.0
P0002174,66,M,A,sedan,13601,45.8,0.5808,0,0.0
P0002175,32,F,A,sedan,29049,15.2,0.9567,0,0.0
P0002176,66,F,A,sedan,22116,49.4,0.6744,0,0.0
P0002177,24,F,B,sedan,18849,8.3,0.6887,0,0.0
P0002178,48,M,B,sedan,11471,31.0,0.6212,1,5835.62
P0002179,57,M,C,suv,14064,40.9,0.9801,0,0.0
P0002180,46,F,A,sedan,15345,30.5,0.8035,0,0.0
P0002181,62,F,B,sedan,26491,47.8,0.5305,0,0.0
P0002182,33,F,A,suv,17867,15.9,0.5963,0,0.0
P0002183,56,M,C,suv,6053,40.2,0.7402,0,0.0
P0002184,58,F,A,truck,5422,41.9,0.5939,0,0.0
P0002185,57,F,B,sedan,13511,38.7,0.8025,0,0.0
P0002186,36,F,B,truck,20823,20.0,0.6539,0,0.0
P0002187,37,F,A,suv,15332,20.2,0.6748,0,0.0
P0002188,34,F,C,suv,35837,13.7,0.8933,0,0.0
P0002189,47,F,A,sedan,12168,29.2,0.7622,0,0.0
P0002190,54,M,A,sedan,17656,38.1,0.5565,2,2424.25
P0002191,40,M,B,sedan,17329,25.2,0.6859,0,0.0
P0002192,43,F,B,suv,13503,26.3,0.9482,0,0.0
P0002193,36,M,A,suv,32368,17.4,0.9231,0,0.0
P0002194,31,F,A,sedan,12842,15.2,0.8799,0,0.0
P0002195,59,M,A,sedan,5331,42.1,0.9218,0,0.0
P0002196,69,M,C,truck,20970,53.2,0.5458,0,0.0
P0002197,36,F,B,sedan,24679,19.8,0.5611,0,0.0
P0002198,72,M,A,suv,19136,57.6,0.5093,0,0.0
P0002199,53,M,A,truck,18058,35.6,0.5625,0,0.0
P0002200,28,M,C,sedan,31721,10.8,0.9118,0,0.0
P0002201,41,F,C,suv,16593,21.2,0.519,0,0.0
P0002202,18,F,A,suv,24816,0.9,0.7326,1,1638.51
P0002203,20,F,B,sedan,30962,4.6,0.6236,0,0.0
P0002204,39,M,A,sedan,17358,19.2,0.9162,0,0.0
P0002205,46,M,A,truck,21760,28.4,0.9014,0,0.0
P0002206,68,F,C,sedan,16958,50.8,0.883,0,0.0
P0002207,26,M,C,sedan,24047,9.2,0.6891,0,0.0
P0002208,70,F,A,sedan,21962,52.8,0.9628,0,0.0
P0002209,32,F,C,suv,31418,16.9,0.9479,0,0.0
P0002210,26,M,B,sedan,12854,9.3,0.8254,0,0.0
P0002211,62,F,C,sedan,10013,45.6,0.8063,0,0.0
P0002212,66,M,C,sedan,18108,48.4,0.6685,0,0.0
P0002213,56,M,B,sedan,23984,36.9,0.8679,0,0.0
P0002214,25,M,C,suv,13836,6.2,0.9692,1,1413.19
P0002215,25,M,A,truck,35943,7.1,0.6581,0,0.0
P0002216,42,F,B,sedan,20979,28.6,0.643,0,0.0
P0002217,46,M,A,suv,30164,30.0,0.6318,0,0.0
P0002218,80,M,C,suv,21944,66.8,0.9916,0,0.0
P0002219,36,F,A,suv,17178,17.0,0.7702,0,0.0
P0002220,30,F,B,suv,31251,13.4,0.9838,0,0.0
P0002221,77,F,C,sedan,9884,60.4,0.8087,0,0.0
P0002222,27,F,A,suv,12786,11.5,0.6467,0,0.0
P0002223,19,M,A,suv,28718,0.0,0.7932,0,0.0
P0002224,44,F,A,suv,33046,26.9,0.5777,0,0.0
P0002225,43,M,B,sedan,14019,26.4,0.7241,1,1979.82
P0002226,57,F,A,sedan,21593,39.9,0.7214,0,0.0
P0002227,73,F,B,sedan,20072,55.7,0.7883,0,0.0
P0002228,76,F,B,sedan,27531,59.4,0.6936,1,4108.58
P0002229,36,F,C,sedan,20480,16.6,0.7276,0,0.0
P0002230,79,M,C,sedan,23961,59.6,0.9381,0,0.0
P0002231,57,F,A,sedan,25743,40.0,0.5902,0,0.0
P0002232,22,F,C,sedan,30700,6.7,0.9613,0,0.0
P0002233,77,F,C,truck,9301,59.5,0.7693,0,0.0
P0002234,26,F,B,suv,25557,10.3,0.8144,0,0.0
P0002235,55,M,B,sedan,10602,35.3,0.5521,0,0.0
P0002236,67,M,A,suv,5343,47.0,0.5726,0,0.0
P0002237,33,F,B,sedan,27209,14.7,0.8663,1,887.22
P0002238,35,M,B,sedan,17098,20.5,0.9503,0,0.0
P0002239,47,F,A,suv,27217,31.1,0.7594,0,0.0
P0002240,73,M,A,sedan,34089,56.5,0.5838,1,4480.96
P0002241,32,M,A,suv,8995,16.8,0.8985,0,0.0
P0002242,59,F,B,sedan,18995,42.7,0.9588,2,6705.49
P0002243,46,M,A,sedan,8064,28.7,0.8351,0,0.0
P0002244,25,M,B,sedan,30679,7.1,0.5914,0,0.0
P0002245,62,F,C,sedan,35984,42.6,0.7062,1,3500.08
P0002246,70,M,A,suv,31937,53.2,0.9699,0,0.0
P0002247,54,M,A,sedan,35803,37.7,0.5958,0,0.0
P0002248,29,F,A,sedan,15309,14.7,0.5854,0,0.0
P0002249,27,M,A,sedan,13621,9.4,0.8509,0,0.0
P0002250,44,M,C,suv,31589,28.0,0.7716,0,0.0
P0002251,49,M,B,suv,25203,32.6,0.6024,0,0.0
P0002252,52,F,C,truck,16700,36.3,0.8083,0,0.0
P0002253,33,M,C,suv,11521,17.2,0.9683,1,4712.65
P0002254,49,M,A,truck,5786,30.7,0.9276,0,0.0
P0002255,36,M,B,sedan,6181,19.2,0.5033,0,0.0
P0002256,61,F,B,suv,26526,41.0,0.9384,0,0.0
P0002257,68,F,B,sedan,13180,53.4,0.8135,0,0.0
P0002258,59,M,A,sedan,30428,39.6,0.6336,0,0.0
P0002259,18,M,A,suv,31231,2.1,0.5467,1,2357.15
P0002260,80,F,B,truck,18999,63.2,0.9856,0,0.0
P0002261,19,M,B,suv,14295,1.1,0.5145,0,0.0
P0002262,80,M,A,sedan,10375,61.1,0.5923,0,0.0
P0002263,20,M,A,suv,12954,1.0,0.8356,0,0.0
P0002264,50,F,B,sedan,24073,31.0,0.879,0,0.0
P0002265,24,M,B,suv,28435,7.6,0.6333,0,0.0
P0002266,23,F,B,sedan,27885,2.5,0.8685,0,0.0
P0002267,61,F,A,sedan,34719,42.9,0.8826,0,0.0
P0002268,63,M,A,sedan,25299,52.0,0.9014,0,0.0
P0002269,25,M,C,truck,20747,8.0,0.877,0,0.0
P0002270,79,F,B,sedan,16029,62.8,0.5163,0,0.0
P0002271,38,M,A,sedan,15426,21.7,0.9462,0,0.0
P0002272,38,M,B,sedan,16418,19.8,0.7814,1,1337.05
P0002273,36,F,B,sedan,32269,18.5,0.7155,0,0.0
P0002274,47,F,B,sedan,22022,31.4,0.5122,0,0.0
P0002275,29,M,A,suv,11850,9.1,0.7954,0,0.0
P0002276,44,M,B,sedan,10995,29.7,0.5814,2,8607.1
P0002277,31,F,C,sedan,5880,16.8,0.7738,0,0.0
P0002278,21,M,A,sedan,31231,6.3,0.5946,0,0.0
P0002279,41,M,A,sedan,11809,23.2,0.844,0,0.0
P0002280,60,M,A,suv,8171,42.3,0.5444,0,0.0
P0002281,66,M,A,sedan,13976,50.7,0.8002,1,2542.5
P0002282,40,F,C,suv,20083,24.3,0.8219,0,0.0
P0002283,38,F,C,sedan,34746,21.1,0.6976,0,0.0
P0002284,67,F,A,sedan,31642,52.2,0.9586,0,0.0
P0002285,60,M,C,sedan,10300,41.5,0.7633,2,9700.22
P0002286,70,M,A,suv,21411,49.9,0.8753,0,0.0
P0002287,75,M,B,sedan,30550,58.4,0.7223,2,12080.97
P0002288,69,F,B,suv,28589,51.4,0.8959,0,0.0
P0002289,76,M,A,truck,19561,58.9,0.9487,0,0.0
P0002290,44,F,B,sedan,12426,24.3,0.7065,0,0.0
P0002291,42,F,B,sedan,29341,21.2,0.9837,0,0.0
P0002292,38,F,A,sedan,18810,21.8,0.5766,0,0.0
P0002293,32,M,C,sedan,12348,15.0,0.9231,1,3139.72
P0002294,65,F,A,sedan,27104,46.4,0.7629,0,0.0
P0002295,63,M,A,suv,32360,45.4,0.5692,0,0.0
P0002296,68,M,C,suv,32538,52.9,0.8127,0,0.0
P0002297,28,M,B,suv,34059,14.7,0.5657,0,0.0
P0002298,48,F,A,sedan,24934,32.3,0.9437,0,0.0
P0002299,31,M,A,sedan,28804,13.4,0.908,0,0.0
P0002300,74,M,A,suv,12525,57.9,0.8272,0,0.0
P0002301,34,F,A,sedan,15041,19.2,0.6165,0,0.0
P0002302,27,M,A,suv,9535,11.2,0.9814,0,0.0
P0002303,53,M,B,suv,7515,32.4,0.9266,0,0.0
P0002304,73,F,B,sedan,31087,58.3,0.8576,2,9412.92
P0002305,75,M,C,sedan,19173,58.7,0.6827,1,2524.45
P0002306,24,F,C,suv,22175,8.1,0.7421,1,2192.38
P0002307,38,F,A,suv,7707,17.2,0.669,0,0.0
P0002308,27,M,C,sedan,10700,13.0,0.9247,0,0.0
P0002309,37,F,C,sedan,7363,21.6,0.6544,1,4359.07
P0002310,51,F,C,sedan,20055,33.9,0.6192,0,0.0
P0002311,35,F,B,suv,23005,17.7,0.6072,0,0.0
P0002312,22,F,A,sedan,8916,2.8,0.7006,0,0.0
P0002313,50,F,A,truck,26960,31.0,0.8115,0,0.0
P0002314,21,M,C,truck,8260,5.5,0.9158,0,0.0
P0002315,32,F,B,truck,31001,14.4,0.9624,0,0.0
P0002316,18,F,C,sedan,33519,1.4,0.54,0,0.0
P0002317,23,M,B,sedan,24844,7.0,0.5236,0,0.0
P0002318,45,M,A,truck,21883,26.0,0.6814,0,0.0
P0002319,71,F,A,suv,27686,53.6,0.9051,0,0.0
P0002320,66,F,C,sedan,12716,45.9,0.9537,0,0.0
P0002321,24,F,A,truck,33557,6.1,0.5842,0,0.0
P0002322,20,F,B,suv,32319,1.2,0.6429,0,0.0
P0002323,39,F,C,suv,26561,27.5,0.951,0,0.0
P0002324,59,M,A,truck,35965,41.9,0.7879,0,0.0
P0002325,65,M,A,truck,14388,47.2,0.7038,1,3371.99
P0002326,69,F,B,suv,32410,51.0,0.6218,0,0.0
P0002327,39,M,C,sedan,6053,19.0,0.5564,0,0.0
P0002328,28,F,B,suv,28175,9.8,0.5542,0,0.0
P0002329,19,F,A,suv,13973,4.5,0.837,0,0.0
P0002330,27,F,A,suv,34824,9.0,0.8602,0,0.0
P0002331,22,F,A,sedan,22583,3.4,0.6828,0,0.0
P0002332,72,M,A,suv,11119,56.3,0.803,0,0.0
P0002333,34,F,A,suv,14761,17.9,0.578,0,0.0
P0002334,69,M,C,truck,32208,50.5,0.5105,1,8860.64
P0002335,52,F,A,truck,29940,35.1,0.5499,0,0.0
P0002336,51,M,C,sedan,16120,31.9,0.5529,0,0.0
P0002337,46,M,C,suv,13138,28.7,0.9924,1,4541.23
P0002338,69,F,B,suv,5999,56.4,0.618,0,0.0
P0002339,20,F,B,suv,8826,2.9,0.5671,0,0.0
P0002340,23,M,A,sedan,6003,6.9,0.8977,0,0.0
P0002341,44,M,B,suv,15229,25.8,0.6833,0,0.0
P0002342,42,F,A,suv,10822,24.2,0.6031,0,0.0
P0002343,52,M,A,sedan,5626,36.9,0.6102,0,0.0
P0002344,64,F,B,truck,29164,46.7,0.5695,0,0.0
P0002345,55,F,A,truck,32255,37.0,0.54,0,0.0
P0002346,34,M,A,truck,32796,16.2,0.8401,0,0.0
P0002347,38,F,B,truck,30942,19.1,0.72,0,0.0
P0002348,65,F,B,sedan,8966,50.1,0.5742,0,0.0
P0002349,30,F,A,truck,10096,13.4,0.8962,0,0.0
P0002350,49,F,A,truck,31206,36.5,0.5096,0,0.0
P0002351,51,F,A,suv,5467,31.7,0.7153,0,0.0
P0002352,65,F,B,sedan,28419,47.8,0.5637,0,0.0
P0002353,63,M,B,sedan,8906,46.2,0.5139,0,0.0
P0002354,47,M,A,sedan,6618,30.3,0.7753,0,0.0
P0002355,37,F,B,suv,29192,19.0,0.5777,0,0.0
P0002356,41,F,C,suv,27673,21.9,0.5343,0,0.0
P0002357,43,M,B,suv,7640,26.6,0.7394,0,0.0
P0002358,31,F,B,suv,6189,13.2,0.9218,1,1213.04
P0002359,57,F,B,sedan,32383,39.2,0.7428,0,0.0
P0002360,31,M,C,sedan,13140,18.4,0.5398,0,0.0
P0002361,58,F,C,suv,35042,42.4,0.6522,0,0.0
P0002362,65,M,A,sedan,21458,47.1,0.723,1,3973.3
P0002363,78,M,A,truck,35342,58.5,0.6406,1,8001.36
P0002364,25,M,A,truck,33187,5.3,0.6688,0,0.0
P0002365,65,F,C,sedan,24089,50.4,0.7501,0,0.0
P0002366,23,F,A,suv,8265,4.0,0.9712,1,690.55
P0002367,39,F,C,truck,32812,19.9,0.9024,0,0.0
P0002368,29,M,A,truck,15797,11.2,0.6022,0,0.0
P0002369,28,M,B,suv,12812,15.0,0.8926,0,0.0
P0002370,29,M,A,truck,22884,13.1,0.6973,0,0.0
P0002371,20,F,B,suv,16074,2.8,0.9079,0,0.0
P0002372,69,M,B,sedan,27946,52.5,0.8086,1,2842.22
P0002373,21,M,B,suv,13214,8.3,0.8395,0,0.0
P0002374,43,M,B,suv,33377,26.5,0.6811,0,0.0
P0002375,62,M,B,truck,8087,46.9,0.8566,0,0.0
P0002376,80,F,B,sedan,19534,61.8,0.7828,1,3882.83
P0002377,71,F,C,sedan,34774,53.0,0.8093,1,5598.62
P0002378,26,M,C,suv,31067,8.0,0.7735,0,0.0
P0002379,80,F,B,truck,30429,63.7,0.5279,0,0.0
P0002380,59,F,B,suv,24127,42.0,0.7371,0,0.0
P0002381,29,F,C,sedan,22650,12.2,0.5256,0,0.0
P0002382,46,F,B,truck,11325,27.2,0.5843,0,0.0
P0002383,75,M,C,suv,14232,59.1,0.7378,0,0.0
P0002384,42,F,C,truck,22967,26.5,0.7031,0,0.0
P0002385,29,F,A,truck,14505,10.1,0.524,0,0.0
P0002386,73,M,A,sedan,14728,54.4,0.5686,0,0.0
P0002387,78,M,B,truck,26049,60.1,0.7326,0,0.0
P0002388,79,F,B,sedan,26812,58.8,0.9838,0,0.0
P0002389,78,F,B,truck,20378,56.8,0.7432,0,0.0
P0002390,72,F,C,sedan,13820,52.5,0.8863,0,0.0
P0002391,46,F,B,suv,10465,30.5,0.7215,0,0.0
P0002392,30,F,A,sedan,13148,11.3,0.5959,0,0.0
P0002393,56,F,B,sedan,15222,38.8,0.5106,0,0.0
P0002394,31,M,A,truck,34306,15.1,0.6877,0,0.0
P0002395,47,M,B,sedan,15000,31.5,0.9597,0,0.0
P0002396,59,M,C,sedan,33169,41.5,0.6624,0,0.0
P0002397,77,F,A,truck,21691,58.4,0.6843,0,0.0
P0002398,36,F,C,sedan,19004,16.2,0.8464,1,7929.4
P0002399,33,M,C,suv,13299,14.7,0.8685,1,1447.37
P0002400,64,M,A,truck,28729,45.9,0.8042,0,0.0
P0002401,18,M,C,sedan,31118,1.4,0.6691,0,0.0
P0002402,53,F,C,sedan,35443,35.6,0.9726,0,0.0
P0002403,64,F,B,suv,30431,50.0,0.6763,0,0.0
P0002404,52,F,A,suv,7747,33.9,0.646,0,0.0
P0002405,42,M,A,sedan,32259,24.1,0.9216,0,0.0
P0002406,70,F,B,suv,23791,49.2,0.9676,0,0.0
P0002407,41,M,A,sedan,20907,24.1,0.9783,0,0.0
P0002408,62,M,A,sedan,12858,42.6,0.7666,0,0.0
P0002409,47,M,C,sedan,20701,30.9,0.9347,0,0.0
P0002410,19,F,B,truck,29800,0.0,0.5919,0,0.0
P0002411,51,M,B,sedan,23264,31.1,0.9445,0,0.0
P0002412,21,M,C,sedan,8143,1.7,0.8791,0,0.0
P0002413,76,F,A,truck,28424,58.9,0.6996,0,0.0
P0002414,55,M,A,sedan,29453,38.4,0.6226,0,0.0
P0002415,41,M,B,truck,25840,24.7,0.8798,0,0.0
P0002416,48,M,B,truck,11218,32.9,0.7153,0,0.0
P0002417,57,F,A,sedan,14152,39.1,0.9893,0,0.0
P0002418,34,M,C,sedan,19136,17.5,0.9273,0,0.0
P0002419,36,F,A,sedan,31947,18.2,0.8952,0,0.0
P0002420,44,F,B,sedan,30228,26.7,0.6669,0,0.0
P0002421,34,F,B,sedan,7959,19.1,0.8558,0,0.0
P0002422,65,F,B,sedan,7091,45.9,0.878,0,0.0
P0002423,24,F,A,sedan,6539,6.8,0.7047,0,0.0
P0002424,70,F,A,truck,33773,51.3,0.5473,0,0.0
P0002425,39,M,C,sedan,31779,24.3,0.8676,0,0.0
P0002426,53,F,C,sedan,11737,37.5,0.6472,0,0.0
P0002427,27,M,B,sedan,33401,10.8,0.5664,0,0.0
P0002428,42,F,A,sedan,20522,24.5,0.5213,0,0.0
P0002429,65,M,B,suv,14711,48.2,0.6636,0,0.0
P0002430,35,M,A,suv,27771,15.3,0.755,1,1688.43
P0002431,26,M,A,sedan,7139,6.9,0.5192,0,0.0
P0002432,50,M,A,suv,8828,34.5,0.7817,0,0.0
P0002433,28,M,A,sedan,12938,5.1,0.9477,0,0.0
P0002434,37,F,A,truck,23871,20.2,0.799,0,0.0
P0002435,46,F,A,sedan,30992,26.4,0.7623,0,0.0
P0002436,53,F,C,suv,20982,36.6,0.6161,0,0.0
P0002437,58,F,B,sedan,18625,39.8,0.7196,0,0.0
P0002438,60,F,B,sedan,23160,41.1,0.8003,0,0.0
P0002439,71,F,A,suv,5362,57.0,0.9326,0,0.0
P0002440,22,M,C,sedan,25537,1.5,0.9409,0,0.0
P0002441,40,M,A,suv,29954,24.6,0.726,0,0.0
P0002442,18,M,A,suv,18039,1.7,0.5918,0,0.0
P0002443,18,M,B,sedan,25081,2.2,0.8537,0,0.0
P0002444,31,F,B,truck,14261,15.1,0.9753,1,1319.28
P0002445,55,F,C,sedan,34030,39.0,0.979,0,0.0
P0002446,74,M,B,truck,10699,59.4,0.9978,0,0.0
P0002447,66,M,A,sedan,9269,47.5,0.6261,0,0.0
P0002448,58,F,A,sedan,34111,40.8,0.9185,0,0.0
P0002449,67,F,B,sedan,20721,50.3,0.5259,0,0.0
P0002450,28,F,A,suv,17442,9.0,0.5075,0,0.0
P0002451,70,F,A,suv,30294,49.5,0.8369,0,0.0
P0002452,74,F,A,suv,13748,60.1,0.5599,0,0.0
P0002453,23,F,C,sedan,14163,2.8,0.6942,0,0.0
P0002454,47,M,A,sedan,6628,30.0,0.5062,0,0.0
P0002455,70,M,A,suv,21064,55.7,0.5434,1,727.84
P0002456,47,M,C,truck,28287,29.2,0.6043,0,0.0
P0002457,70,M,B,sedan,35577,53.2,0.7772,0,0.0
P0002458,76,M,B,truck,21360,57.3,0.666,0,0.0
P0002459,47,F,B,suv,7317,29.7,0.7819,0,0.0
P0002460,21,M,A,suv,10919,3.3,0.8245,0,0.0
P0002461,39,F,C,suv,13722,22.9,0.5017,0,0.0
P0002462,31,M,A,sedan,32694,16.1,0.9238,0,0.0
P0002463,47,F,C,sedan,23001,28.5,0.5289,0,0.0
P0002464,54,M,A,suv,33947,38.0,0.9365,0,0.0
P0002465,47,M,B,truck,31169,29.2,0.988,0,0.0
P0002466,30,F,B,suv,32300,10.0,0.9518,0,0.0
P0002467,36,F,A,sedan,13672,19.3,0.7711,1,2812.07
P0002468,60,F,A,sedan,22390,41.6,0.8848,0,0.0
P0002469,19,M,C,sedan,6869,2.1,0.5863,1,5774.55
P0002470,31,M,A,suv,16571,14.7,0.9685,0,0.0
P0002471,74,F,C,sedan,14705,60.1,0.5117,0,0.0
P0002472,24,M,A,sedan,10018,7.1,0.7757,0,0.0
P0002473,44,F,B,suv,6914,27.3,0.7306,0,0.0
P0002474,31,F,B,sedan,16694,15.7,0.8984,0,0.0
P0002475,24,F,B,sedan,7176,11.1,0.8725,0,0.0
P0002476,44,M,B,suv,23977,30.3,0.6651,0,0.0
P0002477,50,F,B,sedan,13599,29.4,0.5818,0,0.0
P0002478,29,F,B,sedan,12023,11.9,0.8971,1,3111.36
P0002479,22,F,B,sedan,8432,7.9,0.9887,0,0.0
P0002480,26,M,B,sedan,19382,10.2,0.5489,0,0.0
P0002481,59,F,B,truck,10237,42.0,0.8664,0,0.0
P0002482,72,M,A,suv,22765,54.1,0.7578,0,0.0
P0002483,29,M,A,sedan,35573,12.5,0.656,0,0.0
P0002484,38,M,B,sedan,27674,17.0,0.5072,0,0.0
P0002485,39,F,C,sedan,8597,17.9,0.862,0,0.0
P0002486,40,M,A,truck,7831,22.2,0.566,0,0.0
P0002487,33,F,B,suv,32131,16.7,0.9254,0,0.0
P0002488,21,F,A,suv,31876,3.2,0.6323,1,730.73
P0002489,51,F,B,sedan,16240,36.7,0.7962,0,0.0
P0002490,40,F,B,truck,19138,21.0,0.6421,0,0.0
P0002491,39,M,B,truck,16689,21.7,0.8511,0,0.0
P0002492,34,M,B,sedan,23039,19.4,0.5586,0,0.0
P0002493,76,M,C,sedan,11466,60.2,0.6715,1,2360.54
P0002494,56,F,A,sedan,34149,37.9,0.7545,1,2124.82
P0002495,44,M,B,suv,17521,30.3,0.7927,0,0.0
P0002496,30,M,A,sedan,10207,14.8,0.7898,0,0.0
P0002497,68,F,C,sedan,14331,51.9,0.5397,0,0.0
P0002498,73,F,C,suv,32419,54.0,0.5169,0,0.0
P0002499,20,M,A,suv,13958,0.0,0.6186,0,0.0
P0002500,76,F,A,sedan,29937,58.2,0.5189,0,0.0
P0002501,62,F,B,sedan,28744,51.3,0.6103,1,1988.86
P0002502,24,M,C,sedan,35814,9.2,0.5296,0,0.0
P0002503,65,F,A,sedan,9746,41.0,0.7637,1,1505.15
P0002504,24,F,B,truck,17184,6.7,0.5523,0,0.0
P0002505,21,M,A,suv,31078,9.2,0.7076,0,0.0
P0002506,25,M,B,truck,8932,3.3,0.8848,0,0.0
P0002507,46,M,B,suv,6061,31.7,0.8862,0,0.0
P0002508,57,M,A,suv,5439,38.9,0.7811,0,0.0
P0002509,43,M,C,sedan,7547,28.3,0.5154,0,0.0
P0002510,25,M,A,sedan,29570,3.6,0.7683,0,0.0
P0002511,30,M,C,truck,15817,15.8,0.6263,0,0.0
P0002512,71,M,A,suv,9234,55.2,0.7842,0,0.0
P0002513,78,F,B,truck,26820,58.9,0.9542,0,0.0
P0002514,65,M,A,suv,14486,49.1,0.7994,0,0.0
P0002515,24,M,B,sedan,9299,6.0,0.9703,0,0.0
P0002516,69,F,A,sedan,35606,50.3,0.6043,0,0.0
P0002517,61,M,B,sedan,23107,43.6,0.6342,0,0.0
P0002518,51,M,A,suv,18704,36.2,0.5744,0,0.0
P0002519,27,F,A,truck,33556,11.6,0.5392,0,0.0
P0002520,80,F,C,truck,12167,63.8,0.5053,0,0.0
P0002521,45,F,B,suv,23282,26.8,0.964,0,0.0
P0002522,20,F,B,sedan,28350,1.4,0.7259,0,0.0
P0002523,31,F,B,sedan,5182,13.6,0.9694,0,0.0
P0002524,43,F,B,sedan,13418,24.6,0.932,1,4561.98
P0002525,21,F,C,truck,7971,7.2,0.872,0,0.0
P0002526,38,F,B,suv,21461,20.4,0.9589,0,0.0
P0002527,47,M,C,suv,26094,30.1,0.632,0,0.0
P0002528,77,M,C,truck,9877,59.0,0.9282,1,12224.27
P0002529,23,F,B,sedan,9405,4.5,0.84,0,0.0
P0002530,54,F,A,truck,19285,39.1,0.7998,0,0.0
P0002531,75,F,B,suv,17312,58.2,0.8093,1,3387.93
P0002532,68,F,C,sedan,8367,48.3,0.9531,0,0.0
P0002533,76,F,A,suv,26124,58.4,0.9645,0,0.0
P0002534,28,F,A,sedan,28965,11.2,0.5885,0,0.0
P0002535,68,F,A,suv,18281,53.4,0.5404,0,0.0
P0002536,79,M,C,sedan,16319,60.9,0.6363,0,0.0
P0002537,38,F,B,sedan,9967,23.8,0.9051,0,0.0
P0002538,49,M,A,suv,14882,32.4,0.5485,0,0.0
P0002539,51,F,B,sedan,20724,35.0,0.8309,0,0.0
P0002540,49,F,C,sedan,35807,31.2,0.6996,0,0.0
P0002541,36,M,C,truck,10752,20.2,0.9562,0,0.0
P0002542,79,F,A,sedan,30720,62.7,0.91,0,0.0
P0002543,78,M,A,suv,20567,62.8,0.7539,0,0.0
P0002544,41,M,A,suv,22171,24.5,0.6903,0,0.0
P0002545,68,M,B,sedan,14302,50.6,0.9173,0,0.0
P0002546,43,F,A,truck,34270,26.7,0.6222,0,0.0
P0002547,68,M,A,sedan,6995,51.6,0.7717,0,0.0
P0002548,54,F,C,sedan,11553,36.7,0.9658,0,0.0
P0002549,47,F,B,sedan,14828,28.0,0.8018,0,0.0
P0002550,26,F,A,suv,22778,7.5,0.965,0,0.0
P0002551,59,M,A,sedan,18119,44.6,0.721,0,0.0
P0002552,38,M,A,sedan,33800,19.5,0.8146,0,0.0
P0002553,31,F,A,suv,10721,11.3,0.9702,0,0.0
P0002554,30,F,B,suv,22660,11.6,0.8686,0,0.0
P0002555,79,M,A,sedan,20014,66.8,0.9528,0,0.0
P0002556,24,M,A,sedan,14547,6.5,0.916,1,2944.55
P0002557,68,F,C,sedan,5715,48.2,0.5389,0,0.0
P0002558,72,F,C,sedan,30161,55.9,0.6292,0,0.0
P0002559,19,M,A,suv,11215,0.0,0.8707,0,0.0
P0002560,55,M,B,sedan,9303,42.4,0.945,0,0.0
P0002561,54,M,A,sedan,22678,36.7,0.9012,0,0.0
P0002562,40,F,C,sedan,9712,21.6,0.6566,0,0.0
P0002563,60,F,C,suv,24818,42.7,0.8105,1,8348.72
P0002564,43,F,B,suv,27664,25.7,0.8307,0,0.0
P0002565,45,F,B,sedan,12121,30.1,0.7187,0,0.0
P0002566,45,M,A,suv,7149,29.2,0.7938,0,0.0
P0002567,68,F,A,suv,8002,49.9,0.993,0,0.0
P0002568,57,M,B,sedan,6569,44.2,0.7723,0,0.0
P0002569,41,M,A,sedan,20015,22.2,0.5972,0,0.0
P0002570,76,M,B,sedan,16751,59.2,0.7521,0,0.0
P0002571,68,M,B,truck,29107,49.9,0.5879,0,0.0
P0002572,76,M,A,sedan,17335,57.3,0.8441,1,1547.21
P0002573,64,F,B,sedan,25179,39.5,0.951,0,0.0
P0002574,42,F,C,suv,19559,22.2,0.8379,0,0.0
P0002575,66,F,B,suv,18272,51.4,0.9388,0,0.0
P0002576,38,M,B,truck,27962,16.7,0.8638,0,0.0
P0002577,35,M,C,sedan,20766,23.4,0.7187,0,0.0
P0002578,46,F,A,sedan,22634,29.9,0.7691,0,0.0
P0002579,79,F,B,suv,18955,61.7,0.7663,0,0.0
P0002580,53,F,B,suv,27120,36.6,0.6962,0,0.0
P0002581,42,F,A,truck,14441,24.4,0.5465,0,0.0
P0002582,47,M,C,suv,6546,30.3,0.8509,0,0.0
P0002583,36,F,B,sedan,18132,16.4,0.5236,0,0.0
P0002584,59,M,A,sedan,14786,43.0,0.602,0,0.0
P0002585,40,M,A,truck,32800,23.2,0.7269,1,2243.04
P0002586,52,F,C,suv,34958,31.5,0.9935,0,0.0
P0002587,41,F,C,sedan,11745,22.1,0.6534,0,0.0
P0002588,38,M,A,sedan,18260,21.3,0.8974,0,0.0
P0002589,79,M,B,suv,18403,61.1,0.7097,0,0.0
P0002590,39,F,A,sedan,11897,18.3,0.6108,0,0.0
P0002591,22,F,B,suv,5308,7.8,0.5133,0,0.0
P0002592,41,M,B,suv,35754,26.2,0.5442,0,0.0
P0002593,51,M,A,sedan,25214,35.1,0.7084,0,0.0
P0002594,23,M,B,truck,17750,5.6,0.7001,0,0.0
P0002595,37,M,C,truck,10695,18.1,0.8132,0,0.0
P0002596,28,M,A,sedan,19842,12.5,0.5311,0,0.0
P0002597,49,F,A,sedan,13446,33.9,0.642,0,0.0
P0002598,63,M,C,truck,11937,48.6,0.5117,0,0.0
P0002599,79,F,A,sedan,34686,63.9,0.936,0,0.0
P0002600,42,M,B,truck,25346,26.3,0.6988,0,0.0
P0002601,72,M,B,sedan,14562,59.3,0.7921,1,994.18
P0002602,31,M,A,suv,11424,15.1,0.8553,0,0.0
P0002603,67,F,A,suv,28836,52.1,0.634,0,0.0
P0002604,53,M,A,sedan,23907,36.3,0.5675,0,0.0
P0002605,65,M,A,suv,31497,44.6,0.7901,0,0.0
P0002606,65,M,B,sedan,28480,51.2,0.9517,1,1868.38
P0002607,51,M,C,sedan,17471,32.0,0.9463,0,0.0
P0002608,34,F,A,sedan,25224,13.7,0.6541,0,0.0
P0002609,51,F,B,sedan,16800,32.1,0.6331,0,0.0
P0002610,70,M,B,sedan,7801,52.3,0.6768,0,0.0
P0002611,79,M,A,sedan,5988,59.4,0.6226,1,8842.98
P0002612,76,M,B,sedan,7472,57.7,0.9823,0,0.0
P0002613,29,M,A,sedan,33504,9.8,0.5173,1,4673.78
P0002614,55,F,B,sedan,31112,37.8,0.5957,0,0.0
P0002615,24,F,A,truck,17122,9.1,0.5141,0,0.0
P0002616,60,M,B,sedan,33041,40.7,0.927,1,4268.16
P0002617,80,F,C,suv,27859,57.8,0.7358,0,0.0
P0002618,21,M,A,sedan,9205,4.7,0.614,0,0.0
P0002619,59,M,C,sedan,11996,42.0,0.6977,0,0.0
P0002620,77,M,A,sedan,16639,59.8,0.553,0,0.0
P0002621,71,F,A,sedan,29947,56.9,0.5538,0,0.0
P0002622,42,M,A,suv,25276,26.7,0.9734,0,0.0
P0002623,24,F,C,suv,17186,6.4,0.848,0,0.0
P0002624,76,F,B,sedan,30899,59.2,0.8193,0,0.0
P0002625,76,F,C,sedan,15075,59.0,0.7364,0,0.0
P0002626,54,F,B,truck,33178,36.9,0.7449,0,0.0
P0002627,79,M,B,sedan,27361,62.2,0.886,0,0.0
P0002628,18,M,C,suv,26659,2.5,0.5262,0,0.0
P0002629,56,F,C,suv,7717,38.1,0.8337,0,0.0
P0002630,20,M,C,sedan,9571,2.3,0.7753,0,0.0
P0002631,76,F,B,sedan,35488,60.8,0.6533,0,0.0
P0002632,60,M,C,sedan,28818,42.2,0.6078,0,0.0
P0002633,75,M,A,suv,12971,59.2,0.9309,0,0.0
P0002634,53,M,C,truck,31629,34.7,0.9658,1,8133.48
P0002635,23,F,C,sedan,14547,6.1,0.5479,0,0.0
P0002636,19,F,B,truck,15890,1.2,0.5849,0,0.0
P0002637,39,F,A,sedan,14424,21.6,0.8336,0,0.0
P0002638,64,M,A,sedan,20318,47.1,0.887,0,0.0
P0002639,27,M,C,suv,28611,9.3,0.7457,0,0.0
P0002640,71,F,C,truck,10157,52.3,0.9634,0,0.0
P0002641,33,F,B,sedan,34991,15.8,0.9365,1,1311.21
P0002642,49,M,C,suv,14440,31.8,0.5631,0,0.0
P0002643,30,F,B,sedan,35022,13.7,0.5712,0,0.0
P0002644,47,M,C,truck,31963,33.6,0.5429,0,0.0
P0002645,46,M,A,truck,21976,28.9,0.9377,0,0.0
P0002646,18,F,A,suv,7754,3.5,0.7788,0,0.0
P0002647,53,F,B,suv,22787,37.1,0.9707,0,0.0
P0002648,67,F,A,suv,28635,51.7,0.8646,0,0.0
P0002649,76,F,B,truck,35443,60.4,0.866,2,10545.4
P0002650,38,M,C,suv,8026,22.3,0.5626,0,0.0
P0002651,73,M,A,sedan,28086,55.0,0.5548,1,2880.98
P0002652,73,F,B,truck,14071,55.3,0.9655,0,0.0
P0002653,80,M,A,suv,28246,62.8,0.7413,1,576.66
P0002654,41,F,C,suv,23054,21.6,0.997,0,0.0
P0002655,71,F,A,suv,31861,47.9,0.6615,1,2958.09
P0002656,53,M,B,sedan,5102,35.0,0.8107,0,0.0
P0002657,21,M,B,sedan,20668,2.2,0.7864,1,3648.11
P0002658,35,M,A,sedan,25936,17.4,0.534,0,0.0
P0002659,60,F,A,truck,16756,41.7,0.7594,0,0.0
P0002660,28,M,A,suv,14802,14.2,0.9622,0,0.0
P0002661,45,F,A,truck,15151,33.4,0.7269,0,0.0
P0002662,66,M,A,sedan,28205,53.2,0.7363,0,0.0
P0002663,27,M,A,truck,11436,11.2,0.8504,0,0.0
P0002664,49,M,B,sedan,35232,29.3,0.8904,0,0.0
P0002665,31,F,A,sedan,11483,13.5,0.914,0,0.0
P0002666,51,F,A,truck,17911,34.8,0.726,0,0.0
P0002667,33,M,A,suv,35787,14.9,0.722,1,1837.25
P0002668,78,F,B,truck,5929,60.3,0.7367,0,0.0
P0002669,22,M,B,suv,15430,7.7,0.9845,1,3757.69
P0002670,78,F,B,sedan,31315,60.1,0.9646,0,0.0
P0002671,67,M,B,sedan,14806,48.3,0.8114,0,0.0
P0002672,71,F,B,truck,13511,49.8,0.6422,0,0.0
P0002673,71,M,A,sedan,5031,54.2,0.9502,0,0.0
P0002674,29,F,A,suv,9607,8.6,0.5855,0,0.0
P0002675,76,F,B,sedan,11075,59.8,0.5534,0,0.0
P0002676,55,M,A,sedan,32255,33.3,0.7073,0,0.0
P0002677,78,F,C,truck,21933,62.2,0.8427,0,0.0
P0002678,73,M,B,truck,12208,54.7,0.5263,0,0.0
P0002679,54,M,B,sedan,30087,36.4,0.6564,0,0.0
P0002680,41,M,B,sedan,23763,21.0,0.8921,0,0.0
P0002681,25,M,C,sedan,14787,5.3,0.8296,0,0.0
P0002682,24,M,B,sedan,12873,9.1,0.5422,0,0.0
P0002683,42,F,B,truck,11839,25.7,0.6009,0,0.0
P0002684,69,M,C,sedan,27086,47.7,0.8626,0,0.0
P0002685,49,F,B,sedan,27204,31.8,0.5583,0,0.0
P0002686,48,M,B,suv,25111,29.4,0.5049,0,0.0
P0002687,33,F,A,suv,18866,18.1,0.9963,0,0.0
P0002688,53,M,A,sedan,20784,36.5,0.807,0,0.0
P0002689,58,F,C,truck,32836,42.4,0.7145,0,0.0
P0002690,79,F,A,sedan,22205,60.1,0.7985,0,0.0
P0002691,63,F,A,sedan,24046,44.5,0.8351,1,556.51
P0002692,56,F,A,truck,12044,36.6,0.7478,0,0.0
P0002693,75,F,C,sedan,19117,60.2,0.829,0,0.0
P0002694,44,F,B,truck,5679,25.9,0.8543,0,0.0
P0002695,76,F,B,suv,19305,59.0,0.5897,0,0.0
P0002696,41,M,C,truck,29821,28.9,0.7119,0,0.0
P0002697,26,F,A,sedan,25793,8.1,0.6523,0,0.0
P0002698,44,M,C,sedan,32568,24.4,0.8987,0,0.0
P0002699,26,F,B,truck,15547,5.9,0.885,1,2195.6
P0002700,25,M,B,truck,29113,8.1,0.9053,0,0.0
P0002701,73,F,C,truck,27699,54.3,0.7187,0,0.0
P0002702,68,M,C,sedan,26945,49.9,0.7877,0,0.0
P0002703,31,M,A,suv,29776,15.5,0.8528,0,0.0
P0002704,70,M,A,sedan,19629,54.8,0.6611,0,0.0
P0002705,22,F,C,sedan,15595,5.1,0.9888,0,0.0
P0002706,35,F,B,suv,23100,18.5,0.6893,0,0.0
P0002707,62,F,B,suv,16912,44.8,0.7685,0,0.0
P0002708,37,F,A,suv,26440,20.8,0.9134,0,0.0
P0002709,64,F,C,sedan,31840,46.6,0.8735,2,4408.8
P0002710,73,M,B,truck,5813,58.1,0.7508,0,0.0
P0002711,22,F,C,truck,24247,2.0,0.7042,0,0.0
P0002712,19,M,B,sedan,18133,5.6,0.8185,0,0.0
P0002713,77,F,C,truck,8251,60.2,0.7179,0,0.0
P0002714,50,F,B,truck,11965,33.4,0.796,0,0.0
P0002715,49,F,B,sedan,30590,32.3,0.9,0,0.0
P0002716,47,F,B,suv,16297,31.7,0.5609,1,2746.55
P0002717,45,M,B,truck,7709,31.0,0.8487,1,2369.48
P0002718,61,M,B,suv,28226,43.5,0.5269,0,0.0
P0002719,54,M,A,sedan,12353,37.4,0.867,0,0.0
P0002720,28,F,A,suv,16264,10.2,0.6046,0,0.0
P0002721,57,F,B,suv,11081,43.3,0.7467,1,8723.04
P0002722,60,M,A,suv,27911,39.6,0.6335,0,0.0
P0002723,25,F,B,sedan,33467,8.2,0.661,0,0.0
P0002724,41,F,A,sedan,35126,30.1,0.8144,0,0.0
P0002725,67,M,A,truck,7321,49.6,0.7156,0,0.0
P0002726,56,F,B,sedan,33624,39.9,0.7438,0,0.0
P0002727,26,F,A,truck,24679,11.3,0.9995,0,0.0
P0002728,20,F,C,sedan,30659,0.5,0.5608,0,0.0
P0002729,54,M,C,truck,7325,35.1,0.6921,0,0.0
P0002730,47,F,B,sedan,31442,29.3,0.7651,0,0.0
P0002731,78,M,B,truck,15157,60.8,0.9069,0,0.0
P0002732,50,F,A,truck,17211,32.0,0.6412,0,0.0
P0002733,76,F,C,sedan,32773,62.2,0.6969,0,0.0
P0002734,31,F,A,sedan,27679,13.6,0.9106,0,0.0
P0002735,46,M,C,truck,20878,26.5,0.7652,0,0.0
P0002736,26,F,C,suv,25677,6.9,0.928,0,0.0
P0002737,54,M,A,suv,16026,39.1,0.5322,0,0.0
P0002738,29,F,B,sedan,35469,11.6,0.6435,2,5872.46
P0002739,49,F,B,truck,7164,34.2,0.7789,0,0.0
P0002740,39,F,B,suv,22821,21.7,0.561,0,0.0
P0002741,29,F,A,sedan,6375,13.5,0.7409,0,0.0
P0002742,24,F,B,sedan,18322,8.7,0.5088,0,0.0
P0002743,50,M,A,sedan,20760,32.3,0.7523,0,0.0
P0002744,77,M,C,truck,30955,61.5,0.9602,0,0.0
P0002745,30,M,B,truck,34093,14.6,0.9742,0,0.0
P0002746,43,M,B,sedan,28236,25.3,0.6596,0,0.0
P0002747,32,M,C,sedan,34886,18.0,0.5017,0,0.0
P0002748,68,M,B,sedan,8870,51.6,0.9561,0,0.0
P0002749,44,F,B,sedan,21301,30.1,0.7836,0,0.0
P0002750,79,M,B,truck,23484,64.7,0.7903,0,0.0
P0002751,33,M,B,suv,7396,13.7,0.9075,0,0.0
P0002752,23,F,A,sedan,23361,6.8,0.6967,0,0.0
P0002753,54,M,C,sedan,6317,38.4,0.7101,0,0.0
P0002754,59,M,A,sedan,24580,40.3,0.9257,0,0.0
P0002755,80,F,B,suv,11865,59.8,0.7458,0,0.0
P0002756,72,M,C,sedan,34186,54.5,0.8679,0,0.0
P0002757,73,F,A,sedan,15119,54.0,0.9525,1,3078.1
P0002758,57,F,C,truck,23663,41.1,0.6968,0,0.0
P0002759,40,F,A,suv,23887,22.9,0.9445,0,0.0
P0002760,45,M,A,truck,31970,28.0,0.6637,0,0.0
P0002761,26,F,B,sedan,15445,8.4,0.9648,0,0.0
P0002762,45,M,B,sedan,16109,26.1,0.6527,1,1440.94
P0002763,40,F,C,truck,26173,25.9,0.6171,0,0.0
P0002764,20,F,B,truck,6778,4.8,0.8604,0,0.0
P0002765,30,M,A,suv,22168,14.0,0.961,0,0.0
P0002766,51,F,A,suv,16631,35.9,0.8841,0,0.0
P0002767,41,M,A,sedan,35317,23.5,0.8701,0,0.0
P0002768,80,F,B,suv,21512,62.6,0.9865,0,0.0
P0002769,48,M,A,sedan,28911,30.9,0.7787,0,0.0
P0002770,78,M,B,sedan,30832,61.8,0.9438,1,1617.95
P0002771,59,F,C,suv,9538,39.3,0.5185,0,0.0
P0002772,20,F,B,sedan,24587,2.6,0.5661,0,0.0
P0002773,30,F,B,sedan,26074,13.3,0.6357,0,0.0
P0002774,62,M,A,sedan,18708,44.9,0.9731,0,0.0
P0002775,52,M,C,sedan,11150,33.5,0.5985,0,0.0
P0002776,37,F,A,truck,19318,19.6,0.6915,0,0.0
P0002777,50,F,B,truck,6581,34.7,0.5178,0,0.0
P0002778,74,M,A,sedan,35896,53.5,0.5391,0,0.0
P0002779,42,F,A,sedan,7753,24.1,0.7913,0,0.0
P0002780,20,M,A,truck,9381,5.3,0.5489,0,0.0
P0002781,37,M,A,sedan,9242,23.6,0.9496,0,0.0
P0002782,76,F,C,suv,11370,57.6,0.9429,0,0.0
P0002783,65,F,A,sedan,10697,45.4,0.8111,0,0.0
P0002784,70,F,C,suv,24383,52.1,0.6981,0,0.0
P0002785,75,F,B,sedan,8461,56.8,0.9439,0,0.0
P0002786,25,M,A,suv,26743,6.7,0.7439,0,0.0
P0002787,35,M,A,suv,17632,18.0,0.5953,0,0.0
P0002788,21,M,A,sedan,17244,7.4,0.6728,0,0.0
P0002789,18,M,C,sedan,20796,2.4,0.6816,0,0.0
P0002790,70,F,A,suv,5996,51.4,0.7899,1,4084.96
P0002791,77,M,C,truck,20505,58.8,0.7006,0,0.0
P0002792,27,F,A,sedan,21182,10.4,0.9091,0,0.0
P0002793,63,F,A,sedan,28221,47.1,0.8133,0,0.0
P0002794,51,F,A,suv,9475,33.7,0.6261,0,0.0
P0002795,22,M,B,sedan,6589,5.7,0.701,0,0.0
P0002796,75,M,B,truck,6737,58.2,0.8616,1,813.04
P0002797,72,F,C,truck,34727,54.7,0.6211,0,0.0
P0002798,53,M,A,sedan,15687,37.6,0.5458,0,0.0
P0002799,62,F,A,suv,12315,43.4,0.8556,0,0.0
P0002800,43,F,C,suv,9205,26.3,0.7033,0,0.0
P0002801,67,F,B,sedan,12946,49.0,0.5621,0,0.0
P0002802,46,M,C,suv,18608,28.9,0.7397,0,0.0
P0002803,80,F,B,sedan,35069,59.9,0.7802,0,0.0
P0002804,21,F,B,sedan,28612,2.9,0.5129,0,0.0
P0002805,28,F,A,suv,31394,10.2,0.8956,0,0.0
P0002806,79,M,C,suv,6458,61.3,0.7458,0,0.0
P0002807,36,M,A,suv,22804,14.8,0.5128,0,0.0
P0002808,37,F,C,sedan,20496,20.1,0.9309,0,0.0
P0002809,67,M,A,suv,11051,49.7,0.7926,0,0.0
P0002810,29,F,C,sedan,20406,11.8,0.9816,0,0.0
P0002811,50,F,C,suv,23120,36.9,0.6406,0,0.0
P0002812,36,M,C,sedan,5055,18.8,0.7063,0,0.0
P0002813,30,M,B,suv,35410,11.0,0.8315,0,0.0
P0002814,78,F,B,sedan,27885,60.0,0.957,0,0.0
P0002815,30,M,C,sedan,33693,10.0,0.8956,0,0.0
P0002816,23,F,B,sedan,7781,4.4,0.8215,0,0.0
P0002817,60,M,B,suv,6862,42.0,0.8978,0,0.0
P0002818,72,M,A,sedan,33893,53.2,0.5474,1,2354.74
P0002819,26,M,B,sedan,33919,8.3,0.8621,0,0.0
P0002820,62,F,A,sedan,24820,45.6,0.7893,0,0.0
P0002821,52,M,B,suv,11217,35.3,0.6371,0,0.0
P0002822,70,M,A,truck,13922,57.8,0.6193,0,0.0
P0002823,25,F,B,truck,29623,4.8,0.6441,0,0.0
P0002824,79,F,C,truck,33683,62.4,0.5614,0,0.0
P0002825,57,M,B,truck,25818,42.1,0.6366,0,0.0
P0002826,71,F,C,sedan,17414,54.7,0.5356,0,0.0
P0002827,40,M,A,sedan,30475,19.5,0.8364,0,0.0
P0002828,77,F,B,sedan,13068,59.9,0.7561,0,0.0
P0002829,57,M,B,sedan,9005,39.5,0.5638,0,0.0
P0002830,25,F,B,truck,16919,3.8,0.8486,0,0.0
P0002831,76,M,B,truck,19492,57.3,0.589,0,0.0
P0002832,68,M,A,suv,23959,51.6,0.7474,0,0.0
P0002833,36,F,B,truck,26335,22.4,0.9601,0,0.0
P0002834,52,M,A,suv,27431,33.7,0.8805,0,0.0
P0002835,42,M,B,sedan,11340,26.4,0.7921,0,0.0
P0002836,52,F,C,sedan,25516,33.7,0.7925,0,0.0
P0002837,78,F,A,truck,6393,61.1,0.5321,0,0.0
P0002838,74,M,B,suv,33558,56.2,0.7135,1,1614.01
P0002839,31,M,B,sedan,18701,12.2,0.6536,1,2719.57
P0002840,79,F,B,sedan,34641,65.5,0.7373,0,0.0
P0002841,45,M,A,suv,31902,27.7,0.9757,0,0.0
P0002842,62,F,B,truck,11108,45.0,0.8933,0,0.0
P0002843,66,F,C,suv,8456,48.4,0.805,0,0.0
P0002844,48,M,B,truck,33288,30.0,0.8523,0,0.0
P0002845,46,F,B,sedan,20233,28.7,0.8653,0,0.0
P0002846,46,F,A,truck,8307,30.3,0.7282,0,0.0
P0002847,72,F,C,suv,23877,57.3,0.9332,0,0.0
P0002848,42,F,A,suv,34663,28.2,0.8087,0,0.0
P0002849,35,F,A,truck,23635,17.8,0.869,0,0.0
P0002850,40,M,B,truck,13039,21.9,0.5055,0,0.0
P0002851,30,M,B,sedan,15449,13.7,0.769,0,0.0
P0002852,42,M,B,truck,13239,23.3,0.6821,0,0.0
P0002853,25,M,A,suv,21688,8.2,0.5277,0,0.0
P0002854,23,F,A,sedan,18067,6.2,0.8231,0,0.0
P0002855,63,F,B,suv,15629,48.9,0.9644,0,0.0
P0002856,22,M,A,sedan,10634,5.9,0.8664,0,0.0
P0002857,53,F,B,suv,5898,34.2,0.5399,0,0.0
P0002858,67,F,B,sedan,30659,47.2,0.5283,0,0.0
P0002859,63,M,A,sedan,29898,46.4,0.6725,0,0.0
P0002860,46,M,B,sedan,8866,27.3,0.6193,0,0.0
P0002861,30,M,C,suv,12064,10.2,0.5138,0,0.0
P0002862,76,F,C,sedan,18617,60.9,0.52,0,0.0
P0002863,70,F,A,suv,23472,52.4,0.6726,0,0.0
P0002864,56,F,B,suv,33121,38.6,0.5668,0,0.0
P0002865,23,M,C,sedan,26614,3.8,0.5973,0,0.0
P0002866,20,F,B,sedan,24697,4.7,0.9348,0,0.0
P0002867,37,F,A,sedan,28060,19.4,0.9968,0,0.0
P0002868,27,F,A,truck,23822,10.5,0.9023,1,3370.81
P0002869,72,M,B,truck,33824,54.2,0.6164,0,0.0
P0002870,30,M,C,sedan,35833,10.6,0.5879,0,0.0
P0002871,35,F,C,sedan,18995,15.0,0.7892,0,0.0
P0002872,79,F,C,suv,5699,59.5,0.892,2,10142.81
P0002873,69,F,A,sedan,35818,54.0,0.8287,0,0.0
P0002874,31,F,B,sedan,14913,14.9,0.9019,0,0.0
P0002875,42,M,A,sedan,13311,23.0,0.7435,0,0.0
P0002876,50,F,A,suv,8875,31.8,0.9939,0,0.0
P0002877,59,M,A,sedan,28633,42.5,0.8934,0,0.0
P0002878,76,M,C,truck,10721,60.8,0.5255,0,0.0
P0002879,72,M,A,sedan,34898,62.8,0.682,0,0.0
P0002880,79,M,B,sedan,11696,65.2,0.7798,0,0.0
P0002881,20,F,B,truck,7244,3.6,0.6121,0,0.0
P0002882,32,F,A,sedan,24433,15.6,0.7017,0,0.0
P0002883,53,F,B,sedan,11383,35.2,0.8148,0,0.0
P0002884,21,M,A,sedan,13435,2.8,0.7761,0,0.0
P0002885,40,F,A,suv,8261,18.5,0.9307,0,0.0
P0002886,27,F,B,suv,25589,11.5,0.6313,0,0.0
P0002887,76,F,C,suv,11824,62.9,0.9606,0,0.0
P0002888,21,F,B,sedan,27880,5.9,0.6611,1,3160.45
P0002889,27,M,C,sedan,13043,6.6,0.9602,0,0.0
P0002890,30,M,A,sedan,17459,13.0,0.6241,0,0.0
P0002891,27,M,A,sedan,20249,8.0,0.7538,0,0.0
P0002892,53,M,B,sedan,21626,37.1,0.9661,0,0.0
P0002893,40,F,C,suv,30664,24.0,0.6387,0,0.0
P0002894,75,F,A,suv,9094,61.4,0.9244,0,0.0
P0002895,34,F,A,suv,12063,17.7,0.7506,0,0.0
P0002896,51,M,C,suv,28331,34.0,0.7099,0,0.0
P0002897,59,M,C,suv,31520,40.3,0.8318,1,2489.84
P0002898,57,F,A,sedan,17992,38.9,0.5993,0,0.0
P0002899,68,M,C,suv,5177,47.0,0.8294,2,15360.77
P0002900,30,F,B,sedan,30873,13.3,0.5883,0,0.0
P0002901,49,F,B,suv,23958,31.5,0.8554,0,0.0
P0002902,68,M,B,sedan,21312,51.0,0.8053,0,0.0
P0002903,72,M,C,suv,17063,56.4,0.5699,0,0.0
P0002904,56,M,A,truck,26599,38.2,0.5503,0,0.0
P0002905,59,M,C,sedan,13944,42.6,0.8037,1,3706.73
P0002906,72,F,A,sedan,16116,51.7,0.5607,0,0.0
P0002907,57,M,B,truck,28836,41.6,0.8125,0,0.0
P0002908,77,M,B,sedan,16524,60.7,0.9995,0,0.0
P0002909,26,F,C,sedan,34341,11.5,0.5615,0,0.0
P0002910,39,F,C,sedan,18531,21.3,0.7369,0,0.0
P0002911,25,M,C,sedan,22434,10.7,0.9622,1,5485.74
P0002912,23,F,B,suv,24717,6.0,0.9686,0,0.0
P0002913,47,F,A,truck,26668,32.3,0.515,0,0.0
P0002914,32,M,C,suv,20702,17.0,0.904,0,0.0
P0002915,43,M,B,suv,16253,27.5,0.6193,0,0.0
P0002916,45,M,B,suv,29932,26.5,0.8733,0,0.0
P0002917,57,M,B,truck,27199,40.2,0.6775,0,0.0
P0002918,77,F,A,sedan,6698,60.2,0.6124,0,0.0
P0002919,71,M,B,suv,24381,52.9,0.7354,0,0.0
P0002920,41,F,A,sedan,32916,25.3,0.588,0,0.0
P0002921,38,M,A,sedan,22359,24.9,0.7121,0,0.0
P0002922,66,F,C,suv,33707,51.2,0.6974,0,0.0
P0002923,25,M,C,suv,17097,8.6,0.9814,0,0.0
P0002924,52,M,B,truck,12566,35.1,0.7711,0,0.0
P0002925,44,M,C,sedan,20461,25.9,0.8485,0,0.0
P0002926,29,F,B,sedan,8124,12.3,0.5875,0,0.0
P0002927,56,F,A,sedan,7004,37.0,0.9987,0,0.0
P0002928,38,F,C,sedan,22727,20.3,0.7488,1,5044.8
P0002929,29,F,B,sedan,5918,14.8,0.5376,0,0.0
P0002930,59,M,C,suv,6989,47.1,0.8046,0,0.0
P0002931,28,F,B,suv,19114,13.0,0.6591,0,0.0
P0002932,60,M,B,sedan,12121,42.7,0.647,0,0.0
P0002933,28,F,A,sedan,10569,10.3,0.6585,0,0.0
P0002934,45,F,C,sedan,20734,28.2,0.7252,0,0.0
P0002935,68,M,A,suv,15160,50.8,0.6436,0,0.0
P0002936,32,F,B,sedan,24028,12.4,0.8893,1,599.95
P0002937,66,F,A,sedan,18193,49.0,0.5895,0,0.0
P0002938,63,F,B,sedan,11023,45.3,0.571,0,0.0
P0002939,74,F,A,sedan,26833,53.8,0.5522,0,0.0
P0002940,28,M,C,sedan,33914,14.6,0.7052,0,0.0
P0002941,63,F,B,truck,27535,42.6,0.5564,0,0.0
P0002942,77,F,A,sedan,10621,65.1,0.5125,0,0.0
P0002943,66,M,A,sedan,22284,50.7,0.6472,0,0.0
P0002944,29,F,A,sedan,9763,13.1,0.99,0,0.0
P0002945,69,M,B,sedan,5806,55.3,0.5055,0,0.0
P0002946,24,F,C,truck,10031,7.3,0.5319,0,0.0
P0002947,55,M,A,suv,30095,38.1,0.7916,0,0.0
P0002948,49,F,B,sedan,33815,30.5,0.7489,0,0.0
P0002949,51,F,A,suv,23513,32.6,0.5522,0,0.0
P0002950,50,M,C,sedan,32241,32.7,0.9474,0,0.0
P0002951,19,M,C,sedan,17698,0.0,0.8372,1,1415.85
P0002952,50,M,C,sedan,6024,31.7,0.7473,0,0.0
P0002953,77,M,A,truck,33031,60.6,0.7719,0,0.0
P0002954,45,F,B,suv,27525,27.8,0.8981,0,0.0
P0002955,35,M,C,sedan,25423,19.3,0.549,0,0.0
P0002956,80,M,A,suv,7278,65.5,0.9666,0,0.0
P0002957,24,F,B,sedan,34840,6.1,0.5563,0,0.0
P0002958,48,F,C,sedan,7334,34.0,0.7293,0,0.0
P0002959,50,F,C,sedan,5479,33.4,0.6238,0,0.0
P0002960,48,M,B,sedan,7356,35.6,0.8326,0,0.0
P0002961,76,F,B,sedan,34172,58.9,0.9199,0,0.0
P0002962,44,F,C,truck,30718,28.5,0.8083,0,0.0
P0002963,79,M,A,sedan,8508,60.9,0.612,0,0.0
P0002964,22,M,C,sedan,18250,5.4,0.8897,0,0.0
P0002965,64,F,B,sedan,21381,47.3,0.9713,0,0.0
P0002966,55,M,C,sedan,22267,37.9,0.5805,0,0.0
P0002967,33,F,C,sedan,11256,17.2,0.6268,1,984.46
P0002968,32,M,B,sedan,5955,16.1,0.7648,1,1627.68
P0002969,63,F,A,sedan,5958,47.1,0.8699,0,0.0
P0002970,58,F,A,sedan,32927,41.3,0.5635,0,0.0
P0002971,56,M,C,sedan,24274,40.1,0.5253,0,0.0
P0002972,21,F,B,suv,35442,3.1,0.7835,0,0.0
P0002973,55,M,A,truck,31669,41.5,0.8986,0,0.0
P0002974,79,F,C,sedan,12290,65.0,0.6488,0,0.0
P0002975,19,M,C,suv,7783,0.0,0.7915,0,0.0
P0002976,47,M,C,suv,25351,30.9,0.9017,0,0.0
P0002977,49,M,B,suv,11972,34.0,0.5144,0,0.0
P0002978,74,M,C,suv,26042,57.1,0.6681,0,0.0
P0002979,35,M,C,suv,34993,16.5,0.6516,0,0.0
P0002980,47,F,A,truck,34954,28.7,0.8615,0,0.0
P0002981,63,F,C,sedan,12788,47.5,0.8331,0,0.0
P0002982,21,M,B,sedan,19996,5.0,0.9134,0,0.0
P0002983,68,M,C,suv,26924,51.7,0.7743,0,0.0
P0002984,69,M,C,truck,12375,51.4,0.6139,0,0.0
P0002985,63,M,B,sedan,22452,45.9,0.7166,0,0.0
P0002986,58,F,A,truck,16168,42.8,0.698,0,0.0
P0002987,65,M,A,suv,22790,49.0,0.8339,1,6902.2
P0002988,67,M,A,suv,24827,50.5,0.977,1,5694.75
P0002989,74,M,B,truck,32167,54.0,0.7289,0,0.0
P0002990,44,M,C,suv,19647,27.4,0.8194,0,0.0
P0002991,46,M,A,suv,13902,22.4,0.5888,0,0.0
P0002992,58,M,A,suv,7461,41.5,0.7872,0,0.0
P0002993,30,F,B,sedan,26685,16.4,0.8642,0,0.0
P0002994,71,M,A,truck,30028,53.3,0.8819,1,1280.44
P0002995,66,F,A,truck,17729,46.9,0.9868,0,0.0
P0002996,57,F,A,suv,31792,39.0,0.9938,0,0.0
P0002997,37,F,B,sedan,19700,19.6,0.7577,0,0.0
P0002998,39,F,B,sedan,19828,22.8,0.9303,0,0.0
P0002999,45,F,C,sedan,6439,28.6,0.8686,0,0.0
P0003000,59,M,A,sedan,21227,46.7,0.7623,0,0.0
P0003001,67,M,A,suv,23439,48.3,0.515,0,0.0
P0003002,60,M,C,truck,20238,43.8,0.9885,0,0.0
P0003003,76,F,C,suv,21671,56.7,0.9826,1,3446.28
P0003004,78,F,A,sedan,21422,62.1,0.7591,0,0.0
P0003005,62,M,C,truck,26673,45.1,0.6722,0,0.0
P0003006,41,M,C,truck,8181,21.5,0.5559,0,0.0
P0003007,55,M,C,suv,21444,35.3,0.5276,0,0.0
P0003008,44,M,B,sedan,18442,25.3,0.9017,0,0.0
P0003009,57,M,A,suv,15745,43.7,0.7047,0,0.0
P0003010,69,M,A,sedan,18884,54.6,0.7814,0,0.0
P0003011,41,M,C,sedan,26053,22.6,0.6507,0,0.0
P0003012,49,M,C,suv,35929,33.4,0.807,0,0.0
P0003013,20,M,B,suv,11855,2.9,0.8794,0,0.0
P0003014,64,F,A,sedan,6508,46.6,0.9464,0,0.0
P0003015,48,F,A,truck,15833,30.5,0.748,0,0.0
P0003016,46,F,B,truck,14676,31.1,0.6501,0,0.0
P0003017,51,M,C,suv,7149,32.0,0.5384,1,2764.18
P0003018,31,M,A,sedan,20375,15.0,0.927,0,0.0
P0003019,55,F,B,sedan,21062,36.8,0.9268,0,0.0
P0003020,64,M,B,suv,31264,47.4,0.6767,0,0.0
P0003021,40,F,C,truck,26656,19.2,0.6036,0,0.0
P0003022,26,F,C,suv,19298,6.1,0.8367,0,0.0
P0003023,42,M,A,sedan,25386,20.7,0.8783,0,0.0
P0003024,30,F,B,sedan,14021,9.7,0.8609,0,0.0
P0003025,41,F,C,sedan,9857,24.3,0.5356,0,0.0
P0003026,57,F,C,suv,21593,41.1,0.9921,0,0.0
P0003027,25,F,B,sedan,20402,10.3,0.7723,1,2243.95
P0003028,65,M,A,sedan,14207,47.5,0.8042,0,0.0
P0003029,32,M,B,suv,32889,15.0,0.5227,0,0.0
P0003030,74,M,B,truck,21997,57.1,0.5059,0,0.0
P0003031,64,M,A,sedan,22594,48.7,0.5632,0,0.0
P0003032,35,F,C,sedan,26385,17.3,0.6955,0,0.0
P0003033,53,M,A,suv,13996,36.8,0.9724,0,0.0
P0003034,24,F,C,truck,21454,8.0,0.864,0,0.0
P0003035,24,F,B,sedan,32794,6.7,0.9996,0,0.0
P0003036,78,M,A,sedan,23898,61.2,0.8399,1,5055.41
P0003037,68,F,B,suv,31406,53.9,0.5499,0,0.0
P0003038,27,F,B,sedan,6200,11.6,0.8472,0,0.0
P0003039,35,F,C,truck,27328,16.9,0.8207,0,0.0
P0003040,30,M,B,suv,25422,13.1,0.9432,0,0.0
P0003041,42,F,A,sedan,32827,28.9,0.7721,0,0.0
P0003042,36,F,C,truck,35059,17.6,0.6228,0,0.0
P0003043,38,M,B,suv,9314,21.1,0.8664,0,0.0
P0003044,51,F,A,sedan,20240,36.1,0.8767,0,0.0
P0003045,29,M,C,sedan,33909,13.3,0.7571,0,0.0
P0003046,73,F,A,suv,29883,55.7,0.5474,0,0.0
P0003047,63,M,A,truck,8138,50.4,0.7069,0,0.0
P0003048,65,M,B,sedan,22016,47.2,0.92,0,0.0
P0003049,28,M,B,sedan,15802,9.0,0.6518,0,0.0
P0003050,62,M,B,truck,26823,43.2,0.8658,0,0.0
P0003051,70,F,C,sedan,20894,50.7,0.6268,0,0.0
P0003052,29,M,A,sedan,14607,13.6,0.6644,0,0.0
P0003053,65,M,C,sedan,17935,45.9,0.6685,0,0.0
P0003054,40,M,A,suv,34972,22.5,0.5678,1,383.84
P0003055,67,M,A,suv,16338,51.7,0.6756,0,0.0
P0003056,48,M,A,sedan,11669,30.1,0.8618,0,0.0
P0003057,68,M,A,sedan,8485,50.1,0.7007,0,0.0
P0003058,27,F,B,suv,9932,6.9,0.6499,0,0.0
P0003059,42,M,C,suv,6649,22.6,0.8504,0,0.0
P0003060,35,M,C,sedan,6411,19.4,0.7577,0,0.0
P0003061,33,M,B,sedan,21533,15.3,0.7179,0,0.0
P0003062,37,F,A,suv,21776,19.3,0.8981,1,4527.81
P0003063,42,M,C,sedan,29665,24.5,0.691,0,0.0
P0003064,26,M,A,sedan,24185,9.6,0.7722,0,0.0
P0003065,62,M,B,truck,10935,41.5,0.5159,0,0.0
P0003066,52,F,B,truck,25135,36.2,0.6697,0,0.0
P0003067,70,F,A,sedan,18747,49.7,0.6185,0,0.0
P0003068,62,F,B,truck,10339,47.8,0.9429,0,0.0
P0003069,27,F,C,suv,25154,10.8,0.5105,0,0.0
P0003070,22,M,A,truck,25194,3.5,0.85,0,0.0
P0003071,44,F,B,truck,18114,29.1,0.8781,0,0.0
P0003072,48,M,C,suv,10118,32.5,0.6663,0,0.0
P0003073,33,F,A,sedan,5918,14.9,0.6285,0,0.0
P0003074,67,F,A,sedan,28404,53.5,0.5824,0,0.0
P0003075,54,M,B,suv,9828,34.8,0.6386,0,0.0
P0003076,65,F,C,sedan,13532,45.0,0.957,1,3307.99
P0003077,24,F,B,suv,25941,4.0,0.5217,1,3828.7
P0003078,69,F,B,sedan,18083,51.3,0.7284,0,0.0
P0003079,30,M,A,truck,30449,13.9,0.6322,0,0.0
P0003080,46,M,C,truck,16384,29.7,0.8479,0,0.0
P0003081,45,F,C,sedan,32654,27.4,0.667,0,0.0
P0003082,69,M,B,suv,16399,51.7,0.673,0,0.0
P0003083,35,F,C,truck,7560,18.8,0.5291,0,0.0
P0003084,33,M,B,suv,27349,12.8,0.9552,0,0.0
P0003085,39,F,C,truck,25462,22.5,0.7608,0,0.0
P0003086,40,M,A,suv,35930,20.1,0.5345,0,0.0
P0003087,29,M,A,sedan,8076,11.8,0.8759,0,0.0
P0003088,29,F,C,sedan,21347,11.9,0.89,0,0.0
P0003089,32,F,B,sedan,26999,14.0,0.7306,0,0.0
P0003090,47,F,A,sedan,17432,29.0,0.9896,0,0.0
P0003091,39,F,C,suv,13129,22.3,0.613,0,0.0
P0003092,42,F,B,suv,14104,23.9,0.9221,0,0.0
P0003093,63,F,A,sedan,5331,44.6,0.9232,0,0.0
P0003094,33,M,A,sedan,24358,12.7,0.7606,0,0.0
P0003095,75,F,B,sedan,29128,57.9,0.7701,0,0.0
P0003096,65,M,A,sedan,18986,49.6,0.5561,0,0.0
P0003097,29,F,A,suv,6218,13.4,0.5666,0,0.0
P0003098,37,M,B,sedan,28957,15.3,0.7114,0,0.0
P0003099,29,F,C,truck,33156,15.8,0.9591,0,0.0
P0003100,35,M,B,truck,23807,20.4,0.6073,0,0.0
P0003101,41,F,A,suv,7699,23.9,0.7375,0,0.0
P0003102,26,F,B,suv,17769,10.2,0.5321,0,0.0
P0003103,18,M,A,truck,22640,0.0,0.6496,0,0.0
P0003104,45,M,A,sedan,34543,26.5,0.686,0,0.0
P0003105,62,M,A,sedan,20473,46.1,0.9814,0,0.0
P0003106,37,F,B,sedan,5349,17.0,0.5965,0,0.0
P0003107,72,F,A,sedan,26834,57.2,0.5504,0,0.0
P0003108,41,M,B,sedan,26374,25.5,0.5269,0,0.0
P0003109,74,M,B,suv,12299,53.9,0.761,0,0.0
P0003110,32,M,C,sedan,17734,17.6,0.7597,0,0.0
P0003111,51,F,B,sedan,6330,33.3,0.5979,0,0.0
P0003112,66,F,C,sedan,8770,45.9,0.6238,0,0.0
P0003113,21,M,B,sedan,14642,9.2,0.6594,0,0.0
P0003114,76,M,A,suv,7873,59.7,0.5047,0,0.0
P0003115,40,F,A,sedan,13557,21.1,0.9085,0,0.0
P0003116,49,M,A,sedan,25128,32.5,0.8864,0,0.0
P0003117,57,M,A,sedan,16863,39.9,0.6601,0,0.0
P0003118,58,F,A,suv,9580,40.6,0.7871,0,0.0
P0003119,19,F,A,sedan,24356,1.4,0.6641,0,0.0
P0003120,72,M,B,suv,31538,56.6,0.5134,0,0.0
P0003121,57,F,B,truck,23304,38.5,0.7949,0,0.0
P0003122,80,M,A,sedan,14638,62.5,0.8608,0,0.0
P0003123,47,M,B,sedan,30006,32.3,0.6669,0,0.0
P0003124,56,F,A,suv,15659,39.9,0.6207,0,0.0
P0003125,45,M,B,sedan,5471,30.8,0.6321,0,0.0
P0003126,74,F,B,truck,25463,56.6,0.6745,0,0.0
P0003127,70,F,A,suv,27278,52.0,0.7338,0,0.0
P0003128,75,M,A,sedan,11825,57.6,0.8775,0,0.0
P0003129,49,M,C,sedan,16685,30.9,0.5995,0,0.0
P0003130,67,F,B,suv,5218,49.7,0.8532,0,0.0
P0003131,40,M,B,suv,19569,21.5,0.9823,0,0.0
P0003132,47,M,A,sedan,18820,30.3,0.5901,0,0.0
P0003133,65,M,A,suv,13001,46.6,0.7538,1,1023.09
P0003134,23,M,A,sedan,21364,8.6,0.6806,0,0.0
P0003135,62,F,C,truck,26047,47.8,0.8002,0,0.0
P0003136,18,F,A,truck,18822,0.8,0.9404,0,0.0
P0003137,54,M,A,sedan,29665,35.6,0.9432,0,0.0
P0003138,48,F,C,sedan,19197,31.6,0.7215,0,0.0
P0003139,47,M,B,sedan,17688,28.7,0.8787,0,0.0
P0003140,49,F,A,truck,25637,31.4,0.7557,0,0.0
P0003141,48,F,B,sedan,10310,35.1,0.886,0,0.0
P0003142,43,F,B,sedan,31216,21.4,0.9422,0,0.0
P0003143,46,F,C,suv,23753,31.5,0.8559,0,0.0
P0003144,53,F,A,sedan,16330,37.9,0.5304,0,0.0
P0003145,66,M,C,sedan,12268,46.7,0.6226,0,0.0
P0003146,52,M,A,suv,29492,35.0,0.8929,0,0.0
P0003147,58,F,C,suv,5431,42.5,0.5098,0,0.0
P0003148,70,F,C,suv,6943,53.9,0.759,0,0.0
P0003149,80,M,C,sedan,23838,64.8,0.8052,0,0.0
P0003150,24,F,C,suv,19888,8.6,0.91,0,0.0
P0003151,62,F,B,suv,10326,43.4,0.9033,0,0.0
P0003152,32,M,A,sedan,16660,16.0,0.5366,0,0.0
P0003153,30,M,A,truck,29269,15.1,0.8398,0,0.0
P0003154,67,M,A,sedan,19444,51.5,0.8952,1,719.05
P0003155,22,M,B,sedan,21371,5.3,0.5527,0,0.0
P0003156,71,M,A,truck,7835,55.5,0.7427,0,0.0
P0003157,66,M,B,sedan,27355,49.6,0.8247,0,0.0
P0003158,80,F,B,truck,9303,62.3,0.6712,0,0.0
P0003159,60,F,C,sedan,12237,44.0,0.6853,0,0.0
P0003160,72,F,B,sedan,14097,56.7,0.5514,0,0.0
P0003161,25,F,C,sedan,18358,9.4,0.8872,0,0.0
P0003162,74,M,B,sedan,13479,54.2,0.6186,0,0.0
P0003163,28,F,C,truck,30288,6.7,0.7175,0,0.0
P0003164,37,F,C,truck,16937,19.9,0.7582,0,0.0
P0003165,26,F,A,suv,6103,7.6,0.5436,0,0.0
P0003166,43,M,A,sedan,19175,27.9,0.7156,0,0.0
P0003167,65,M,C,sedan,8821,49.2,0.5762,0,0.0
P0003168,34,M,B,sedan,11856,16.1,0.6163,0,0.0
P0003169,69,F,C,sedan,23331,56.7,0.6781,0,0.0
P0003170,56,F,C,sedan,24195,37.5,0.7449,0,0.0
P0003171,57,M,B,sedan,25664,41.1,0.7171,0,0.0
P0003172,77,M,C,sedan,16650,62.2,0.5358,0,0.0
P0003173,45,M,C,suv,30973,27.2,0.6752,0,0.0
P0003174,39,M,C,sedan,6864,19.1,0.5196,0,0.0
P0003175,80,F,A,sedan,16753,63.6,0.6254,0,0.0
P0003176,53,M,A,sedan,12554,35.4,0.5426,0,0.0
P0003177,56,M,A,suv,6283,38.1,0.5837,0,0.0
P0003178,36,M,B,suv,22364,18.5,0.7512,0,0.0
P0003179,31,M,C,sedan,6761,16.0,0.9637,0,0.0
P0003180,28,F,C,truck,23813,10.6,0.5974,0,0.0
P0003181,32,F,B,suv,31500,14.6,0.8654,0,0.0
P0003182,30,M,A,sedan,29789,18.5,0.5219,0,0.0
P0003183,65,F,B,sedan,26117,46.3,0.6679,0,0.0
P0003184,21,F,C,truck,12609,7.0,0.7007,0,0.0
P0003185,57,F,B,sedan,25259,39.7,0.5542,1,3999.56
P0003186,77,M,A,sedan,22428,57.0,0.8184,0,0.0
P0003187,66,F,A,suv,20320,49.5,0.5728,0,0.0
P0003188,43,F,B,sedan,19759,28.1,0.9003,0,0.0
P0003189,21,M,B,suv,9395,2.9,0.7958,0,0.0
P0003190,70,M,C,suv,31303,50.2,0.8706,2,7654.79
P0003191,18,M,C,truck,30930,3.2,0.5821,0,0.0
P0003192,60,M,A,suv,27629,47.7,0.6585,0,0.0
P0003193,60,F,A,suv,21979,40.6,0.8527,0,0.0
P0003194,30,M,A,sedan,9091,11.3,0.7267,0,0.0
P0003195,64,M,A,truck,24671,46.2,0.8162,0,0.0
P0003196,29,F,B,sedan,34721,15.6,0.7067,0,0.0
P0003197,32,M,A,sedan,9110,13.8,0.8361,1,1376.7
P0003198,69,F,A,truck,16011,49.9,0.8208,0,0.0
P0003199,79,F,C,truck,33080,57.7,0.6498,0,0.0
P0003200,34,F,A,suv,34592,17.6,0.9408,0,0.0
P0003201,76,F,C,sedan,18817,58.7,0.8662,1,6315.12
P0003202,75,M,A,sedan,13841,62.3,0.5341,0,0.0
P0003203,66,F,A,suv,13892,47.1,0.5189,0,0.0
P0003204,26,M,A,sedan,19537,7.1,0.8581,0,0.0
P0003205,36,F,A,sedan,14904,18.2,0.816,0,0.0
P0003206,60,F,A,sedan,22064,40.6,0.9622,0,0.0
P0003207,80,F,C,truck,7470,64.6,0.8377,0,0.0
P0003208,69,F,C,truck,6971,52.4,0.6041,1,6338.49
P0003209,44,M,A,truck,5147,27.4,0.521,0,0.0
P0003210,32,M,A,suv,27185,12.8,0.7662,0,0.0
P0003211,78,F,A,sedan,33631,58.8,0.7481,0,0.0
P0003212,35,M,C,sedan,8246,17.4,0.9687,1,3869.08
P0003213,39,M,A,sedan,33360,21.5,0.8542,0,0.0
P0003214,78,M,A,sedan,10089,59.9,0.95,1,8900.62
P0003215,53,F,C,suv,6493,36.7,0.8783,0,0.0
P0003216,34,F,C,sedan,13997,14.3,0.8303,0,0.0
P0003217,18,M,B,truck,14069,1.9,0.7816,0,0.0
P0003218,45,M,A,sedan,34783,27.1,0.79,0,0.0
P0003219,80,F,A,sedan,8487,64.2,0.7537,0,0.0
P0003220,45,M,A,suv,35166,26.1,0.9195,0,0.0
P0003221,62,F,B,suv,31717,45.2,0.6173,0,0.0
P0003222,33,M,C,sedan,20168,11.9,0.9576,1,8735.84
P0003223,66,F,A,suv,25863,49.3,0.7797,0,0.0
P0003224,66,M,C,suv,21532,47.1,0.7187,0,0.0
P0003225,56,F,B,sedan,33211,40.3,0.6055,0,0.0
P0003226,66,F,C,sedan,11567,49.6,0.638,0,0.0
P0003227,54,M,A,truck,34624,37.1,0.7921,0,0.0
P0003228,41,F,A,sedan,17959,23.3,0.5759,0,0.0
P0003229,64,M,A,sedan,33894,48.5,0.5017,0,0.0
P0003230,70,M,B,sedan,35516,54.1,0.6296,0,0.0
P0003231,70,F,A,suv,31288,52.8,0.6521,0,0.0
P0003232,31,F,A,truck,29514,13.2,0.9707,0,0.0
P0003233,60,M,C,sedan,18477,43.1,0.7909,0,0.0
P0003234,18,M,B,truck,26619,1.4,0.7029,0,0.0
P0003235,54,M,B,truck,12586,39.7,0.9915,0,0.0
P0003236,53,F,B,sedan,13630,35.0,0.6837,0,0.0
P0003237,40,M,B,suv,27984,21.3,0.9791,1,5062.33
P0003238,80,M,B,truck,28654,61.1,0.9707,0,0.0
P0003239,73,M,A,truck,13105,55.7,0.8449,2,10984.31
P0003240,20,F,A,suv,34963,4.2,0.7626,0,0.0
P0003241,31,F,B,sedan,26145,14.6,0.9109,0,0.0
P0003242,31,M,A,sedan,35626,13.7,0.662,0,0.0
P0003243,74,M,B,sedan,19843,57.0,0.6839,1,256.71
P0003244,50,F,B,suv,23593,34.7,0.6034,0,0.0
P0003245,63,M,A,sedan,25221,49.4,0.6277,0,0.0
P0003246,69,F,C,suv,9982,53.1,0.5682,0,0.0
P0003247,66,F,B,suv,13667,49.6,0.9253,0,0.0
P0003248,23,F,B,sedan,34886,5.4,0.5006,0,0.0
P0003249,26,F,C,truck,25887,9.8,0.7122,0,0.0
P0003250,42,F,A,sedan,21782,25.5,0.6821,0,0.0
P0003251,39,F,A,sedan,5085,21.8,0.6938,0,0.0
P0003252,65,F,A,truck,6188,44.9,0.9219,0,0.0
P0003253,27,M,B,sedan,22254,10.3,0.9105,0,0.0
P0003254,41,M,A,sedan,7526,27.1,0.8317,0,0.0
P0003255,32,M,C,truck,9410,16.4,0.8446,0,0.0
P0003256,29,F,A,truck,22894,8.4,0.9018,0,0.0
P0003257,28,M,B,truck,34787,8.1,0.6925,0,0.0
P0003258,30,F,B,sedan,30894,11.1,0.7253,0,0.0
P0003259,53,M,A,sedan,19430,34.6,0.6224,0,0.0
P0003260,43,M,B,sedan,34187,24.6,0.619,0,0.0
P0003261,45,F,B,sedan,23784,28.5,0.9673,0,0.0
P0003262,48,F,C,truck,34277,29.3,0.8803,1,2453.84
P0003263,64,M,B,sedan,12368,45.2,0.7265,1,4566.61
P0003264,72,M,B,suv,22937,53.3,0.5195,0,0.0
P0003265,51,M,B,sedan,33595,35.2,0.8714,0,0.0
P0003266,58,M,B,suv,35423,41.6,0.9743,0,0.0
P0003267,64,M,A,sedan,31661,48.3,0.9634,1,546.64
P0003268,61,F,B,sedan,9637,42.0,0.8571,0,0.0
P0003269,26,M,A,sedan,24186,8.4,0.8239,0,0.0
P0003270,79,F,B,truck,7934,61.2,0.5604,0,0.0
P0003271,28,F,A,suv,16865,9.8,0.5428,0,0.0
P0003272,43,F,C,suv,5938,28.8,0.6326,0,0.0
P0003273,59,M,A,sedan,28540,40.2,0.7819,0,0.0
P0003274,43,M,A,suv,28998,27.1,0.9566,0,0.0
P0003275,33,F,A,suv,7865,16.9,0.9355,0,0.0
P0003276,76,F,A,sedan,33414,60.7,0.653,0,0.0
P0003277,22,F,A,suv,31020,4.8,0.6831,0,0.0
P0003278,33,M,B,truck,31034,16.1,0.6552,0,0.0
P0003279,80,M,A,truck,18865,65.8,0.7651,0,0.0
P0003280,63,F,A,truck,34128,49.6,0.9045,0,0.0
P0003281,23,F,A,sedan,35476,6.4,0.8916,0,0.0
P0003282,65,M,A,sedan,21990,46.4,0.9432,0,0.0
P0003283,79,F,C,sedan,16733,60.6,0.7609,1,7771.15
P0003284,24,F,A,sedan,28654,5.0,0.8291,1,388.76
P0003285,44,F,C,sedan,6368,27.4,0.977,0,0.0
P0003286,47,F,B,sedan,15438,30.7,0.8378,0,0.0
P0003287,26,F,B,suv,5135,9.2,0.5835,0,0.0
P0003288,30,M,C,suv,28763,11.4,0.6634,0,0.0
P0003289,28,F,A,suv,6333,7.8,0.5378,0,0.0
P0003290,29,F,C,truck,28344,12.9,0.5552,1,1655.22
P0003291,43,M,B,sedan,22535,26.5,0.7459,0,0.0
P0003292,47,M,A,sedan,18503,29.9,0.8693,0,0.0
P0003293,32,F,C,suv,24560,15.5,0.5945,0,0.0
P0003294,36,F,A,suv,6356,20.2,0.66,0,0.0
P0003295,30,M,C,sedan,30144,13.3,0.6683,0,0.0
P0003296,68,F,C,truck,13254,52.6,0.9201,0,0.0
P0003297,31,M,A,sedan,31117,12.5,0.592,0,0.0
P0003298,75,F,A,suv,32440,55.1,0.517,0,0.0
P0003299,51,F,C,truck,22073,34.6,0.8119,0,0.0
P0003300,68,F,A,sedan,23205,47.7,0.7634,0,0.0
P0003301,58,M,B,suv,33628,41.2,0.5014,0,0.0
P0003302,34,F,A,sedan,17557,18.4,0.8823,0,0.0
P0003303,55,F,A,sedan,17326,36.6,0.7119,0,0.0
P0003304,35,F,B,sedan,34369,19.8,0.7739,1,1630.14
P0003305,25,M,B,suv,17520,6.8,0.8354,2,2103.76
P0003306,34,F,B,suv,16359,16.5,0.5257,0,0.0
P0003307,35,M,B,truck,5183,18.8,0.5863,0,0.0
P0003308,26,M,A,suv,15170,10.0,0.7316,1,2435.12
P0003309,19,F,B,sedan,12739,3.7,0.586,1,2536.93
P0003310,77,M,A,truck,28885,57.9,0.5583,0,0.0
P0003311,50,M,A,sedan,20506,33.4,0.6625,0,0.0
P0003312,43,F,A,suv,16014,25.4,0.7133,0,0.0
P0003313,76,F,B,sedan,33948,59.0,0.9249,1,6699.01
P0003314,32,F,A,suv,18833,15.4,0.7975,0,0.0
P0003315,43,F,A,truck,17890,25.3,0.9647,0,0.0
P0003316,71,M,B,sedan,27396,53.0,0.7286,1,5955.03
P0003317,57,M,A,suv,13096,39.7,0.7362,0,0.0
P0003318,43,M,C,suv,18333,26.4,0.6557,0,0.0
P0003319,34,F,A,sedan,26886,19.2,0.5408,0,0.0
P0003320,20,F,A,sedan,14990,4.2,0.586,0,0.0
P0003321,23,F,C,suv,18309,6.6,0.5339,0,0.0
P0003322,28,M,B,sedan,5477,11.0,0.8517,0,0.0
P0003323,67,F,C,sedan,29619,53.5,0.6745,2,16879.89
P0003324,58,M,B,suv,31677,39.8,0.5158,0,0.0
P0003325,45,M,A,suv,25719,27.4,0.8761,0,0.0
P0003326,67,F,B,sedan,21327,51.2,0.6274,0,0.0
P0003327,28,M,B,truck,32698,12.8,0.9468,1,4828.28
P0003328,31,M,B,truck,31391,15.4,0.9115,0,0.0
P0003329,42,M,A,truck,19535,27.6,0.6519,0,0.0
P0003330,75,F,A,suv,24153,58.7,0.6179,0,0.0
P0003331,56,F,A,sedan,34098,39.4,0.9965,0,0.0
P0003332,71,M,C,sedan,11220,52.2,0.9098,0,0.0
P0003333,33,F,A,truck,29125,15.1,0.9633,0,0.0
P0003334,71,M,C,truck,16257,51.5,0.5085,0,0.0
P0003335,22,F,A,suv,7878,4.8,0.7992,0,0.0
P0003336,32,M,B,suv,17935,16.8,0.6333,0,0.0
P0003337,50,M,A,sedan,21063,29.5,0.6874,0,0.0
P0003338,21,F,B,suv,27931,4.6,0.5455,0,0.0
P0003339,72,F,C,sedan,9702,58.1,0.8742,0,0.0
P0003340,72,M,B,suv,21993,54.6,0.7628,0,0.0
P0003341,52,F,A,suv,25502,38.2,0.896,0,0.0
P0003342,37,M,B,suv,24731,20.2,0.5582,0,0.0
P0003343,24,M,A,sedan,30806,8.0,0.9986,0,0.0
P0003344,56,F,B,suv,28345,38.0,0.6743,0,0.0
P0003345,51,M,B,sedan,19424,32.1,0.9757,0,0.0
P0003346,65,F,A,sedan,13489,48.6,0.8382,0,0.0
P0003347,55,M,B,sedan,32298,38.8,0.5544,0,0.0
P0003348,26,F,B,sedan,32341,7.5,0.891,0,0.0
P0003349,25,F,A,sedan,9022,9.5,0.7803,0,0.0
P0003350,67,F,A,sedan,19051,49.9,0.5944,1,4214.96
P0003351,28,M,B,sedan,28311,9.9,0.5936,0,0.0
P0003352,77,M,C,sedan,25494,61.6,0.9766,1,10462.46
P0003353,24,M,B,sedan,32122,7.6,0.9993,1,4890.92
P0003354,63,F,B,suv,11764,45.8,0.7881,0,0.0
P0003355,79,M,A,sedan,34181,59.3,0.5936,0,0.0
P0003356,45,M,A,sedan,12234,30.4,0.6701,0,0.0
P0003357,21,M,A,sedan,7971,4.3,0.606,0,0.0
P0003358,73,F,A,sedan,27784,53.3,0.8037,1,1350.2
P0003359,29,M,A,suv,33767,10.1,0.7001,1,2869.07
P0003360,51,F,A,truck,15862,34.6,0.689,0,0.0
P0003361,80,F,B,sedan,9954,63.1,0.9007,0,0.0
P0003362,64,M,B,sedan,32154,46.1,0.9818,0,0.0
P0003363,20,F,A,sedan,7949,2.0,0.5985,0,0.0
P0003364,69,F,B,sedan,25607,49.2,0.7072,0,0.0
P0003365,28,M,A,truck,8927,8.7,0.7683,0,0.0
P0003366,65,M,A,suv,25628,50.8,0.6229,0,0.0
P0003367,57,F,C,suv,8531,43.2,0.701,0,0.0
P0003368,36,M,B,truck,16788,20.1,0.5279,0,0.0
P0003369,44,F,A,suv,19411,30.7,0.5206,0,0.0
P0003370,25,F,A,sedan,32982,5.4,0.8932,0,0.0
P0003371,80,F,B,suv,27042,66.0,0.6695,0,0.0
P0003372,33,M,A,suv,34283,16.6,0.8537,1,579.5
P0003373,37,F,C,sedan,21739,21.7,0.5415,1,3314.91
P0003374,49,F,B,suv,12996,35.2,0.8353,0,0.0
P0003375,60,M,A,sedan,18162,40.6,0.8267,0,0.0
P0003376,49,M,B,sedan,20951,33.2,0.9107,0,0.0
P0003377,49,M,B,suv,22479,28.2,0.6023,0,0.0
P0003378,54,M,B,sedan,33114,34.2,0.7756,0,0.0
P0003379,72,F,C,sedan,32807,55.0,0.9506,1,2627.52
P0003380,42,F,C,sedan,8139,29.2,0.6099,0,0.0
P0003381,70,F,A,suv,29615,53.7,0.5624,0,0.0
P0003382,67,M,A,truck,14224,45.4,0.6724,0,0.0
P0003383,78,F,A,suv,23216,60.1,0.9827,0,0.0
P0003384,75,F,B,suv,34587,58.3,0.5787,0,0.0
P0003385,68,F,B,sedan,32353,52.2,0.5597,1,7320.03
P0003386,33,F,A,suv,20034,14.2,0.9989,0,0.0
P0003387,66,M,C,sedan,6420,48.3,0.6966,0,0.0
P0003388,64,M,A,sedan,34497,46.4,0.5746,0,0.0
P0003389,36,F,C,suv,33130,16.7,0.7793,1,4296.63
P0003390,60,M,C,sedan,16785,40.8,0.5069,0,0.0
P0003391,33,M,A,truck,9257,15.1,0.7128,0,0.0
P0003392,50,F,A,sedan,21352,36.2,0.5181,0,0.0
P0003393,68,F,A,suv,29852,53.0,0.7827,0,0.0
P0003394,29,M,C,sedan,19077,13.2,0.8124,0,0.0
P0003395,39,F,A,suv,5651,22.1,0.5018,0,0.0
P0003396,68,M,C,suv,19173,48.0,0.7564,0,0.0
P0003397,46,M,B,sedan,20959,24.9,0.9725,0,0.0
P0003398,78,M,B,truck,33449,60.2,0.699,0,0.0
P0003399,18,M,C,suv,30035,0.0,0.9773,0,0.0
P0003400,63,M,B,sedan,26533,49.0,0.9817,0,0.0
P0003401,69,F,B,suv,17543,52.8,0.6201,0,0.0
P0003402,75,F,B,sedan,34317,59.1,0.7887,0,0.0
P0003403,27,M,A,suv,12179,11.3,0.9152,0,0.0
P0003404,80,M,A,sedan,15215,61.8,0.8546,0,0.0
P0003405,42,M,A,truck,31233,25.9,0.8801,0,0.0
P0003406,40,M,B,sedan,35810,26.8,0.6305,0,0.0
P0003407,40,F,A,suv,30256,21.3,0.9591,0,0.0
P0003408,58,M,B,truck,26937,38.6,0.6178,0,0.0
P0003409,59,M,A,truck,34069,41.4,0.8224,0,0.0
P0003410,47,M,B,suv,9070,30.3,0.9424,0,0.0
P0003411,22,M,C,suv,25742,6.8,0.6797,0,0.0
P0003412,80,F,B,suv,17801,64.7,0.7761,2,11956.39
P0003413,31,M,C,sedan,23539,11.9,0.8453,0,0.0
P0003414,23,F,A,suv,12708,7.5,0.9642,1,4253.48
P0003415,55,F,A,suv,20155,34.0,0.724,0,0.0
P0003416,43,M,B,sedan,12299,24.1,0.8016,0,0.0
P0003417,56,M,A,suv,24948,38.3,0.5709,0,0.0
P0003418,73,M,B,sedan,33816,50.6,0.5326,1,3489.41
P0003419,24,F,C,suv,6822,4.4,0.5107,0,0.0
P0003420,35,F,A,sedan,34758,18.9,0.7383,0,0.0
P0003421,50,F,C,truck,25438,35.0,0.7729,0,0.0
P0003422,67,M,A,sedan,5439,50.8,0.5432,0,0.0
P0003423,55,M,B,sedan,22953,38.2,0.5905,0,0.0
P0003424,42,M,A,suv,9279,26.5,0.6332,0,0.0
P0003425,56,F,B,sedan,29881,41.2,0.9456,0,0.0
P0003426,79,M,A,sedan,13613,61.5,0.5496,0,0.0
P0003427,48,M,C,suv,6781,29.2,0.7448,0,0.0
P0003428,73,F,C,truck,31279,52.3,0.8945,0,0.0
P0003429,67,M,B,suv,21635,49.8,0.9351,1,2054.24
P0003430,36,M,B,sedan,23944,17.8,0.8466,0,0.0
P0003431,33,F,B,sedan,30779,19.7,0.6328,0,0.0
P0003432,66,F,B,suv,22528,47.3,0.5607,0,0.0
P0003433,31,M,B,suv,29686,16.0,0.5789,0,0.0
P0003434,39,M,B,truck,23546,21.4,0.8851,0,0.0
P0003435,32,M,C,sedan,5862,15.1,0.6483,0,0.0
P0003436,56,M,B,suv,34468,39.5,0.6689,0,0.0
P0003437,36,F,A,truck,34742,22.0,0.5878,0,0.0
P0003438,59,M,C,sedan,13549,43.5,0.7173,1,2836.31
P0003439,76,M,A,truck,25165,60.9,0.6673,0,0.0
P0003440,70,F,A,sedan,8822,54.2,0.6785,0,0.0
P0003441,77,M,C,suv,13831,57.6,0.5169,0,0.0
P0003442,19,F,A,sedan,23842,2.7,0.7313,0,0.0
P0003443,46,F,A,truck,15783,30.3,0.5559,0,0.0
P0003444,31,F,B,truck,35034,12.7,0.7678,1,1154.61
P0003445,75,M,C,sedan,7431,57.3,0.8346,0,0.0
P0003446,62,F,A,suv,27010,40.9,0.7731,0,0.0
P0003447,38,F,B,sedan,23996,19.0,0.5732,0,0.0
P0003448,53,M,A,sedan,32655,40.0,0.8082,0,0.0
P0003449,56,F,B,suv,30081,37.4,0.7064,0,0.0
P0003450,49,M,A,suv,32781,30.6,0.6797,0,0.0
P0003451,47,M,A,sedan,29609,26.7,0.5744,0,0.0
P0003452,21,F,C,sedan,11796,4.4,0.9972,1,1378.42
P0003453,46,F,B,sedan,18165,26.8,0.6963,1,2187.74
P0003454,39,M,C,sedan,26253,22.7,0.7282,0,0.0
P0003455,69,F,C,sedan,35969,51.4,0.5472,0,0.0
P0003456,72,F,C,sedan,31728,57.1,0.8377,0,0.0
P0003457,65,M,B,truck,25138,50.7,0.6413,0,0.0
P0003458,19,M,A,sedan,8141,0.3,0.8701,1,3300.39
P0003459,70,M,C,truck,18045,53.0,0.5336,1,1502.72
P0003460,42,M,B,sedan,25195,27.6,0.6484,0,0.0
P0003461,44,M,A,sedan,28924,25.4,0.8728,0,0.0
P0003462,77,M,A,sedan,13432,65.5,0.698,0,0.0
P0003463,72,M,A,sedan,19487,56.6,0.5171,0,0.0
P0003464,21,M,B,suv,30471,7.3,0.8948,0,0.0
P0003465,40,M,C,sedan,30848,20.6,0.9828,0,0.0
P0003466,65,F,B,sedan,11919,48.9,0.6883,0,0.0
P0003467,51,F,A,sedan,12865,33.8,0.8108,0,0.0
P0003468,34,F,A,suv,16576,16.4,0.6863,0,0.0
P0003469,51,M,C,sedan,24958,32.4,0.7775,0,0.0
P0003470,72,F,B,sedan,25979,53.6,0.8693,0,0.0
P0003471,32,F,B,sedan,28535,13.4,0.8165,0,0.0
P0003472,65,M,C,suv,22230,48.5,0.6574,0,0.0
P0003473,64,F,C,truck,33451,45.3,0.5976,0,0.0
P0003474,73,F,B,sedan,8719,57.3,0.7722,0,0.0
P0003475,36,F,B,sedan,21266,19.8,0.8297,0,0.0
P0003476,31,F,A,sedan,11984,17.1,0.7872,0,0.0
P0003477,52,M,C,truck,21708,31.6,0.5641,1,2644.25
P0003478,51,F,B,sedan,32461,36.0,0.6775,0,0.0
P0003479,43,F,B,suv,32442,23.2,0.8723,0,0.0
P0003480,67,M,A,suv,35652,48.9,0.5734,0,0.0
P0003481,68,F,B,sedan,20181,50.6,0.9417,1,5798.15
P0003482,33,F,A,suv,26513,15.3,0.7333,1,2107.89
P0003483,68,M,B,suv,19782,53.1,0.8956,0,0.0
P0003484,32,M,B,sedan,5302,11.8,0.6704,0,0.0
P0003485,43,M,C,sedan,13784,26.7,0.6796,0,0.0
P0003486,19,M,A,sedan,28045,0.0,0.9835,0,0.0
P0003487,39,M,C,sedan,6671,23.1,0.7837,0,0.0
P0003488,78,F,A,suv,24927,63.9,0.551,0,0.0
P0003489,45,M,B,suv,19214,24.0,0.9788,0,0.0
P0003490,62,M,A,truck,17766,46.2,0.6874,0,0.0
P0003491,24,F,A,suv,27803,6.1,0.8551,0,0.0
P0003492,58,M,C,sedan,12069,47.1,0.5643,0,0.0
P0003493,41,F,A,sedan,13029,24.1,0.9277,0,0.0
P0003494,64,M,C,suv,10136,45.8,0.9795,1,7421.06
P0003495,76,M,A,sedan,8361,58.7,0.6914,0,0.0
P0003496,51,M,B,sedan,7589,34.2,0.5724,0,0.0
P0003497,24,F,A,suv,8222,7.4,0.7788,1,4917.71
P0003498,47,M,B,suv,24817,28.3,0.5809,0,0.0
P0003499,25,M,C,sedan,14297,10.6,0.7211,0,0.0
P0003500,46,F,B,suv,15455,29.5,0.8113,0,0.0
P0003501,21,F,A,sedan,28343,1.1,0.5696,1,1412.55
P0003502,58,M,C,suv,21058,44.0,0.974,0,0.0
P0003503,37,F,B,suv,7395,20.2,0.8528,0,0.0
P0003504,30,M,A,suv,21281,15.2,0.6806,0,0.0
P0003505,19,M,B,sedan,25493,1.4,0.7078,0,0.0
P0003506,73,F,B,suv,23826,55.9,0.9241,0,0.0
P0003507,70,M,C,sedan,31916,54.9,0.738,2,6628.08
P0003508,69,F,A,sedan,23430,52.0,0.9935,0,0.0
P0003509,21,M,B,truck,30186,3.9,0.5311,1,1467.86
P0003510,40,M,C,sedan,21091,24.2,0.6357,0,0.0
P0003511,79,F,B,suv,24734,62.8,0.7592,0,0.0
P0003512,54,M,B,sedan,9808,38.3,0.5679,0,0.0
P0003513,26,F,C,suv,35761,13.6,0.6781,0,0.0
P0003514,26,M,A,suv,5838,7.1,0.76,0,0.0
P0003515,34,F,A,sedan,35014,14.6,0.6305,0,0.0
P0003516,79,M,C,suv,22861,65.5,0.5823,0,0.0
P0003517,28,M,B,truck,15461,8.6,0.6342,0,0.0
P0003518,74,F,C,truck,18119,56.2,0.5413,0,0.0
P0003519,60,M,B,truck,7373,45.2,0.598,0,0.0
P0003520,76,F,A,sedan,17713,59.4,0.5305,0,0.0
P0003521,70,M,A,truck,7203,54.4,0.9763,0,0.0
P0003522,38,F,A,sedan,18332,19.2,0.5805,0,0.0
P0003523,70,M,C,sedan,9228,54.8,0.5006,1,3314.49
P0003524,28,F,A,sedan,8519,6.8,0.9787,2,4232.77
P0003525,36,F,B,sedan,27086,16.7,0.8793,0,0.0
P0003526,31,M,B,suv,10557,16.4,0.6335,0,0.0
P0003527,26,M,A,sedan,15389,5.7,0.9395,0,0.0
P0003528,23,M,A,suv,25526,4.5,0.9358,0,0.0
P0003529,29,M,B,sedan,20645,12.3,0.8705,0,0.0
P0003530,25,F,A,sedan,20927,6.6,0.7961,0,0.0
P0003531,41,M,C,truck,18698,22.2,0.7924,0,0.0
P0003532,22,F,C,suv,23899,6.5,0.9845,0,0.0
P0003533,21,F,A,sedan,25235,2.3,0.7326,0,0.0
P0003534,80,M,C,suv,9009,63.9,0.9043,0,0.0
P0003535,23,M,A,truck,34856,4.4,0.5562,0,0.0
P0003536,22,F,A,sedan,30238,5.3,0.8504,0,0.0
P0003537,19,F,A,sedan,18148,4.0,0.9948,0,0.0
P0003538,26,M,C,truck,16551,7.7,0.505,0,0.0
P0003539,51,F,B,sedan,27499,34.8,0.629,0,0.0
P0003540,70,F,A,sedan,24005,52.7,0.8925,0,0.0
P0003541,64,F,B,sedan,29889,46.2,0.8669,1,896.41
P0003542,54,F,B,sedan,19435,34.1,0.8671,0,0.0
P0003543,23,F,B,truck,18677,6.9,0.9912,0,0.0
P0003544,66,M,B,truck,19518,50.7,0.5479,0,0.0
P0003545,20,F,C,suv,14163,0.0,0.8375,0,0.0
P0003546,57,F,B,suv,29135,40.0,0.8206,0,0.0
P0003547,43,M,A,truck,29684,27.1,0.6029,0,0.0
P0003548,73,M,C,suv,8420,55.3,0.6065,1,9961.19
P0003549,37,M,A,suv,7896,20.7,0.8251,0,0.0
P0003550,58,M,B,truck,7318,41.5,0.8273,0,0.0
P0003551,45,M,B,sedan,15208,22.9,0.8,0,0.0
P0003552,50,M,A,sedan,8132,35.0,0.7309,0,0.0
P0003553,77,M,A,suv,22659,62.9,0.8436,0,0.0
P0003554,62,M,B,suv,35854,42.5,0.6609,0,0.0
P0003555,44,M,C,sedan,26850,27.8,0.6179,2,5343.33
P0003556,46,F,C,sedan,33741,28.4,0.7977,0,0.0
P0003557,62,M,B,suv,9606,43.7,0.8086,0,0.0
P0003558,39,M,A,sedan,26717,25.5,0.9061,0,0.0
P0003559,28,F,A,truck,27584,8.7,0.708,0,0.0
P0003560,47,M,C,truck,18873,31.1,0.8821,0,0.0
P0003561,22,F,B,sedan,28114,1.2,0.9589,0,0.0
P0003562,28,F,B,suv,7637,12.6,0.7128,0,0.0
P0003563,44,M,A,suv,24080,23.9,0.7713,0,0.0
P0003564,68,F,A,sedan,30447,47.5,0.9551,0,0.0
P0003565,67,F,B,sedan,17188,51.0,0.6501,0,0.0
P0003566,34,F,B,sedan,10872,17.4,0.8613,0,0.0
P0003567,44,M,B,truck,5316,27.6,0.7886,0,0.0
P0003568,27,F,A,truck,13458,7.0,0.707,0,0.0
P0003569,65,M,C,sedan,30458,47.6,0.9321,0,0.0
P0003570,33,M,B,truck,31064,14.9,0.5784,0,0.0
P0003571,68,M,C,suv,24123,51.3,0.5177,0,0.0
P0003572,71,M,B,sedan,12977,53.1,0.6036,0,0.0
P0003573,61,M,B,sedan,13057,42.9,0.9381,0,0.0
P0003574,38,F,B,truck,31181,22.2,0.6718,0,0.0
P0003575,78,M,B,sedan,23092,57.5,0.842,1,5500.77
P0003576,61,M,B,suv,29364,44.4,0.6154,0,0.0
P0003577,58,F,B,suv,16481,38.9,0.7454,0,0.0
P0003578,71,F,A,suv,30955,56.5,0.7614,1,1239.97
P0003579,73,M,C,sedan,19593,54.6,0.6227,0,0.0
P0003580,22,F,A,sedan,25903,2.9,0.6937,0,0.0
P0003581,73,M,A,truck,31389,55.5,0.6309,0,0.0
P0003582,66,F,C,sedan,15915,46.8,0.5503,0,0.0
P0003583,31,M,A,sedan,29424,15.4,0.7158,0,0.0
P0003584,37,F,C,sedan,25248,19.1,0.7818,0,0.0
P0003585,65,M,B,suv,20415,51.0,0.545,0,0.0
P0003586,31,F,A,sedan,30702,13.7,0.6789,0,0.0
P0003587,46,F,A,suv,18636,30.6,0.7313,0,0.0
P0003588,61,F,A,sedan,28232,44.1,0.9663,0,0.0
P0003589,58,F,A,suv,7367,38.2,0.8052,0,0.0
P0003590,75,M,A,truck,31722,54.5,0.9711,0,0.0
P0003591,25,M,A,suv,34901,10.6,0.7622,0,0.0
P0003592,36,F,A,suv,35489,16.5,0.9016,0,0.0
P0003593,80,M,B,suv,31171,60.2,0.5481,0,0.0
P0003594,53,F,A,suv,26394,35.4,0.7822,0,0.0
P0003595,33,F,A,sedan,27976,13.3,0.6765,0,0.0
P0003596,36,M,A,suv,33771,19.8,0.8642,0,0.0
P0003597,39,M,A,sedan,27635,23.0,0.9388,1,1837.9
P0003598,52,M,A,sedan,13425,36.0,0.8561,0,0.0
P0003599,35,F,A,sedan,9948,16.6,0.5441,0,0.0
P0003600,57,F,A,sedan,35177,40.2,0.8105,0,0.0
P0003601,46,M,C,sedan,9312,30.4,0.8721,0,0.0
P0003602,56,F,A,suv,33220,40.3,0.5149,0,0.0
P0003603,27,F,A,suv,34014,10.0,0.5849,0,0.0
P0003604,57,M,B,sedan,6278,41.7,0.8401,1,2827.71
P0003605,76,M,B,sedan,30026,57.7,0.6575,0,0.0
P0003606,26,F,A,suv,23303,6.6,0.5311,1,984.63
P0003607,38,F,C,suv,17076,19.1,0.9447,0,0.0
P0003608,61,M,B,suv,20592,38.2,0.9761,0,0.0
P0003609,56,F,C,sedan,18283,38.2,0.6867,0,0.0
P0003610,60,F,C,truck,30283,39.6,0.9964,0,0.0
P0003611,53,F,B,sedan,17759,35.6,0.9283,0,0.0
P0003612,61,M,B,suv,8916,44.6,0.7779,0,0.0
P0003613,56,M,B,sedan,17302,38.8,0.8736,0,0.0
P0003614,22,F,C,sedan,21356,4.7,0.9681,0,0.0
P0003615,65,F,B,truck,18961,48.2,0.8637,0,0.0
P0003616,46,M,A,truck,20539,31.2,0.6687,0,0.0
P0003617,21,M,A,sedan,35598,6.0,0.5965,0,0.0
P0003618,43,M,B,sedan,17261,23.7,0.7159,0,0.0
P0003619,45,F,B,truck,30357,26.3,0.5933,0,0.0
P0003620,23,M,C,sedan,35757,2.4,0.5108,0,0.0
P0003621,80,M,A,truck,30746,63.8,0.728,0,0.0
P0003622,32,M,C,sedan,21725,16.0,0.6646,0,0.0
P0003623,38,F,A,sedan,35672,23.3,0.5476,0,0.0
P0003624,45,M,B,sedan,17810,25.9,0.9357,0,0.0
P0003625,70,F,A,suv,13660,54.8,0.5615,0,0.0
P0003626,64,F,A,sedan,31548,47.1,0.8152,0,0.0
P0003627,66,F,B,sedan,33484,48.4,0.7847,0,0.0
P0003628,32,M,A,truck,9310,18.1,0.9895,0,0.0
P0003629,71,F,A,sedan,14902,52.4,0.6269,0,0.0
P0003630,70,M,C,suv,13914,51.0,0.6178,0,0.0
P0003631,47,F,A,sedan,30417,29.4,0.8136,0,0.0
P0003632,52,F,B,suv,13645,35.2,0.7791,0,0.0
P0003633,20,F,B,sedan,25561,3.1,0.9059,1,1479.81
P0003634,65,M,A,suv,33944,45.2,0.5865,0,0.0
P0003635,78,F,C,suv,33207,60.9,0.6503,0,0.0
P0003636,47,F,C,truck,32290,30.0,0.5025,0,0.0
P0003637,52,F,C,truck,21408,36.4,0.8608,0,0.0
P0003638,49,F,C,sedan,23807,37.6,0.6627,0,0.0
P0003639,23,M,B,sedan,27488,3.8,0.618,0,0.0
P0003640,57,F,C,sedan,14908,40.0,0.8025,0,0.0
P0003641,63,F,A,suv,20534,47.8,0.6259,1,7748.76
P0003642,76,M,A,sedan,19511,54.8,0.5284,0,0.0
P0003643,76,F,B,truck,29818,58.1,0.6181,1,1404.33
P0003644,48,F,A,truck,22705,31.4,0.9249,0,0.0
P0003645,78,F,B,sedan,18807,59.0,0.7977,1,3621.12
P0003646,51,F,A,sedan,21742,33.3,0.7356,1,680.34
P0003647,58,M,A,suv,10336,40.3,0.7457,0,0.0
P0003648,55,F,C,sedan,12933,39.2,0.9985,0,0.0
P0003649,80,F,A,sedan,29820,61.6,0.5157,0,0.0
P0003650,64,M,A,sedan,9045,45.1,0.5806,0,0.0
P0003651,25,F,B,truck,26162,9.2,0.9328,0,0.0
P0003652,22,M,C,suv,33136,8.8,0.7674,0,0.0
P0003653,43,M,C,sedan,26192,24.1,0.9975,0,0.0
P0003654,50,F,A,sedan,24866,31.7,0.842,0,0.0
P0003655,60,F,C,suv,27239,41.3,0.8617,0,0.0
P0003656,48,F,B,sedan,9497,30.9,0.7899,0,0.0
P0003657,50,F,C,truck,9246,31.1,0.5087,0,0.0
P0003658,76,F,A,suv,35685,60.3,0.954,0,0.0
P0003659,39,M,A,truck,18229,22.4,0.7615,0,0.0
P0003660,49,F,B,suv,17749,34.1,0.5045,0,0.0
P0003661,53,F,B,truck,9909,33.7,0.6049,0,0.0
P0003662,47,F,A,suv,27722,30.1,0.6752,0,0.0
P0003663,78,M,B,suv,6054,60.5,0.6431,0,0.0
P0003664,78,M,B,sedan,10478,60.1,0.5139,0,0.0
P0003665,50,F,A,suv,11959,33.5,0.6401,0,0.0
P0003666,46,M,B,suv,33915,27.4,0.9482,0,0.0
P0003667,55,F,A,sedan,34453,34.7,0.7944,0,0.0
P0003668,29,M,C,suv,7455,10.0,0.6635,1,9116.19
P0003669,44,M,B,sedan,9323,30.4,0.5441,0,0.0
P0003670,31,M,B,sedan,34630,13.8,0.8756,0,0.0
P0003671,27,F,C,sedan,24664,9.7,0.8592,0,0.0
P0003672,23,F,B,sedan,27540,3.5,0.5012,0,0.0
P0003673,54,M,A,sedan,22594,38.1,0.9967,0,0.0
P0003674,18,F,B,truck,12044,3.1,0.6328,0,0.0
P0003675,58,F,C,suv,27641,39.3,0.6312,0,0.0
P0003676,45,M,A,truck,10608,28.0,0.6505,0,0.0
P0003677,41,M,B,truck,5903,25.2,0.9809,0,0.0
P0003678,66,M,A,sedan,30950,49.5,0.9206,0,0.0
P0003679,51,M,C,suv,16775,36.8,0.8186,1,2209.37
P0003680,64,M,B,sedan,6237,46.7,0.7471,0,0.0
P0003681,62,F,C,truck,18466,45.6,0.6635,0,0.0
P0003682,20,M,B,sedan,8542,1.9,0.6675,1,896.89
P0003683,31,M,A,sedan,19600,14.4,0.6628,0,0.0
P0003684,53,M,B,sedan,25858,35.9,0.9313,0,0.0
P0003685,79,F,C,suv,15481,62.9,0.8407,1,23155.13
P0003686,27,F,A,sedan,7398,10.5,0.7034,1,2272.36
P0003687,24,M,A,sedan,32598,9.3,0.9968,0,0.0
P0003688,77,F,B,truck,21778,57.9,0.5887,0,0.0
P0003689,78,F,B,sedan,5716,61.1,0.5383,0,0.0
P0003690,28,M,A,suv,22795,15.0,0.6841,0,0.0
P0003691,43,F,A,suv,33636,29.2,0.9909,0,0.0
P0003692,57,F,A,sedan,5554,37.9,0.512,0,0.0
P0003693,30,F,B,sedan,29387,13.1,0.5405,0,0.0
P0003694,38,F,B,sedan,16692,21.0,0.6707,0,0.0
P0003695,42,M,B,truck,26934,25.0,0.9937,1,5526.7
P0003696,58,F,C,suv,5884,40.0,0.6717,0,0.0
P0003697,37,F,A,sedan,33115,16.9,0.839,0,0.0
P0003698,43,F,B,truck,34973,25.1,0.932,1,332.69
P0003699,36,F,A,sedan,22046,18.4,0.8353,0,0.0
P0003700,65,F,B,sedan,11674,49.1,0.5449,0,0.0
P0003701,27,F,B,sedan,9687,13.1,0.5743,0,0.0
P0003702,32,M,B,suv,26381,14.1,0.6294,0,0.0
P0003703,33,F,C,sedan,29597,14.9,0.898,0,0.0
P0003704,75,F,A,suv,25886,55.8,0.9009,0,0.0
P0003705,77,F,A,sedan,20294,56.6,0.5851,0,0.0
P0003706,49,F,B,suv,28939,34.3,0.6896,0,0.0
P0003707,27,F,B,truck,27859,11.2,0.5699,0,0.0
P0003708,65,F,A,sedan,15395,46.7,0.7365,0,0.0
P0003709,49,F,C,sedan,29080,32.0,0.6821,0,0.0
P0003710,71,F,C,suv,10716,51.1,0.9961,1,9388.21
P0003711,40,M,B,sedan,30428,23.4,0.6944,0,0.0
P0003712,80,F,B,sedan,21445,59.0,0.525,0,0.0
P0003713,68,M,A,suv,28161,50.9,0.7602,0,0.0
P0003714,32,M,B,suv,26524,11.7,0.9536,0,0.0
P0003715,63,F,B,suv,7974,50.8,0.6847,0,0.0
P0003716,36,F,C,sedan,28414,18.0,0.9092,0,0.0
P0003717,40,F,B,sedan,29300,23.0,0.7084,0,0.0
P0003718,33,F,A,suv,6516,20.2,0.7842,0,0.0
P0003719,60,M,A,suv,12003,43.0,0.7512,0,0.0
P0003720,34,F,A,sedan,28332,19.5,0.9371,0,0.0
P0003721,58,M,C,sedan,16188,42.0,0.784,0,0.0
P0003722,54,F,C,sedan,8485,36.4,0.6895,0,0.0
P0003723,65,M,C,sedan,31489,48.2,0.8835,1,2765.6
P0003724,80,M,C,truck,21264,62.3,0.5252,0,0.0
P0003725,18,F,A,sedan,17219,0.7,0.6363,1,2165.2
P0003726,80,M,B,suv,22217,58.3,0.6432,0,0.0
P0003727,24,M,B,sedan,17391,6.5,0.7845,0,0.0
P0003728,51,F,A,sedan,8938,33.8,0.9171,0,0.0
P0003729,39,F,B,suv,22415,21.2,0.7769,0,0.0
P0003730,58,F,B,suv,34883,41.1,0.7292,0,0.0
P0003731,63,F,C,sedan,34501,49.2,0.5327,0,0.0
P0003732,72,M,A,sedan,24778,53.6,0.985,0,0.0
P0003733,43,F,C,sedan,10040,23.4,0.6478,0,0.0
P0003734,76,F,C,sedan,11940,55.9,0.5648,0,0.0
P0003735,38,M,C,suv,14778,19.6,0.9164,0,0.0
P0003736,30,F,A,sedan,6577,13.5,0.9452,1,2824.4
P0003737,41,M,A,sedan,9340,23.5,0.6493,0,0.0
P0003738,51,F,B,suv,29025,30.4,0.7743,0,0.0
P0003739,60,M,A,truck,18301,43.4,0.8917,0,0.0
P0003740,70,M,A,sedan,31080,55.4,0.5109,0,0.0
P0003741,32,F,C,suv,6911,10.6,0.9935,0,0.0
P0003742,37,M,A,sedan,7809,22.0,0.662,0,0.0
P0003743,77,F,B,sedan,26383,63.1,0.7399,0,0.0
P0003744,45,M,C,sedan,12980,27.4,0.5253,0,0.0
P0003745,33,M,B,suv,12005,15.2,0.5235,0,0.0
P0003746,80,F,C,sedan,24913,62.1,0.5558,0,0.0
P0003747,46,M,B,truck,33309,27.2,0.6606,0,0.0
P0003748,80,M,A,sedan,17988,63.3,0.9608,1,762.29
P0003749,75,M,A,truck,28640,58.3,0.7577,1,1639.38
P0003750,75,M,A,sedan,15617,59.1,0.6629,0,0.0
P0003751,54,M,A,sedan,31012,36.7,0.7256,0,0.0
P0003752,68,F,C,suv,18157,49.9,0.6325,0,0.0
P0003753,78,M,C,sedan,9702,59.2,0.812,0,0.0
P0003754,34,M,A,suv,20664,18.8,0.7536,0,0.0
P0003755,20,F,A,truck,14066,5.5,0.6893,0,0.0
P0003756,38,F,B,suv,10724,19.2,0.8431,0,0.0
P0003757,58,F,B,truck,10699,42.1,0.6958,0,0.0
P0003758,52,F,A,sedan,17029,37.0,0.9033,0,0.0
P0003759,23,F,A,suv,5303,9.7,0.7992,0,0.0
P0003760,53,F,A,suv,7164,33.2,0.6011,0,0.0
P0003761,28,M,B,suv,23276,10.4,0.5816,0,0.0
P0003762,49,F,A,suv,5187,30.9,0.628,0,0.0
P0003763,54,F,B,suv,28937,36.1,0.9591,0,0.0
P0003764,58,M,A,truck,35230,40.6,0.9117,0,0.0
P0003765,43,F,B,sedan,10695,26.0,0.9861,0,0.0
P0003766,43,F,B,sedan,6699,26.1,0.8722,0,0.0
P0003767,60,M,A,sedan,11525,45.0,0.9572,0,0.0
P0003768,65,M,C,sedan,6347,51.5,0.6777,1,7244.99
P0003769,68,M,B,suv,13345,46.5,0.8099,0,0.0
P0003770,39,F,C,sedan,32588,21.9,0.6958,1,864.97
P0003771,44,F,B,sedan,30413,27.9,0.9324,0,0.0
P0003772,38,M,B,truck,35257,22.6,0.9985,0,0.0
P0003773,51,M,A,truck,30162,31.9,0.8728,0,0.0
P0003774,26,M,B,suv,31180,8.7,0.8908,0,0.0
P0003775,45,M,B,sedan,23357,29.7,0.9405,0,0.0
P0003776,29,F,B,sedan,9326,12.6,0.5477,0,0.0
P0003777,51,F,A,sedan,28832,33.4,0.7409,0,0.0
P0003778,71,M,A,sedan,24825,54.8,0.8662,0,0.0
P0003779,80,M,A,sedan,34824,61.4,0.8025,0,0.0
P0003780,46,F,A,suv,26604,24.8,0.7702,0,0.0
P0003781,21,M,B,sedan,21911,4.8,0.6929,0,0.0
P0003782,32,F,C,sedan,28921,15.6,0.6102,0,0.0
P0003783,24,M,A,suv,25339,8.7,0.9612,1,341.44
P0003784,65,F,A,sedan,8499,48.3,0.8671,0,0.0
P0003785,80,M,A,sedan,23953,66.9,0.8068,1,1667.19
P0003786,52,F,A,sedan,17113,32.8,0.5427,0,0.0
P0003787,29,M,B,sedan,10044,14.7,0.5558,0,0.0
P0003788,19,M,A,suv,13559,3.6,0.7162,0,0.0
P0003789,79,F,C,sedan,30875,61.8,0.5629,0,0.0
P0003790,37,M,C,sedan,25289,17.2,0.5745,0,0.0
P0003791,25,M,B,truck,6801,9.7,0.5407,1,305.81
P0003792,29,M,C,truck,15651,12.4,0.647,0,0.0
P0003793,34,F,B,sedan,26253,16.4,0.5056,0,0.0
P0003794,59,M,C,truck,20773,43.3,0.8661,1,4415.09
P0003795,74,M,A,sedan,29059,57.2,0.7997,0,0.0
P0003796,35,M,C,sedan,24419,21.2,0.7538,0,0.0
P0003797,61,F,A,suv,6150,45.1,0.9934,0,0.0
P0003798,22,M,A,sedan,31840,2.5,0.7409,1,844.96
P0003799,18,F,C,sedan,22683,0.0,0.9348,1,853.08
P0003800,21,F,A,truck,33548,4.9,0.5947,0,0.0
P0003801,76,F,A,sedan,11830,61.0,0.6324,0,0.0
P0003802,54,F,A,sedan,26496,37.4,0.6643,0,0.0
P0003803,68,F,A,sedan,5909,53.9,0.9952,0,0.0
P0003804,19,F,A,truck,9848,2.4,0.9538,1,3824.63
P0003805,19,M,B,sedan,32368,2.8,0.7243,1,1532.35
P0003806,71,M,B,truck,32556,54.9,0.9222,0,0.0
P0003807,24,F,C,sedan,34581,7.3,0.6166,0,0.0
P0003808,27,M,A,suv,11339,8.9,0.7963,0,0.0
P0003809,50,M,C,sedan,32653,35.1,0.5809,0,0.0
P0003810,56,M,B,sedan,6648,37.1,0.7876,0,0.0
P0003811,32,M,C,sedan,17419,12.7,0.6111,0,0.0
P0003812,46,M,C,sedan,18555,24.6,0.7929,0,0.0
P0003813,60,M,C,sedan,29567,42.4,0.7143,0,0.0
P0003814,45,M,A,sedan,26223,25.1,0.7794,0,0.0
P0003815,42,M,B,suv,16131,23.0,0.5806,0,0.0
P0003816,22,F,C,suv,9630,4.6,0.7532,0,0.0
P0003817,46,M,B,sedan,16322,31.4,0.6582,0,0.0
P0003818,68,M,A,suv,14280,49.2,0.572,0,0.0
P0003819,57,M,B,suv,25772,39.5,0.7502,0,0.0
P0003820,74,M,C,truck,7481,53.4,0.5692,0,0.0
P0003821,25,F,A,sedan,17748,6.5,0.7137,0,0.0
P0003822,18,F,B,sedan,24164,0.0,0.6616,0,0.0
P0003823,52,M,C,truck,25037,36.2,0.7715,0,0.0
P0003824,29,M,B,truck,26955,11.5,0.7419,0,0.0
P0003825,55,M,A,truck,13873,41.8,0.5673,1,3403.99
P0003826,74,M,B,suv,21110,55.9,0.6395,0,0.0
P0003827,39,M,B,suv,8053,19.6,0.7784,0,0.0
P0003828,52,M,B,truck,18777,32.2,0.917,0,0.0
P0003829,60,F,B,sedan,35443,43.7,0.5296,0,0.0
P0003830,27,M,B,sedan,31278,13.6,0.5454,1,1647.18
P0003831,74,F,C,truck,24299,58.1,0.8985,0,0.0
P0003832,30,M,C,truck,17994,13.2,0.6699,0,0.0
P0003833,68,F,C,sedan,32924,50.2,0.6284,0,0.0
P0003834,59,M,B,sedan,18694,46.1,0.6148,0,0.0
P0003835,26,F,A,truck,28664,9.2,0.9854,1,2495.53
P0003836,63,F,B,sedan,22897,48.1,0.7554,0,0.0
P0003837,30,M,A,suv,5662,10.1,0.5804,0,0.0
P0003838,55,M,B,sedan,26819,42.7,0.703,2,9110.23
P0003839,78,F,A,sedan,32694,59.0,0.6303,0,0.0
P0003840,78,M,B,suv,29087,61.3,0.5843,0,0.0
P0003841,72,F,B,truck,24056,59.1,0.9893,0,0.0
P0003842,49,F,B,suv,6265,28.6,0.7225,0,0.0
P0003843,53,F,B,sedan,5719,33.3,0.8456,0,0.0
P0003844,36,M,A,sedan,31385,16.5,0.9493,0,0.0
P0003845,76,M,A,sedan,19723,58.8,0.6028,0,0.0
P0003846,48,M,B,truck,18990,32.3,0.564,0,0.0
P0003847,66,M,C,sedan,24869,48.9,0.6301,0,0.0
P0003848,40,M,C,truck,33082,21.9,0.8563,0,0.0
P0003849,64,M,C,truck,18539,48.1,0.691,0,0.0
P0003850,32,M,A,sedan,21626,16.7,0.7445,3,5513.26
P0003851,64,F,A,sedan,22320,46.0,0.5101,0,0.0
P0003852,20,F,B,truck,19750,2.6,0.5021,0,0.0
P0003853,24,F,B,sedan,25353,5.1,0.7035,0,0.0
P0003854,40,M,B,truck,11056,20.0,0.5752,0,0.0
P0003855,48,M,C,sedan,16566,29.3,0.8956,0,0.0
P0003856,62,F,B,sedan,19557,47.3,0.9756,0,0.0
P0003857,40,M,B,sedan,21101,23.0,0.9628,0,0.0
P0003858,19,M,C,sedan,20280,1.2,0.7328,0,0.0
P0003859,38,F,A,suv,17972,19.4,0.6434,0,0.0
P0003860,45,F,C,suv,32728,26.3,0.7419,0,0.0
P0003861,52,F,B,sedan,29823,35.1,0.552,0,0.0
P0003862,58,F,A,suv,32499,42.0,0.972,0,0.0
P0003863,33,M,C,sedan,23436,14.0,0.8357,0,0.0
P0003864,56,M,C,truck,20078,38.2,0.6433,0,0.0
P0003865,57,F,C,truck,18358,39.4,0.8796,0,0.0
P0003866,66,F,A,suv,31894,50.4,0.6225,0,0.0
P0003867,50,F,A,truck,25640,28.8,0.8757,0,0.0
P0003868,69,F,B,sedan,31486,51.5,0.7009,0,0.0
P0003869,31,F,A,sedan,31348,14.2,0.932,0,0.0
P0003870,62,M,A,sedan,34399,44.5,0.9949,0,0.0
P0003871,20,M,B,truck,21903,3.3,0.6601,0,0.0
P0003872,24,M,A,sedan,16209,9.6,0.7756,0,0.0
P0003873,72,F,B,truck,33166,54.4,0.619,0,0.0
P0003874,47,M,B,sedan,11579,32.9,0.9002,0,0.0
P0003875,57,F,A,sedan,15012,39.8,0.746,0,0.0
P0003876,56,F,B,suv,34261,42.2,0.9919,0,0.0
P0003877,61,M,A,suv,27133,48.3,0.9434,0,0.0
P0003878,33,M,A,sedan,23130,14.8,0.6363,0,0.0
P0003879,29,F,B,truck,21441,14.2,0.5597,0,0.0
P0003880,20,F,B,suv,19466,2.1,0.8099,0,0.0
P0003881,72,M,A,sedan,32786,54.7,0.659,1,4336.51
P0003882,32,M,B,suv,17755,14.7,0.6269,1,5806.18
P0003883,54,M,A,sedan,19862,38.3,0.7726,0,0.0
P0003884,46,F,B,truck,7627,29.3,0.7691,0,0.0
P0003885,28,F,A,sedan,8552,12.3,0.7688,0,0.0
P0003886,44,F,B,suv,11326,25.1,0.6471,0,0.0
P0003887,23,F,B,sedan,14288,7.0,0.5777,0,0.0
P0003888,29,M,A,sedan,14039,12.5,0.5918,0,0.0
P0003889,26,M,B,suv,25672,7.5,0.8601,0,0.0
P0003890,69,F,C,sedan,22090,53.2,0.734,1,8420.76
P0003891,53,M,A,suv,5130,39.6,0.7347,0,0.0
P0003892,76,M,B,suv,21018,61.1,0.9884,1,1369.61
P0003893,45,M,C,sedan,7546,25.9,0.959,0,0.0
P0003894,30,F,A,sedan,21828,12.8,0.5325,0,0.0
P0003895,56,F,C,suv,6554,38.4,0.8988,0,0.0
P0003896,76,F,B,sedan,7370,58.4,0.624,0,0.0
P0003897,51,F,B,sedan,30609,30.4,0.8611,0,0.0
P0003898,19,F,C,sedan,5302,6.2,0.5867,0,0.0
P0003899,37,F,C,sedan,35147,20.3,0.5727,0,0.0
P0003900,76,F,B,suv,19357,58.9,0.9696,0,0.0
P0003901,50,F,B,truck,30611,33.0,0.7792,0,0.0
P0003902,77,M,A,suv,10997,58.4,0.6748,0,0.0
P0003903,50,M,A,suv,19471,31.4,0.9456,1,3453.97
P0003904,18,F,C,sedan,32642,1.4,0.6449,0,0.0
P0003905,73,M,A,suv,7389,59.4,0.5319,0,0.0
P0003906,66,F,C,suv,18358,44.0,0.6974,0,0.0
P0003907,63,F,A,sedan,8807,46.0,0.8536,0,0.0
P0003908,79,M,A,suv,15911,61.8,0.831,0,0.0
P0003909,30,F,A,sedan,35090,10.5,0.7369,0,0.0
P0003910,75,F,B,sedan,21864,58.8,0.7551,0,0.0
P0003911,32,F,A,sedan,15350,12.4,0.7647,0,0.0
P0003912,79,F,A,sedan,24486,62.6,0.6873,0,0.0
P0003913,30,M,C,sedan,13729,9.3,0.5415,0,0.0
P0003914,52,F,C,sedan,7540,34.1,0.5789,0,0.0
P0003915,67,F,C,sedan,22522,51.4,0.8621,0,0.0
P0003916,22,F,A,sedan,27981,0.6,0.905,0,0.0
P0003917,22,M,A,sedan,10541,3.8,0.6978,0,0.0
P0003918,71,F,B,sedan,9264,55.2,0.6646,0,0.0
P0003919,21,M,A,truck,23534,6.8,0.8038,0,0.0
P0003920,56,M,B,suv,16988,37.6,0.5109,0,0.0
P0003921,77,F,C,sedan,34003,57.2,0.7848,0,0.0
P0003922,56,M,A,sedan,16062,38.2,0.7345,0,0.0
P0003923,48,F,C,sedan,17161,30.3,0.721,0,0.0
P0003924,44,F,A,sedan,22644,23.9,0.5007,0,0.0
P0003925,58,F,A,sedan,35317,39.8,0.9714,1,1170.46
P0003926,54,F,A,sedan,26373,38.3,0.5867,0,0.0
P0003927,49,M,C,sedan,25653,33.2,0.5565,0,0.0
P0003928,27,M,B,suv,29825,8.9,0.6929,0,0.0
P0003929,59,F,C,sedan,30293,41.0,0.8894,0,0.0
P0003930,64,F,A,sedan,21341,44.8,0.8825,0,0.0
P0003931,62,M,C,sedan,13881,44.3,0.7559,1,4742.69
P0003932,22,F,B,truck,9817,3.6,0.7746,0,0.0
P0003933,62,F,B,suv,22584,44.3,0.7276,0,0.0
P0003934,63,M,C,suv,26574,44.1,0.5126,0,0.0
P0003935,29,M,C,truck,16355,10.5,0.6389,0,0.0
P0003936,71,M,B,suv,19842,54.5,0.6945,2,5744.01
P0003937,51,F,A,sedan,18807,34.4,0.7772,0,0.0
P0003938,47,F,C,suv,23256,29.4,0.8295,0,0.0
P0003939,63,F,A,sedan,30381,45.8,0.9938,0,0.0
P0003940,50,M,C,suv,18754,30.4,0.7537,0,0.0
P0003941,52,F,A,sedan,21097,34.6,0.836,0,0.0
P0003942,37,F,A,sedan,17905,22.8,0.9803,0,0.0
P0003943,76,F,A,sedan,14357,61.4,0.6393,1,1812.79
P0003944,79,M,B,sedan,26742,62.5,0.7269,1,4506.0
P0003945,26,M,A,suv,24120,7.6,0.8605,0,0.0
P0003946,64,M,C,sedan,21247,48.5,0.7826,0,0.0
P0003947,19,F,B,sedan,14137,0.7,0.9466,0,0.0
P0003948,41,M,A,sedan,31901,25.5,0.783,0,0.0
P0003949,79,F,B,truck,29946,61.7,0.9612,0,0.0
P0003950,29,F,C,suv,28046,11.2,0.5743,0,0.0
P0003951,41,F,C,suv,30281,26.3,0.9018,0,0.0
P0003952,31,F,A,sedan,19765,13.2,0.6066,0,0.0
P0003953,63,F,C,sedan,24467,42.8,0.5246,0,0.0
P0003954,47,M,A,sedan,11640,30.4,0.5558,0,0.0
P0003955,55,F,B,sedan,29272,37.8,0.7904,0,0.0
P0003956,77,F,C,sedan,5544,59.5,0.6454,0,0.0
P0003957,50,M,B,truck,20764,32.8,0.572,0,0.0
P0003958,64,M,A,sedan,11367,47.0,0.8145,0,0.0
P0003959,24,F,B,sedan,23463,7.1,0.744,1,1280.85
P0003960,31,M,A,suv,13719,17.1,0.6903,0,0.0
P0003961,77,F,A,sedan,34895,59.1,0.7679,0,0.0
P0003962,72,F,A,sedan,8661,57.1,0.9307,0,0.0
P0003963,59,M,C,suv,30494,41.2,0.8623,0,0.0
P0003964,41,M,A,truck,25741,22.6,0.7476,0,0.0
P0003965,30,F,B,suv,35873,12.2,0.9113,0,0.0
P0003966,71,F,C,truck,15108,55.8,0.9313,0,0.0
P0003967,67,F,C,sedan,26856,49.4,0.6881,0,0.0
P0003968,33,F,B,suv,5937,16.4,0.5749,0,0.0
P0003969,55,M,B,truck,25984,39.2,0.5575,0,0.0
P0003970,56,M,A,sedan,18543,34.9,0.8194,0,0.0
P0003971,48,M,B,suv,27519,32.8,0.9681,0,0.0
P0003972,76,F,A,truck,29313,58.0,0.5193,0,0.0
P0003973,25,M,A,suv,20083,4.9,0.7486,2,5963.59
P0003974,34,F,A,sedan,15532,16.2,0.5971,0,0.0
P0003975,23,F,B,sedan,27103,7.2,0.7658,0,0.0
P0003976,61,F,A,suv,32972,45.1,0.9283,1,3633.12
P0003977,58,F,A,truck,16140,43.8,0.8935,0,0.0
P0003978,80,M,C,sedan,31436,62.8,0.9856,0,0.0
P0003979,52,M,A,sedan,18756,34.7,0.7423,0,0.0
P0003980,27,M,B,sedan,32570,10.5,0.8317,0,0.0
P0003981,46,M,B,sedan,25117,26.2,0.9493,1,2200.96
P0003982,23,M,B,suv,25701,6.1,0.8488,0,0.0
P0003983,60,M,A,suv,26335,46.1,0.9821,0,0.0
P0003984,60,M,A,suv,30004,40.0,0.6228,0,0.0
P0003985,72,M,C,suv,31699,57.3,0.5675,1,12084.45
P0003986,39,M,B,suv,17058,20.9,0.5746,0,0.0
P0003987,37,F,A,suv,28122,18.6,0.9262,0,0.0
P0003988,22,M,A,sedan,26489,5.1,0.5264,0,0.0
P0003989,44,F,B,sedan,23339,25.0,0.905,1,4644.47
P0003990,47,F,A,truck,11940,29.8,0.7321,0,0.0
P0003991,65,M,B,sedan,19430,48.6,0.8456,0,0.0
P0003992,65,F,B,sedan,11346,52.1,0.8728,0,0.0
P0003993,26,F,B,sedan,9235,12.4,0.7122,0,0.0
P0003994,35,F,C,suv,34252,12.4,0.573,0,0.0
P0003995,50,F,B,sedan,27441,31.4,0.8085,0,0.0
P0003996,39,M,C,suv,22013,19.4,0.9783,0,0.0
P0003997,19,M,B,sedan,18697,0.0,0.5128,1,867.45
P0003998,71,F,B,truck,7222,54.6,0.6135,0,0.0
P0003999,64,M,B,suv,15883,47.2,0.9372,0,0.0
P0004000,50,M,B,truck,11116,36.2,0.5349,0,0.0
P0004001,38,M,A,suv,21684,21.5,0.5051,0,0.0
P0004002,71,F,C,truck,19301,54.5,0.9389,0,0.0
P0004003,20,F,C,sedan,34864,3.7,0.8841,0,0.0
P0004004,46,F,A,sedan,31222,26.8,0.6269,0,0.0
P0004005,68,F,B,truck,23630,49.5,0.9832,0,0.0
P0004006,78,M,C,truck,32774,59.1,0.8562,0,0.0
P0004007,33,F,C,truck,15211,18.3,0.5596,0,0.0
P0004008,59,M,B,truck,8517,41.8,0.7303,0,0.0
P0004009,29,M,A,suv,22376,11.2,0.9325,0,0.0
P0004010,25,F,B,suv,6922,4.2,0.8339,0,0.0
P0004011,40,F,A,suv,34229,22.7,0.7929,0,0.0
P0004012,73,M,B,sedan,8772,56.2,0.7085,0,0.0
P0004013,61,M,B,suv,31547,41.7,0.624,0,0.0
P0004014,48,F,B,truck,25813,31.4,0.8068,0,0.0
P0004015,35,M,A,suv,12649,17.0,0.5769,0,0.0
P0004016,26,M,B,sedan,21517,8.0,0.905,0,0.0
P0004017,35,M,B,suv,21861,18.9,0.6048,0,0.0
P0004018,27,F,A,truck,27874,11.3,0.5603,0,0.0
P0004019,29,M,A,sedan,18232,12.1,0.536,0,0.0
P0004020,61,M,A,sedan,23394,44.9,0.9075,0,0.0
P0004021,26,F,C,suv,17884,12.0,0.7339,0,0.0
P0004022,20,M,B,truck,7972,1.6,0.6993,0,0.0
P0004023,52,M,B,suv,27034,33.9,0.7606,0,0.0
P0004024,36,F,B,suv,12986,20.5,0.7937,2,6717.71
P0004025,46,M,C,sedan,13646,30.7,0.9404,0,0.0
P0004026,26,M,B,sedan,15278,8.0,0.6719,1,914.9
P0004027,31,M,A,truck,22563,10.5,0.5936,0,0.0
P0004028,45,M,A,sedan,26938,26.0,0.9345,0,0.0
P0004029,61,F,A,sedan,30255,41.6,0.7403,0,0.0
P0004030,44,F,C,sedan,23502,27.6,0.7898,0,0.0
P0004031,52,F,B,sedan,17333,34.2,0.5791,0,0.0
P0004032,50,M,C,sedan,34351,33.3,0.9311,1,4114.15
P0004033,34,F,B,suv,19725,18.5,0.9692,0,0.0
P0004034,35,M,C,sedan,9511,17.6,0.7238,0,0.0
P0004035,44,F,C,suv,29850,28.7,0.5101,0,0.0
P0004036,20,F,B,sedan,34097,4.5,0.5135,0,0.0
P0004037,61,M,A,truck,14012,44.9,0.6512,0,0.0
P0004038,56,M,A,sedan,11824,39.7,0.7459,0,0.0
P0004039,37,F,B,sedan,15912,20.1,0.7164,0,0.0
P0004040,41,F,C,sedan,15647,28.1,0.7844,0,0.0
P0004041,38,F,B,truck,10966,22.9,0.6287,0,0.0
P0004042,59,F,A,suv,6071,38.9,0.6049,0,0.0
P0004043,65,F,B,suv,10816,48.0,0.9871,0,0.0
P0004044,24,M,B,sedan,14192,5.9,0.6403,0,0.0
P0004045,44,F,A,sedan,10840,26.2,0.9733,0,0.0
P0004046,18,F,C,truck,11190,1.2,0.7858,0,0.0
P0004047,46,F,B,sedan,34242,30.8,0.535,0,0.0
P0004048,33,F,A,suv,11734,17.1,0.7975,0,0.0
P0004049,39,M,A,truck,30469,18.1,0.9928,0,0.0
P0004050,46,F,B,suv,22738,30.1,0.9198,0,0.0
P0004051,38,F,B,sedan,18520,17.6,0.6518,0,0.0
P0004052,42,M,A,sedan,29204,25.8,0.5478,0,0.0
P0004053,66,M,B,sedan,5524,49.6,0.7302,1,4632.58
P0004054,69,M,B,truck,28093,51.8,0.5493,0,0.0
P0004055,18,M,A,truck,17898,1.4,0.6488,1,4033.49
P0004056,41,M,B,sedan,30703,25.9,0.9591,0,0.0
P0004057,71,M,B,truck,34832,54.0,0.8268,0,0.0
P0004058,51,M,A,sedan,27671,36.9,0.8917,0,0.0
P0004059,30,F,A,sedan,8548,12.3,0.7703,0,0.0
P0004060,55,M,A,sedan,35271,37.6,0.5841,0,0.0
P0004061,27,M,B,truck,28556,8.5,0.5752,0,0.0
P0004062,19,M,C,sedan,5572,3.0,0.8829,0,0.0
P0004063,57,F,B,sedan,10898,38.5,0.7147,0,0.0
P0004064,50,M,C,sedan,35624,32.1,0.75,1,2925.64
P0004065,65,F,A,sedan,30935,47.7,0.5895,0,0.0
P0004066,39,M,B,sedan,17704,18.0,0.6808,1,5744.07
P0004067,71,F,B,sedan,34651,53.1,0.5661,1,15845.54
P0004068,44,M,C,truck,19811,27.9,0.6023,0,0.0
P0004069,64,M,C,truck,31886,43.9,0.9444,0,0.0
P0004070,24,F,B,sedan,22897,6.0,0.8583,0,0.0
P0004071,24,F,B,truck,25466,3.4,0.926,0,0.0
P0004072,67,F,C,truck,5264,53.7,0.9371,0,0.0
P0004073,70,M,C,truck,35075,53.6,0.7948,1,3457.45
P0004074,77,M,C,sedan,10633,60.6,0.6521,0,0.0
P0004075,38,M,A,truck,11611,24.8,0.7463,0,0.0
P0004076,19,F,A,suv,18825,1.7,0.5094,0,0.0
P0004077,79,M,B,sedan,28412,62.7,0.9087,0,0.0
P0004078,55,M,B,suv,28855,42.0,0.9013,0,0.0
P0004079,33,F,A,sedan,24424,17.5,0.7542,0,0.0
P0004080,66,F,A,suv,31972,46.2,0.6888,1,3285.89
P0004081,74,F,B,suv,26500,55.2,0.5863,0,0.0
P0004082,35,F,A,sedan,9579,19.4,0.5378,0,0.0
P0004083,66,F,B,sedan,29290,50.5,0.6625,0,0.0
P0004084,67,F,A,truck,13152,48.3,0.9687,0,0.0
P0004085,49,F,C,sedan,21108,35.9,0.5344,0,0.0
P0004086,57,F,A,truck,23828,38.8,0.9746,0,0.0
P0004087,34,F,B,suv,17155,20.7,0.7643,0,0.0
P0004088,76,M,B,sedan,16190,55.7,0.7204,0,0.0
P0004089,79,M,A,suv,13305,60.7,0.5615,2,4487.6
P0004090,79,F,B,truck,14235,65.7,0.5357,1,5634.18
P0004091,64,M,C,truck,35568,47.8,0.7722,0,0.0
P0004092,20,M,B,sedan,16882,2.4,0.7993,0,0.0
P0004093,41,F,A,sedan,19658,28.0,0.717,0,0.0
P0004094,46,F,B,sedan,26749,29.1,0.6437,0,0.0
P0004095,78,F,A,suv,12708,60.0,0.5066,0,0.0
P0004096,52,M,B,sedan,11156,39.1,0.6333,0,0.0
P0004097,51,F,B,sedan,11512,32.5,0.8574,0,0.0
P0004098,27,F,B,sedan,6919,10.2,0.803,1,1314.0
P0004099,68,M,A,truck,18990,49.2,0.579,0,0.0
P0004100,39,M,A,sedan,5107,22.5,0.8967,0,0.0
P0004101,23,F,A,suv,16738,8.1,0.5742,0,0.0
P0004102,80,M,B,sedan,21326,65.3,0.8977,0,0.0
P0004103,29,F,B,suv,12999,12.6,0.7563,0,0.0
P0004104,19,M,B,suv,12750,2.4,0.8585,0,0.0
P0004105,22,M,A,truck,23620,2.9,0.5415,1,971.11
P0004106,46,M,A,suv,22410,29.6,0.8705,0,0.0
P0004107,24,F,B,sedan,29451,10.1,0.8607,1,1154.09
P0004108,71,F,B,sedan,32310,54.9,0.5876,0,0.0
P0004109,50,M,C,sedan,12696,36.0,0.5688,0,0.0
P0004110,38,F,A,sedan,14103,20.3,0.8743,1,1181.31
P0004111,18,M,A,truck,21258,0.0,0.7081,0,0.0
P0004112,48,F,A,sedan,10690,29.5,0.8238,1,2666.88
P0004113,27,F,B,truck,27573,10.6,0.5045,0,0.0
P0004114,79,F,B,sedan,5048,63.4,0.5918,0,0.0
P0004115,36,F,A,truck,16392,20.0,0.873,0,0.0
P0004116,47,M,A,truck,35421,30.2,0.5994,0,0.0
P0004117,19,F,B,suv,27750,3.0,0.5401,1,666.47
P0004118,26,M,A,sedan,21021,5.8,0.5875,0,0.0
P0004119,31,M,B,truck,5115,14.7,0.9162,0,0.0
P0004120,21,M,A,truck,29864,4.2,0.6733,0,0.0
P0004121,63,M,A,sedan,18819,47.5,0.765,0,0.0
P0004122,77,M,A,truck,31601,61.5,0.7887,2,15601.81
P0004123,80,M,C,truck,29296,65.5,0.6863,0,0.0
P0004124,34,F,A,sedan,35851,19.1,0.5468,0,0.0
P0004125,67,M,A,sedan,8654,46.3,0.6284,0,0.0
P0004126,49,M,C,sedan,31648,30.9,0.5789,0,0.0
P0004127,20,F,A,sedan,27061,3.7,0.9548,0,0.0
P0004128,23,M,A,truck,14115,7.3,0.87,1,3139.09
P0004129,52,F,A,truck,31179,32.5,0.9115,0,0.0
P0004130,44,M,B,sedan,22495,28.7,0.9061,0,0.0
P0004131,18,F,B,suv,25454,4.4,0.5011,1,1199.05
P0004132,76,M,C,suv,34844,58.0,0.8745,1,3888.59
P0004133,64,F,B,sedan,22759,48.9,0.741,0,0.0
P0004134,49,M,B,suv,24634,34.6,0.8873,0,0.0
P0004135,80,F,A,suv,31829,65.2,0.9799,0,0.0
P0004136,79,M,C,sedan,28840,61.2,0.6789,0,0.0
P0004137,79,F,C,sedan,24873,62.2,0.8024,3,16327.06
P0004138,34,M,C,truck,33106,19.0,0.6523,0,0.0
P0004139,73,F,A,sedan,33222,55.1,0.9469,1,3757.45
P0004140,49,F,B,sedan,24023,33.7,0.627,0,0.0
P0004141,63,F,B,truck,8050,49.3,0.6756,0,0.0
P0004142,72,M,C,truck,26466,57.6,0.944,0,0.0
P0004143,28,F,A,suv,15312,11.0,0.5504,0,0.0
P0004144,46,M,C,sedan,23236,30.6,0.747,0,0.0
P0004145,26,F,B,suv,16690,8.8,0.7906,1,1975.05
P0004146,35,M,C,suv,15497,15.8,0.7895,0,0.0
P0004147,44,F,B,sedan,35216,28.3,0.56,0,0.0
P0004148,71,F,C,sedan,12712,48.7,0.5197,0,0.0
P0004149,72,F,A,sedan,9976,54.4,0.7083,0,0.0
P0004150,42,F,A,suv,24639,25.4,0.7269,0,0.0
P0004151,38,F,A,truck,24975,23.7,0.9713,0,0.0
P0004152,51,F,C,suv,35414,34.7,0.8778,0,0.0
P0004153,75,M,A,sedan,6781,58.5,0.7993,0,0.0
P0004154,79,M,B,sedan,33400,60.5,0.6051,0,0.0
P0004155,32,F,C,suv,31028,16.2,0.9507,0,0.0
P0004156,29,M,C,sedan,11505,11.1,0.5968,0,0.0
P0004157,62,F,B,sedan,30379,44.9,0.9737,0,0.0
P0004158,36,F,C,truck,31125,17.1,0.973,0,0.0
P0004159,30,F,A,truck,8563,10.9,0.9889,0,0.0
P0004160,19,F,B,truck,5654,1.3,0.6415,0,0.0
P0004161,43,F,B,sedan,25484,24.5,0.5687,0,0.0
P0004162,42,M,C,truck,23272,22.8,0.8144,1,5761.15
P0004163,53,M,A,suv,31759,34.9,0.7114,0,0.0
P0004164,30,M,A,suv,33840,12.4,0.6942,0,0.0
P0004165,63,F,B,sedan,8224,45.2,0.7782,0,0.0
P0004166,60,F,B,sedan,34739,39.8,0.8447,0,0.0
P0004167,47,M,C,sedan,31449,29.8,0.6661,0,0.0
P0004168,29,F,B,truck,23694,10.5,0.6676,0,0.0
P0004169,49,F,C,suv,16191,33.4,0.8052,0,0.0
P0004170,60,F,B,truck,24555,40.0,0.5357,0,0.0
P0004171,41,F,C,suv,22505,23.1,0.85,0,0.0
P0004172,34,M,B,sedan,17087,17.7,0.8995,0,0.0
P0004173,49,F,A,sedan,7424,32.1,0.9399,1,2546.83
P0004174,40,F,A,sedan,27432,23.4,0.8769,0,0.0
P0004175,43,M,C,truck,14474,26.0,0.7534,0,0.0
P0004176,39,M,A,sedan,12616,21.6,0.9369,0,0.0
P0004177,37,F,B,sedan,16629,20.4,0.7455,0,0.0
P0004178,63,F,A,suv,6050,49.2,0.8935,0,0.0
P0004179,46,M,C,truck,17141,25.5,0.5318,0,0.0
P0004180,47,F,A,suv,30894,29.5,0.8545,0,0.0
P0004181,59,F,B,sedan,27671,41.5,0.5421,0,0.0
P0004182,40,F,B,suv,6871,23.1,0.5139,0,0.0
P0004183,24,F,A,sedan,15232,5.2,0.7511,0,0.0
P0004184,71,M,B,suv,25605,53.9,0.5597,1,1415.86
P0004185,21,M,C,suv,33864,4.6,0.6626,1,3377.25
P0004186,54,M,B,sedan,18544,37.5,0.8871,0,0.0
P0004187,34,M,C,sedan,35638,14.5,0.7751,0,0.0
P0004188,31,M,C,sedan,6340,13.6,0.8667,1,593.05
P0004189,20,M,B,sedan,33220,3.1,0.8918,0,0.0
P0004190,74,M,B,suv,9954,57.9,0.7401,0,0.0
P0004191,45,F,C,sedan,27609,28.6,0.9928,0,0.0
P0004192,39,F,B,sedan,8122,19.8,0.601,0,0.0
P0004193,64,M,B,suv,35671,48.8,0.5425,0,0.0
P0004194,20,F,C,suv,11646,1.7,0.6592,0,0.0
P0004195,53,F,C,truck,16409,34.6,0.8813,0,0.0
P0004196,49,F,B,truck,24693,31.6,0.5481,0,0.0
P0004197,52,M,A,sedan,6555,35.4,0.7334,0,0.0
P0004198,25,F,B,sedan,22689,11.0,0.7857,0,0.0
P0004199,78,F,B,suv,14057,59.7,0.904,0,0.0
P0004200,33,F,A,suv,18421,19.2,0.9229,0,0.0
P0004201,60,F,B,sedan,15322,42.7,0.6195,0,0.0
P0004202,65,M,B,truck,31134,47.9,0.637,1,12034.87
P0004203,39,F,A,suv,19153,20.5,0.842,0,0.0
P0004204,26,F,B,sedan,28345,10.8,0.9299,0,0.0
P0004205,36,F,A,suv,6289,20.9,0.5842,0,0.0
P0004206,68,M,C,sedan,26163,49.9,0.8613,0,0.0
P0004207,75,M,A,truck,16885,58.3,0.6188,0,0.0
P0004208,77,F,C,sedan,23564,64.0,0.5903,0,0.0
P0004209,32,F,A,suv,31244,15.0,0.6688,0,0.0
P0004210,56,M,C,suv,26579,35.4,0.8973,1,1927.07
P0004211,27,M,C,sedan,15959,8.9,0.8713,1,1103.49
P0004212,62,F,A,suv,12024,47.4,0.7394,1,8406.64
P0004213,44,F,C,sedan,32507,26.1,0.8571,0,0.0
P0004214,62,F,B,sedan,13054,43.0,0.7029,0,0.0
P0004215,61,F,B,sedan,6095,47.5,0.6053,0,0.0
P0004216,80,M,C,truck,14241,63.6,0.9215,2,10850.08
P0004217,48,M,C,truck,5332,28.4,0.5269,0,0.0
P0004218,39,M,B,sedan,27972,25.0,0.9505,0,0.0
P0004219,51,M,C,truck,32579,34.6,0.8944,0,0.0
P0004220,28,F,A,truck,18400,11.4,0.8618,0,0.0
P0004221,25,M,A,sedan,24028,8.8,0.7846,1,1137.43
P0004222,50,F,A,truck,34744,30.2,0.905,1,2492.84
P0004223,70,F,A,sedan,33677,50.6,0.5141,0,0.0
P0004224,51,M,B,truck,6246,34.6,0.7955,0,0.0
P0004225,67,F,A,suv,7140,52.0,0.6305,0,0.0
P0004226,29,M,B,truck,16878,9.5,0.8196,1,5703.98
P0004227,46,M,A,sedan,13649,27.5,0.8374,0,0.0
P0004228,56,M,A,sedan,9796,39.0,0.6074,0,0.0
P0004229,39,M,B,truck,9687,20.7,0.5774,0,0.0
P0004230,18,F,A,suv,30305,0.0,0.7937,0,0.0
P0004231,22,F,B,suv,11010,6.7,0.9703,0,0.0
P0004232,76,M,C,suv,19867,60.2,0.8317,0,0.0
P0004233,56,M,B,suv,6394,39.0,0.7421,0,0.0
P0004234,34,M,C,sedan,24220,20.9,0.9677,0,0.0
P0004235,34,F,C,sedan,27980,17.7,0.9095,0,0.0
P0004236,20,F,A,sedan,23536,4.6,0.8664,0,0.0
P0004237,77,F,B,sedan,13832,59.7,0.7187,0,0.0
P0004238,24,M,A,truck,7451,9.3,0.7457,0,0.0
P0004239,65,M,B,sedan,17410,47.1,0.6323,0,0.0
P0004240,33,M,B,sedan,29295,15.6,0.9084,0,0.0
P0004241,39,F,B,sedan,8711,22.2,0.6423,0,0.0
P0004242,35,F,C,truck,30481,17.1,0.8519,0,0.0
P0004243,69,F,B,sedan,33311,50.8,0.9375,1,2543.37
P0004244,20,F,C,sedan,23830,3.5,0.7761,0,0.0
P0004245,40,F,B,truck,31168,22.9,0.5783,0,0.0
P0004246,35,M,A,sedan,13709,19.4,0.5124,0,0.0
P0004247,35,F,A,suv,24259,19.4,0.8366,0,0.0
P0004248,30,F,B,sedan,27446,9.8,0.6123,0,0.0
P0004249,75,M,B,suv,27163,58.4,0.5195,0,0.0
P0004250,41,M,A,sedan,26720,24.0,0.6716,0,0.0
P0004251,44,F,B,sedan,11018,27.2,0.7911,1,6230.46
P0004252,42,F,A,sedan,33288,24.3,0.7758,0,0.0
P0004253,79,M,B,suv,26141,63.1,0.5837,1,5723.04
P0004254,39,M,A,truck,8637,22.9,0.802,0,0.0
P0004255,39,M,A,sedan,24823,20.1,0.7054,0,0.0
P0004256,38,F,A,suv,33203,24.0,0.7388,0,0.0
P0004257,38,M,A,sedan,5739,20.6,0.9372,1,4168.48
P0004258,23,M,B,suv,32499,7.6,0.5393,1,1317.92
P0004259,56,F,C,truck,15237,43.0,0.7639,0,0.0
P0004260,19,F,A,sedan,14223,2.2,0.5868,0,0.0
P0004261,32,M,B,sedan,20116,17.3,0.5914,0,0.0
P0004262,30,F,B,suv,27202,15.7,0.8052,0,0.0
P0004263,36,M,B,truck,8193,13.8,0.8349,0,0.0
P0004264,65,M,A,suv,13174,46.9,0.8031,0,0.0
P0004265,55,F,A,sedan,30032,36.9,0.9617,0,0.0
P0004266,80,M,C,suv,12287,63.1,0.8973,0,0.0
P0004267,40,F,C,sedan,15833,25.4,0.5993,0,0.0
P0004268,76,M,B,truck,24887,59.3,0.8179,1,9999.83
P0004269,20,M,B,truck,12769,3.7,0.8102,0,0.0
P0004270,49,M,A,truck,6551,35.8,0.8233,0,0.0
P0004271,68,F,A,truck,21353,47.4,0.7145,0,0.0
P0004272,51,M,A,truck,7990,34.2,0.9738,0,0.0
P0004273,76,M,B,sedan,16974,60.7,0.7319,0,0.0
P0004274,37,M,A,truck,25464,19.8,0.8947,0,0.0
P0004275,20,M,A,sedan,27924,5.8,0.7407,0,0.0
P0004276,66,F,A,sedan,34507,50.9,0.8937,1,1367.16
P0004277,22,M,A,sedan,32022,1.9,0.6978,0,0.0
P0004278,66,F,B,sedan,6055,50.0,0.5004,0,0.0
P0004279,64,F,B,sedan,20083,47.0,0.7499,0,0.0
P0004280,71,M,B,suv,5710,53.8,0.774,0,0.0
P0004281,48,M,B,sedan,29837,31.3,0.5578,0,0.0
P0004282,74,M,B,sedan,7317,58.1,0.8326,0,0.0
P0004283,28,F,C,sedan,29095,6.5,0.9269,0,0.0
P0004284,45,F,A,suv,5051,29.5,0.9342,0,0.0
P0004285,25,F,A,suv,8440,9.8,0.6884,0,0.0
P0004286,66,F,C,suv,33777,48.0,0.705,0,0.0
P0004287,62,M,B,suv,10770,47.6,0.9292,0,0.0
P0004288,68,M,B,suv,19695,49.0,0.9992,0,0.0
P0004289,66,F,A,sedan,21131,49.4,0.5263,0,0.0
P0004290,37,F,A,suv,26455,19.7,0.5309,0,0.0
P0004291,22,F,A,sedan,33987,4.4,0.5271,0,0.0
P0004292,76,M,C,sedan,17907,59.7,0.7312,0,0.0
P0004293,49,M,B,truck,23708,30.2,0.8923,0,0.0
P0004294,23,F,A,sedan,35914,4.7,0.5468,0,0.0
P0004295,76,F,A,truck,8355,58.0,0.8445,0,0.0
P0004296,80,F,A,sedan,19877,66.0,0.5856,0,0.0
P0004297,46,F,A,suv,14407,29.7,0.5165,0,0.0
P0004298,66,M,B,sedan,34117,49.2,0.7978,0,0.0
P0004299,20,M,A,truck,24063,0.0,0.7969,0,0.0
P0004300,23,F,C,truck,25137,8.8,0.6416,1,2986.62
P0004301,35,M,B,sedan,10805,19.3,0.6611,0,0.0
P0004302,59,F,C,sedan,34379,39.8,0.677,0,0.0
P0004303,26,F,C,suv,7087,10.9,0.9646,0,0.0
P0004304,20,M,C,sedan,20349,4.3,0.9332,0,0.0
P0004305,60,F,C,sedan,26684,39.7,0.7638,1,1668.64
P0004306,66,F,A,truck,32245,48.3,0.9817,0,0.0
P0004307,64,M,A,suv,13474,45.3,0.7909,0,0.0
P0004308,68,M,A,sedan,15350,49.6,0.5508,0,0.0
P0004309,68,F,B,sedan,6176,50.8,0.7436,0,0.0
P0004310,55,M,B,sedan,25497,37.8,0.9473,0,0.0
P0004311,50,F,A,truck,11105,31.2,0.8313,0,0.0
P0004312,71,M,C,sedan,24132,55.7,0.9763,0,0.0
P0004313,39,F,C,sedan,7631,18.5,0.7654,0,0.0
P0004314,24,M,B,sedan,20091,8.1,0.9559,0,0.0
P0004315,65,F,B,truck,19835,46.0,0.8833,0,0.0
P0004316,35,M,A,sedan,20545,17.0,0.9114,0,0.0
P0004317,79,M,B,suv,14568,63.1,0.9957,0,0.0
P0004318,44,F,A,sedan,10273,26.0,0.6511,1,1294.87
P0004319,71,M,B,truck,29051,53.7,0.814,0,0.0
P0004320,20,F,A,sedan,33086,6.5,0.6282,0,0.0
P0004321,59,M,A,truck,13582,42.2,0.9269,0,0.0
P0004322,46,F,B,truck,19080,31.5,0.7929,0,0.0
P0004323,47,F,B,sedan,8378,29.0,0.5879,0,0.0
P0004324,34,M,A,sedan,9695,17.3,0.7106,0,0.0
P0004325,79,F,C,truck,15928,60.2,0.5909,0,0.0
P0004326,42,M,A,sedan,26834,26.4,0.729,1,833.59
P0004327,71,M,C,truck,25859,56.6,0.5388,0,0.0
P0004328,44,F,A,truck,27541,29.2,0.9826,0,0.0
P0004329,21,F,A,sedan,7758,0.0,0.7983,0,0.0
P0004330,73,M,C,sedan,6398,49.9,0.9953,0,0.0
P0004331,29,M,B,sedan,13527,8.0,0.5869,0,0.0
P0004332,35,F,B,suv,15317,21.1,0.6922,0,0.0
P0004333,72,F,B,sedan,20934,57.8,0.9656,0,0.0
P0004334,74,M,B,suv,23112,59.1,0.846,0,0.0
P0004335,75,M,C,suv,10828,56.5,0.535,0,0.0
P0004336,44,M,A,truck,30469,22.8,0.9416,0,0.0
P0004337,65,F,C,sedan,28145,46.2,0.5944,0,0.0
P0004338,38,M,C,sedan,14628,20.6,0.6309,0,0.0
P0004339,64,M,C,sedan,25020,48.8,0.8659,0,0.0
P0004340,49,F,B,sedan,14289,32.6,0.8553,0,0.0
P0004341,21,F,B,sedan,6878,3.8,0.8303,0,0.0
P0004342,44,F,B,truck,27833,25.2,0.5027,0,0.0
P0004343,47,M,A,sedan,7671,31.0,0.6247,1,4639.55
P0004344,34,F,C,sedan,11795,16.2,0.6724,0,0.0
P0004345,41,M,B,suv,14389,23.4,0.7002,0,0.0
P0004346,49,M,B,suv,32775,31.8,0.537,0,0.0
P0004347,21,F,C,sedan,23168,4.8,0.8377,2,5831.8
P0004348,27,M,A,sedan,29502,9.8,0.9456,0,0.0
P0004349,66,M,C,sedan,33149,49.2,0.9948,0,0.0
P0004350,40,F,C,sedan,32684,24.6,0.899,0,0.0
P0004351,56,M,A,sedan,23884,37.2,0.6013,0,0.0
P0004352,53,F,A,sedan,15966,32.9,0.7556,0,0.0
P0004353,52,F,B,suv,17513,34.7,0.9579,0,0.0
P0004354,44,M,A,truck,10137,27.1,0.5333,0,0.0
P0004355,48,M,C,sedan,23247,29.5,0.6142,0,0.0
P0004356,69,F,A,sedan,23136,51.6,0.6324,1,5559.79
P0004357,78,M,A,truck,35141,58.7,0.8048,0,0.0
P0004358,34,M,A,suv,10889,16.8,0.9758,0,0.0
P0004359,60,M,C,suv,28462,41.8,0.7413,0,0.0
P0004360,79,F,B,truck,13249,58.5,0.7819,1,2015.92
P0004361,18,F,C,suv,7437,0.0,0.8199,1,2937.31
P0004362,67,F,C,suv,17417,50.3,0.9258,0,0.0
P0004363,49,M,B,sedan,34878,29.8,0.6432,0,0.0
P0004364,78,F,A,truck,19344,63.1,0.8131,0,0.0
P0004365,54,M,A,suv,10762,37.4,0.9627,1,8737.0
P0004366,70,F,C,sedan,14994,51.3,0.9695,0,0.0
P0004367,28,M,A,suv,26537,7.9,0.6913,0,0.0
P0004368,26,M,C,sedan,13826,10.5,0.5559,1,1976.6
P0004369,76,M,C,suv,12177,59.1,0.9622,1,7003.38
P0004370,51,M,B,sedan,12648,34.0,0.9605,0,0.0
P0004371,53,M,B,suv,7541,36.2,0.5486,0,0.0
P0004372,28,F,C,sedan,26394,13.4,0.5407,0,0.0
P0004373,32,M,C,suv,14938,14.0,0.5926,1,5929.41
P0004374,69,M,B,suv,14482,54.6,0.8234,0,0.0
P0004375,37,M,B,sedan,15180,17.7,0.6513,0,0.0
P0004376,54,F,B,sedan,26526,34.3,0.6201,0,0.0
P0004377,37,M,A,sedan,32097,21.3,0.8998,0,0.0
P0004378,34,F,C,suv,28029,19.5,0.6219,0,0.0
P0004379,28,F,B,truck,22599,11.1,0.9802,3,9351.39
P0004380,76,F,C,sedan,27141,60.0,0.7192,0,0.0
P0004381,77,F,A,suv,12036,60.4,0.7113,0,0.0
P0004382,25,F,C,truck,33347,7.8,0.9718,0,0.0
P0004383,40,F,B,suv,23988,24.9,0.5601,0,0.0
P0004384,53,M,B,sedan,34589,32.7,0.5575,0,0.0
P0004385,42,F,A,sedan,13303,26.3,0.7168,0,0.0
P0004386,63,F,C,truck,9552,44.1,0.7935,0,0.0
P0004387,34,M,B,sedan,27156,18.8,0.754,0,0.0
P0004388,21,M,B,sedan,14938,3.9,0.9775,0,0.0
P0004389,39,F,A,suv,11442,21.1,0.9966,0,0.0
P0004390,55,F,A,sedan,29417,37.7,0.5204,0,0.0
P0004391,29,M,A,suv,21521,12.5,0.5827,0,0.0
P0004392,69,M,A,truck,29235,53.0,0.7768,0,0.0
P0004393,18,M,B,truck,12554,1.8,0.9751,0,0.0
P0004394,22,F,B,suv,7199,6.4,0.64,0,0.0
P0004395,50,M,B,truck,17702,32.3,0.6835,1,3462.31
P0004396,50,M,B,truck,34823,29.3,0.6155,0,0.0
P0004397,36,M,B,truck,23159,18.3,0.9837,0,0.0
P0004398,34,M,A,truck,31542,15.8,0.5769,0,0.0
P0004399,22,M,C,truck,31134,2.8,0.7823,1,3127.73
P0004400,59,M,B,sedan,32875,42.9,0.5115,0,0.0
P0004401,41,M,B,sedan,19225,27.6,0.8008,0,0.0
P0004402,25,M,C,sedan,11335,8.0,0.6962,1,958.47
P0004403,43,M,C,suv,32893,24.3,0.7828,0,0.0
P0004404,77,F,B,truck,20528,56.0,0.5401,0,0.0
P0004405,34,M,B,truck,14920,19.0,0.5455,0,0.0
P0004406,74,M,C,truck,18656,54.8,0.5461,0,0.0
P0004407,34,F,C,truck,29258,16.5,0.9176,0,0.0
P0004408,29,F,A,suv,16169,12.8,0.8621,0,0.0
P0004409,34,M,B,sedan,30778,19.1,0.5642,0,0.0
P0004410,38,M,C,suv,12048,22.2,0.658,0,0.0
P0004411,25,F,C,sedan,14849,6.9,0.7182,0,0.0
P0004412,55,F,A,suv,9327,35.6,0.5493,0,0.0
P0004413,39,F,B,suv,32007,27.4,0.92,0,0.0
P0004414,63,M,B,sedan,31985,45.0,0.6815,0,0.0
P0004415,48,M,A,suv,11420,32.1,0.8352,0,0.0
P0004416,45,M,B,suv,21443,29.0,0.821,0,0.0
P0004417,47,F,B,suv,29537,29.2,0.9572,0,0.0
P0004418,27,M,A,truck,23625,6.2,0.871,0,0.0
P0004419,62,M,A,sedan,25005,46.4,0.5172,0,0.0
P0004420,24,M,C,truck,13109,7.2,0.5775,0,0.0
P0004421,63,F,C,sedan,5906,49.2,0.7224,0,0.0
P0004422,80,F,C,sedan,33986,62.1,0.5465,0,0.0
P0004423,66,M,C,sedan,33308,50.4,0.6959,0,0.0
P0004424,46,F,C,truck,34027,25.8,0.9887,0,0.0
P0004425,37,M,B,truck,6338,19.3,0.6027,1,9550.58
P0004426,72,M,A,sedan,25814,55.6,0.8524,0,0.0
P0004427,34,F,C,suv,12778,17.6,0.63,1,2444.22
P0004428,48,F,B,truck,14937,30.3,0.5171,0,0.0
P0004429,66,M,A,truck,17796,47.6,0.5492,0,0.0
P0004430,76,M,C,sedan,12218,61.3,0.5519,0,0.0
P0004431,76,F,A,sedan,23439,59.3,0.6495,0,0.0
P0004432,23,F,C,sedan,23453,6.0,0.9803,0,0.0
P0004433,74,M,B,truck,33773,56.6,0.8103,1,6232.96
P0004434,25,F,A,sedan,30819,5.4,0.5615,0,0.0
P0004435,54,M,C,suv,26771,39.9,0.5351,0,0.0
P0004436,76,M,C,truck,34976,57.1,0.9854,1,2095.38
P0004437,59,F,B,sedan,18275,41.3,0.5857,0,0.0
P0004438,77,M,B,suv,7113,61.0,0.6352,2,11800.83
P0004439,39,F,A,truck,32254,20.4,0.9208,0,0.0
P0004440,37,F,A,sedan,15360,20.8,0.7774,1,2267.85
P0004441,38,M,A,sedan,18838,24.6,0.6133,0,0.0
P0004442,40,M,A,sedan,17125,29.9,0.8322,0,0.0
P0004443,61,M,A,suv,33244,46.4,0.6858,0,0.0
P0004444,46,F,B,sedan,16439,30.1,0.7908,0,0.0
P0004445,64,M,A,sedan,26202,46.7,0.5484,0,0.0
P0004446,44,F,B,sedan,25701,25.8,0.9401,0,0.0
P0004447,37,M,A,suv,22235,20.5,0.7977,0,0.0
P0004448,29,M,A,truck,21963,14.8,0.5022,0,0.0
P0004449,52,F,C,suv,7238,35.8,0.7795,0,0.0
P0004450,74,F,C,suv,32632,57.4,0.681,0,0.0
P0004451,72,M,C,truck,15338,51.5,0.9528,1,4174.04
P0004452,33,F,A,suv,11899,14.9,0.5693,0,0.0
P0004453,48,M,B,suv,11802,34.3,0.6669,0,0.0
P0004454,62,M,A,sedan,17379,45.6,0.8823,0,0.0
P0004455,56,M,B,sedan,24338,37.6,0.6126,0,0.0
P0004456,22,F,C,sedan,21775,5.0,0.6566,0,0.0
P0004457,55,F,A,suv,30889,41.2,0.8856,0,0.0
P0004458,20,F,C,truck,30320,1.4,0.8562,0,0.0
P0004459,25,M,B,sedan,15401,7.3,0.6798,0,0.0
P0004460,59,M,A,sedan,30520,42.3,0.7337,0,0.0
P0004461,24,M,A,truck,26136,8.6,0.7762,1,2785.18
P0004462,39,F,C,truck,31640,20.0,0.944,0,0.0
P0004463,55,F,B,suv,5009,41.6,0.8308,0,0.0
P0004464,59,F,A,sedan,21093,45.1,0.7962,0,0.0
P0004465,46,M,A,suv,24389,30.5,0.9055,1,4167.88
P0004466,23,F,C,sedan,12489,5.4,0.6522,0,0.0
P0004467,68,F,A,suv,25318,53.7,0.722,0,0.0
P0004468,77,M,C,suv,27513,61.1,0.8433,0,0.0
P0004469,73,M,B,truck,9306,56.7,0.7019,0,0.0
P0004470,65,F,A,sedan,34594,47.3,0.7395,0,0.0
P0004471,43,M,A,truck,34318,26.6,0.5802,0,0.0
P0004472,73,F,C,sedan,13844,56.5,0.805,1,3347.72
P0004473,48,F,B,sedan,11191,32.4,0.8201,1,1248.03
P0004474,26,F,A,truck,11149,6.8,0.9281,0,0.0
P0004475,71,F,A,sedan,6132,52.7,0.5427,0,0.0
P0004476,38,M,C,sedan,5696,19.8,0.9498,1,1355.4
P0004477,77,M,B,sedan,14683,61.6,0.543,0,0.0
P0004478,41,M,B,sedan,25660,25.0,0.8726,0,0.0
P0004479,72,F,A,sedan,26114,54.0,0.7945,0,0.0
P0004480,51,M,B,suv,21895,35.2,0.703,0,0.0
P0004481,47,M,C,sedan,25151,31.9,0.9617,1,7092.45
P0004482,36,F,A,truck,9176,18.4,0.7283,0,0.0
P0004483,70,M,C,suv,35842,55.6,0.5124,0,0.0
P0004484,21,M,C,truck,11184,4.4,0.7603,0,0.0
P0004485,47,M,A,truck,16371,28.2,0.7662,0,0.0
P0004486,41,F,C,suv,25528,23.7,0.8722,0,0.0
P0004487,52,M,B,sedan,8948,37.1,0.6791,0,0.0
P0004488,34,F,B,truck,18516,16.1,0.537,0,0.0
P0004489,59,M,A,sedan,33953,43.2,0.6747,0,0.0
P0004490,42,M,C,sedan,12230,23.3,0.8013,0,0.0
P0004491,29,F,B,suv,24207,11.0,0.7724,0,0.0
P0004492,30,M,C,sedan,23780,13.7,0.9235,0,0.0
P0004493,61,M,A,suv,7387,45.5,0.6351,1,1976.32
P0004494,34,M,A,truck,6632,18.7,0.7846,0,0.0
P0004495,37,F,C,suv,9538,14.8,0.9878,0,0.0
P0004496,57,F,B,sedan,5502,44.6,0.6568,0,0.0
P0004497,38,F,A,sedan,21480,24.5,0.7181,1,3890.26
P0004498,42,F,C,sedan,13087,22.8,0.9971,0,0.0
P0004499,33,M,A,sedan,23549,14.2,0.5722,0,0.0
P0004500,39,F,C,suv,13975,21.3,0.7868,0,0.0
P0004501,61,M,C,suv,15853,48.0,0.6852,0,0.0
P0004502,51,M,A,suv,8235,32.9,0.5231,0,0.0
P0004503,80,M,B,suv,29652,65.0,0.8804,0,0.0
P0004504,66,F,C,sedan,8560,49.2,0.5994,0,0.0
P0004505,19,M,C,sedan,33296,1.2,0.946,0,0.0
P0004506,41,M,B,suv,10201,23.0,0.7089,0,0.0
P0004507,36,M,B,sedan,35708,20.3,0.5723,0,0.0
P0004508,55,F,B,sedan,27462,35.4,0.623,0,0.0
P0004509,34,M,A,suv,30524,15.4,0.9164,0,0.0
P0004510,78,F,B,sedan,29991,62.9,0.6869,0,0.0
P0004511,36,M,A,sedan,18813,20.0,0.6281,0,0.0
P0004512,50,F,A,sedan,10629,34.5,0.6245,0,0.0
P0004513,25,F,B,sedan,25973,8.1,0.7916,0,0.0
P0004514,75,M,C,suv,25359,56.7,0.6284,0,0.0
P0004515,75,F,A,sedan,30023,61.7,0.9677,0,0.0
P0004516,68,M,A,truck,12243,55.0,0.5247,0,0.0
P0004517,40,M,A,sedan,30390,24.7,0.5779,0,0.0
P0004518,21,F,A,sedan,32281,1.3,0.7145,0,0.0
P0004519,62,F,C,sedan,27664,44.5,0.6041,0,0.0
P0004520,45,F,B,truck,13336,24.8,0.8893,0,0.0
P0004521,80,M,A,suv,12651,63.3,0.9583,0,0.0
P0004522,61,M,C,suv,9022,45.7,0.8001,1,4812.18
P0004523,51,F,A,truck,30713,37.4,0.927,0,0.0
P0004524,80,F,B,sedan,18613,64.7,0.9003,0,0.0
P0004525,68,F,C,suv,14506,52.2,0.5793,0,0.0
P0004526,46,M,C,suv,9780,33.9,0.5391,0,0.0
P0004527,19,F,A,truck,20314,3.7,0.8145,1,1335.74
P0004528,23,F,B,sedan,11149,7.7,0.9913,0,0.0
P0004529,45,M,B,truck,30912,28.0,0.916,0,0.0
P0004530,53,F,B,suv,15510,36.1,0.8081,0,0.0
P0004531,19,M,A,truck,18821,1.4,0.5555,0,0.0
P0004532,25,M,C,sedan,25482,11.2,0.8899,0,0.0
P0004533,62,M,B,sedan,26675,47.3,0.8415,0,0.0
P0004534,65,F,B,sedan,8622,46.1,0.9669,0,0.0
P0004535,19,M,C,truck,7366,2.5,0.8547,1,455.72
P0004536,49,F,C,sedan,13807,30.3,0.5518,0,0.0
P0004537,23,M,C,suv,28153,6.3,0.8046,0,0.0
P0004538,63,F,A,sedan,31609,45.6,0.7019,0,0.0
P0004539,70,M,A,sedan,35140,51.9,0.7107,0,0.0
P0004540,72,F,B,sedan,13486,56.1,0.8165,0,0.0
P0004541,55,M,A,suv,28671,39.3,0.9498,0,0.0
P0004542,57,M,B,sedan,10221,41.4,0.8799,0,0.0
P0004543,76,F,B,truck,10866,59.2,0.5112,0,0.0
P0004544,56,M,B,suv,21542,37.9,0.5735,0,0.0
P0004545,46,M,A,truck,8029,29.8,0.6816,0,0.0
P0004546,65,F,C,suv,6032,45.7,0.8423,0,0.0
P0004547,55,M,B,suv,35851,34.5,0.8171,0,0.0
P0004548,71,M,B,suv,29922,55.8,0.7518,1,13346.83
P0004549,51,M,B,sedan,25950,31.6,0.7151,0,0.0
P0004550,72,F,A,suv,11896,55.0,0.8948,0,0.0
P0004551,20,M,B,truck,7368,2.2,0.5478,0,0.0
P0004552,20,F,A,sedan,9118,3.3,0.7975,0,0.0
P0004553,24,M,B,sedan,18065,4.6,0.9042,0,0.0
P0004554,53,F,A,suv,30054,35.3,0.6362,0,0.0
P0004555,62,F,A,truck,23401,45.7,0.6011,0,0.0
P0004556,31,F,A,sedan,31125,14.8,0.8367,0,0.0
P0004557,27,F,A,truck,33182,12.4,0.5878,0,0.0
P0004558,72,M,C,sedan,27776,56.1,0.7441,0,0.0
P0004559,65,M,C,sedan,8098,45.6,0.9614,0,0.0
P0004560,58,M,A,truck,12272,38.8,0.5303,0,0.0
P0004561,48,M,A,sedan,15457,32.3,0.9546,1,2329.87
P0004562,44,F,C,suv,21336,29.2,0.5952,0,0.0
P0004563,19,F,A,truck,29580,0.1,0.7412,0,0.0
P0004564,29,M,B,sedan,35041,11.1,0.5661,0,0.0
P0004565,74,M,A,sedan,35481,61.0,0.8549,0,0.0
P0004566,39,M,B,truck,19810,16.2,0.9989,0,0.0
P0004567,62,F,C,suv,35738,45.0,0.651,0,0.0
P0004568,62,M,A,truck,34438,41.6,0.9623,0,0.0
P0004569,37,F,C,truck,10166,19.7,0.865,0,0.0
P0004570,30,M,C,suv,25967,15.1,0.9827,0,0.0
P0004571,61,F,C,sedan,18605,43.6,0.8359,0,0.0
P0004572,23,M,C,sedan,31194,8.9,0.841,0,0.0
P0004573,49,F,C,sedan,31910,32.3,0.9719,0,0.0
P0004574,73,M,B,sedan,10964,58.2,0.8637,0,0.0
P0004575,62,F,C,truck,23716,45.4,0.9237,0,0.0
P0004576,66,M,A,truck,33728,48.5,0.6423,0,0.0
P0004577,23,F,B,truck,25687,5.4,0.5844,0,0.0
P0004578,30,M,B,truck,31453,15.9,0.82,0,0.0
P0004579,35,F,A,sedan,27421,19.3,0.6263,1,1379.01
P0004580,36,F,A,suv,29336,23.0,0.7149,0,0.0
P0004581,30,M,A,sedan,31266,11.8,0.9278,0,0.0
P0004582,79,F,B,suv,34177,61.6,0.8155,0,0.0
P0004583,28,F,A,truck,11141,13.3,0.9719,0,0.0
P0004584,62,M,A,truck,29455,42.2,0.6774,0,0.0
P0004585,54,M,A,truck,16899,36.1,0.6403,0,0.0
P0004586,56,M,B,sedan,22879,39.2,0.6069,0,0.0
P0004587,31,F,A,suv,25373,14.9,0.9882,0,0.0
P0004588,37,M,A,sedan,25109,21.3,0.7148,0,0.0
P0004589,56,M,A,suv,11101,40.6,0.96,1,3068.1
P0004590,36,F,B,sedan,30447,16.7,0.6725,0,0.0
P0004591,61,M,A,truck,27168,43.5,0.6439,0,0.0
P0004592,20,F,C,sedan,28223,5.1,0.8854,1,2427.24
P0004593,22,M,A,suv,24111,2.4,0.809,0,0.0
P0004594,63,M,A,truck,23345,46.2,0.7623,0,0.0
P0004595,56,F,B,sedan,13603,40.8,0.7201,0,0.0
P0004596,20,F,C,suv,23540,0.0,0.7332,0,0.0
P0004597,74,F,B,truck,13702,59.2,0.9172,0,0.0
P0004598,18,F,A,truck,32288,2.7,0.5766,0,0.0
P0004599,78,M,B,sedan,6554,61.0,0.5255,0,0.0
P0004600,63,M,B,suv,5307,45.4,0.503,0,0.0
P0004601,80,M,B,sedan,27592,64.5,0.7475,1,2767.38
P0004602,77,F,C,sedan,27256,64.4,0.909,1,4301.06
P0004603,37,M,C,sedan,22346,19.9,0.8355,0,0.0
P0004604,65,F,B,suv,22535,50.1,0.9952,0,0.0
P0004605,31,F,A,sedan,6079,14.7,0.805,0,0.0
P0004606,47,M,B,suv,30987,31.6,0.7545,0,0.0
P0004607,33,F,C,sedan,31263,18.2,0.7908,0,0.0
P0004608,48,M,C,sedan,11368,31.5,0.9411,0,0.0
P0004609,72,M,A,suv,5482,56.3,0.5073,0,0.0
P0004610,45,F,A,sedan,21285,29.7,0.7333,0,0.0
P0004611,23,M,A,sedan,12834,4.1,0.7056,0,0.0
P0004612,38,M,C,sedan,8956,23.0,0.9767,0,0.0
P0004613,67,M,B,sedan,8494,50.5,0.5936,0,0.0
P0004614,50,F,A,sedan,25440,33.1,0.5128,1,970.02
P0004615,53,F,A,truck,16133,39.4,0.8158,0,0.0
P0004616,45,F,A,suv,28676,30.2,0.8125,0,0.0
P0004617,36,F,C,sedan,14743,19.1,0.6597,0,0.0
P0004618,55,F,B,sedan,24329,38.2,0.7699,0,0.0
P0004619,57,M,A,truck,13436,41.6,0.7983,1,2006.21
P0004620,74,M,B,sedan,22197,57.1,0.6765,0,0.0
P0004621,56,F,B,sedan,26667,38.5,0.7103,0,0.0
P0004622,80,M,B,sedan,15644,61.8,0.5709,0,0.0
P0004623,70,M,C,suv,32527,51.7,0.8855,0,0.0
P0004624,22,M,A,suv,24833,2.6,0.6946,0,0.0
P0004625,42,M,A,sedan,11245,24.8,0.8228,0,0.0
P0004626,42,M,A,sedan,32884,27.8,0.7133,0,0.0
P0004627,18,F,B,suv,20458,1.6,0.5811,0,0.0
P0004628,29,F,C,sedan,27363,14.5,0.8503,0,0.0
P0004629,66,M,A,sedan,15718,47.3,0.7087,0,0.0
P0004630,40,M,C,truck,5711,20.3,0.5927,1,3280.66
P0004631,27,M,B,sedan,22460,10.0,0.9667,0,0.0
P0004632,36,M,C,sedan,20770,16.7,0.9467,1,895.12
P0004633,35,F,B,suv,27439,15.8,0.8636,0,0.0
P0004634,28,F,A,suv,27828,10.4,0.788,0,0.0
P0004635,24,M,C,sedan,26337,5.9,0.8126,0,0.0
P0004636,66,F,C,sedan,20629,47.1,0.6801,0,0.0
P0004637,69,M,B,sedan,5189,54.8,0.6315,0,0.0
P0004638,49,M,C,sedan,23331,31.5,0.796,1,2900.09
P0004639,56,M,A,sedan,34443,37.9,0.87,0,0.0
P0004640,75,F,B,sedan,33259,60.9,0.7476,0,0.0
P0004641,71,M,A,sedan,7522,50.2,0.9478,0,0.0
P0004642,20,F,B,sedan,32092,0.8,0.6942,1,1363.09
P0004643,78,M,A,sedan,9477,58.8,0.6882,0,0.0
P0004644,22,F,A,suv,7520,4.2,0.7128,2,4057.64
P0004645,19,M,A,suv,5818,3.9,0.8521,1,654.9
P0004646,43,F,B,truck,20827,28.5,0.5137,0,0.0
P0004647,64,F,C,suv,10478,47.2,0.6769,0,0.0
P0004648,23,F,A,suv,24291,4.6,0.8715,0,0.0
P0004649,36,F,B,sedan,19473,17.9,0.7774,0,0.0
P0004650,34,F,A,suv,31412,13.6,0.6549,0,0.0
P0004651,43,M,B,suv,11526,26.6,0.8284,1,2893.01
P0004652,80,M,A,truck,13230,63.7,0.9506,0,0.0
P0004653,38,F,B,truck,21045,21.0,0.7526,0,0.0
P0004654,31,M,C,sedan,9335,16.3,0.8696,0,0.0
P0004655,25,M,B,truck,19205,5.0,0.5992,0,0.0
P0004656,30,M,B,suv,23511,13.5,0.7365,0,0.0
P0004657,26,F,B,suv,24134,8.5,0.6456,0,0.0
P0004658,54,F,A,sedan,19495,35.4,0.9964,0,0.0
P0004659,44,M,A,sedan,8131,28.5,0.6094,0,0.0
P0004660,49,F,A,truck,12988,31.4,0.9737,0,0.0
P0004661,70,F,B,sedan,7213,53.0,0.7044,0,0.0
P0004662,54,M,C,suv,34230,35.0,0.7492,0,0.0
P0004663,27,F,B,sedan,23021,10.0,0.7619,0,0.0
P0004664,41,M,B,sedan,14844,29.7,0.6209,0,0.0
P0004665,37,F,A,suv,14359,21.9,0.6195,0,0.0
P0004666,70,M,A,suv,6713,56.0,0.688,0,0.0
P0004667,37,M,C,truck,19660,16.1,0.8726,1,2047.81
P0004668,26,M,A,suv,6822,6.2,0.8504,0,0.0
P0004669,64,M,B,suv,26756,51.3,0.9988,0,0.0
P0004670,44,M,A,truck,11233,29.0,0.5442,0,0.0
P0004671,24,F,A,suv,8106,9.8,0.8796,0,0.0
P0004672,61,M,A,suv,8618,43.6,0.5975,0,0.0
P0004673,31,M,C,truck,5880,15.9,0.7555,0,0.0
P0004674,72,M,A,suv,17235,55.5,0.5982,0,0.0
P0004675,70,F,B,suv,6823,55.8,0.9681,0,0.0
P0004676,41,F,A,suv,7494,23.1,0.7536,0,0.0
P0004677,53,M,B,suv,11787,39.4,0.7348,0,0.0
P0004678,53,M,B,suv,22396,31.0,0.6537,0,0.0
P0004679,59,F,B,suv,11824,39.0,0.7245,0,0.0
P0004680,22,F,A,suv,17660,0.0,0.5553,1,1821.87
P0004681,38,M,A,sedan,18308,19.8,0.8421,1,2094.17
P0004682,28,F,C,sedan,23535,7.9,0.7853,1,8670.04
P0004683,61,M,B,sedan,6446,42.2,0.5498,0,0.0
P0004684,22,F,A,sedan,35666,7.0,0.5512,0,0.0
P0004685,50,F,B,sedan,7869,33.7,0.6465,0,0.0
P0004686,63,F,A,sedan,35748,45.2,0.7366,0,0.0
P0004687,77,M,B,sedan,13837,57.7,0.6113,0,0.0
P0004688,36,M,B,truck,17927,19.0,0.5657,0,0.0
P0004689,18,F,A,suv,7075,0.0,0.5482,0,0.0
P0004690,63,F,B,suv,16378,46.7,0.6526,0,0.0
P0004691,18,F,B,sedan,32865,1.8,0.8148,0,0.0
P0004692,22,F,C,sedan,26128,7.9,0.8392,0,0.0
P0004693,80,M,B,sedan,24318,62.1,0.6414,0,0.0
P0004694,72,F,B,sedan,16398,56.0,0.7203,0,0.0
P0004695,62,M,C,sedan,33704,47.6,0.8142,0,0.0
P0004696,70,F,A,suv,29126,54.2,0.68,0,0.0
P0004697,22,F,B,sedan,12815,4.4,0.9893,2,9046.99
P0004698,23,F,A,suv,23651,4.7,0.8464,1,1551.97
P0004699,36,F,A,suv,17290,19.4,0.7892,0,0.0
P0004700,19,F,B,sedan,11184,0.0,0.749,1,911.6
P0004701,73,F,A,truck,25328,53.0,0.746,0,0.0
P0004702,21,F,B,suv,17859,4.6,0.6459,0,0.0
P0004703,52,M,B,sedan,8033,33.1,0.5386,0,0.0
P0004704,71,F,A,suv,31773,55.3,0.919,0,0.0
P0004705,64,F,A,suv,23792,49.6,0.9527,0,0.0
P0004706,32,F,B,suv,22153,16.9,0.9873,0,0.0
P0004707,47,M,B,truck,35985,31.7,0.702,0,0.0
P0004708,52,M,C,sedan,27007,35.9,0.9732,1,3710.03
P0004709,66,M,A,sedan,35354,45.0,0.8512,0,0.0
P0004710,44,M,C,truck,27005,28.0,0.7111,0,0.0
P0004711,35,M,A,suv,10248,18.8,0.9593,0,0.0
P0004712,68,F,A,truck,19946,50.7,0.9843,0,0.0
P0004713,73,M,B,suv,20783,58.6,0.767,0,0.0
P0004714,48,M,A,suv,14160,30.7,0.8898,0,0.0
P0004715,19,F,A,suv,14587,0.7,0.8883,0,0.0
P0004716,49,F,A,sedan,23486,29.0,0.8044,0,0.0
P0004717,74,F,C,sedan,17761,54.4,0.7114,0,0.0
P0004718,80,F,C,sedan,8504,62.3,0.5672,3,10360.14
P0004719,43,M,C,sedan,23019,26.4,0.999,1,2254.96
P0004720,27,F,A,suv,23518,10.3,0.5358,0,0.0
P0004721,54,M,B,suv,30319,36.2,0.5674,0,0.0
P0004722,70,M,C,truck,8184,53.1,0.6874,0,0.0
P0004723,77,F,A,sedan,19175,60.2,0.6993,0,0.0
P0004724,21,F,A,sedan,32955,5.9,0.6336,0,0.0
P0004725,36,M,A,sedan,13208,17.7,0.539,0,0.0
P0004726,48,M,B,suv,28060,30.4,0.9497,0,0.0
P0004727,24,F,B,sedan,15653,8.5,0.7566,0,0.0
P0004728,73,F,A,sedan,10617,53.0,0.9849,0,0.0
P0004729,25,M,A,suv,27040,7.6,0.939,0,0.0
P0004730,59,M,B,sedan,29324,44.8,0.747,0,0.0
P0004731,75,F,B,suv,33362,56.1,0.6941,0,0.0
P0004732,61,F,A,sedan,27501,45.3,0.6275,0,0.0
P0004733,66,M,A,sedan,14505,49.8,0.9965,0,0.0
P0004734,34,F,C,truck,27581,17.4,0.8025,0,0.0
P0004735,70,F,B,sedan,6004,51.3,0.9204,0,0.0
P0004736,44,M,B,sedan,15393,27.1,0.9923,0,0.0
P0004737,21,F,B,truck,11603,2.8,0.612,0,0.0
P0004738,41,F,C,sedan,21204,27.1,0.9624,0,0.0
P0004739,40,M,A,sedan,26396,25.2,0.8972,0,0.0
P0004740,50,M,A,sedan,23159,32.9,0.7273,0,0.0
P0004741,34,F,A,suv,10613,18.5,0.9744,0,0.0
P0004742,47,F,C,suv,16686,30.4,0.7949,0,0.0
P0004743,44,M,A,suv,7803,25.5,0.6968,0,0.0
P0004744,38,M,A,truck,22372,22.6,0.58,0,0.0
P0004745,61,M,A,sedan,28035,45.5,0.8639,0,0.0
P0004746,37,M,B,sedan,12564,19.8,0.887,0,0.0
P0004747,66,M,B,truck,21363,53.3,0.6035,0,0.0
P0004748,33,M,A,sedan,32121,14.0,0.6859,0,0.0
P0004749,72,M,A,truck,8543,54.7,0.5275,0,0.0
P0004750,40,F,C,truck,34770,22.8,0.7786,0,0.0
P0004751,20,M,A,truck,15289,4.1,0.8,1,216.87
P0004752,27,M,B,sedan,15128,8.6,0.9241,0,0.0
P0004753,68,F,A,suv,27140,51.3,0.5131,0,0.0
P0004754,72,F,C,truck,15614,52.5,0.5598,0,0.0
P0004755,31,M,B,sedan,17591,17.4,0.5158,0,0.0
P0004756,55,F,B,suv,11702,37.9,0.9722,0,0.0
P0004757,54,M,A,sedan,9184,36.9,0.7564,0,0.0
P0004758,26,M,A,sedan,31808,8.4,0.623,0,0.0
P0004759,46,F,B,truck,8017,26.2,0.5096,0,0.0
P0004760,61,F,B,truck,10064,46.7,0.5483,0,0.0
P0004761,78,M,C,sedan,30572,63.8,0.8601,1,4231.24
P0004762,71,F,B,sedan,29764,54.7,0.7401,0,0.0
P0004763,24,M,B,suv,11684,10.8,0.8672,0,0.0
P0004764,32,F,C,sedan,30802,10.4,0.6326,0,0.0
P0004765,45,F,B,suv,27481,26.1,0.7198,0,0.0
P0004766,27,M,C,suv,14802,9.0,0.8119,1,8083.15
P0004767,53,F,A,sedan,7455,34.4,0.6062,0,0.0
P0004768,18,M,A,suv,29080,0.0,0.6438,0,0.0
P0004769,25,M,C,sedan,26100,9.2,0.5708,1,1276.24
P0004770,20,F,A,sedan,19042,3.7,0.8559,0,0.0
P0004771,36,F,A,truck,13494,18.3,0.7911,1,4035.24
P0004772,66,M,A,sedan,15802,50.0,0.7223,0,0.0
P0004773,29,M,B,sedan,13461,13.9,0.7837,0,0.0
P0004774,80,M,B,suv,32694,64.1,0.5849,0,0.0
P0004775,34,M,A,sedan,11319,16.2,0.9064,0,0.0
P0004776,20,F,A,sedan,19059,1.2,0.8777,0,0.0
P0004777,39,F,A,truck,24868,24.5,0.591,0,0.0
P0004778,65,M,A,sedan,6712,48.4,0.9429,1,4168.78
P0004779,24,M,A,sedan,20559,7.1,0.697,0,0.0
P0004780,22,M,A,sedan,24670,7.8,0.7318,0,0.0
P0004781,71,F,C,suv,21358,53.1,0.7656,2,6500.14
P0004782,55,F,B,sedan,25398,38.2,0.8964,0,0.0
P0004783,39,M,A,truck,20132,23.9,0.582,0,0.0
P0004784,65,F,A,sedan,24674,49.0,0.6325,0,0.0
P0004785,71,F,A,suv,35302,52.9,0.9682,0,0.0
P0004786,40,M,A,truck,16169,21.0,0.9689,0,0.0
P0004787,53,F,A,suv,16062,35.3,0.9045,0,0.0
P0004788,18,F,C,suv,26037,0.0,0.5842,1,863.45
P0004789,37,F,B,sedan,7774,17.8,0.7975,0,0.0
P0004790,55,M,B,sedan,14023,36.9,0.723,0,0.0
P0004791,30,F,A,sedan,10165,14.4,0.5404,0,0.0
P0004792,80,F,B,sedan,19395,60.7,0.5378,1,2292.01
P0004793,79,F,C,sedan,8770,63.5,0.9284,0,0.0
P0004794,34,F,A,suv,11717,15.5,0.5452,0,0.0
P0004795,42,F,C,sedan,18175,29.9,0.6357,0,0.0
P0004796,29,M,A,truck,24010,13.0,0.5754,0,0.0
P0004797,49,F,B,suv,18337,34.8,0.7876,0,0.0
P0004798,25,F,A,sedan,30125,8.6,0.88,0,0.0
P0004799,42,F,B,sedan,29793,28.1,0.6326,0,0.0
P0004800,52,F,A,suv,8027,34.9,0.891,0,0.0
P0004801,56,F,B,sedan,26558,38.1,0.5875,0,0.0
P0004802,55,M,B,sedan,5837,39.3,0.6784,0,0.0
P0004803,31,M,B,suv,10378,14.6,0.6214,0,0.0
P0004804,67,M,B,suv,28595,49.6,0.7272,1,1310.78
P0004805,61,F,A,sedan,23065,44.1,0.9905,0,0.0
P0004806,65,M,B,sedan,15009,45.3,0.8684,0,0.0
P0004807,47,M,A,sedan,9761,31.4,0.6029,0,0.0
P0004808,74,F,B,sedan,15038,55.9,0.9832,0,0.0
P0004809,42,F,A,sedan,29159,24.5,0.8407,1,409.07
P0004810,68,M,B,suv,22506,54.2,0.7271,0,0.0
P0004811,30,F,A,suv,9036,12.8,0.9581,0,0.0
P0004812,33,F,C,sedan,20088,16.2,0.8814,0,0.0
P0004813,51,M,B,truck,11236,35.0,0.8646,0,0.0
P0004814,53,F,A,suv,8768,32.5,0.6005,0,0.0
P0004815,65,M,B,sedan,7681,45.4,0.564,1,1639.05
P0004816,36,F,A,truck,28573,20.5,0.9328,0,0.0
P0004817,72,F,A,suv,9969,53.7,0.8401,0,0.0
P0004818,38,F,A,suv,10464,19.5,0.9086,0,0.0
P0004819,51,F,C,sedan,31851,33.7,0.8829,0,0.0
P0004820,76,M,C,truck,30606,61.2,0.9516,0,0.0
P0004821,51,M,C,sedan,20572,35.9,0.6878,0,0.0
P0004822,60,M,A,sedan,28694,41.9,0.6751,0,0.0
P0004823,75,M,A,truck,5712,57.0,0.6184,0,0.0
P0004824,79,F,C,truck,10184,62.6,0.5527,0,0.0
P0004825,49,F,A,suv,15959,29.4,0.7414,0,0.0
P0004826,44,F,B,sedan,28504,24.0,0.7491,0,0.0
P0004827,30,M,C,sedan,7808,10.0,0.5572,0,0.0
P0004828,51,F,A,truck,25489,31.0,0.8018,0,0.0
P0004829,75,F,A,suv,7176,58.0,0.6817,0,0.0
P0004830,48,F,C,truck,35436,33.7,0.7281,0,0.0
P0004831,39,M,B,sedan,11471,22.6,0.755,0,0.0
P0004832,24,F,C,truck,27066,7.2,0.6553,0,0.0
P0004833,42,M,B,sedan,24300,26.3,0.8425,0,0.0
P0004834,32,M,A,sedan,17096,15.8,0.7549,0,0.0
P0004835,79,M,C,truck,28660,64.3,0.7207,1,12418.37
P0004836,51,F,C,sedan,24221,32.6,0.7048,0,0.0
P0004837,26,F,C,suv,18962,5.7,0.5119,0,0.0
P0004838,22,F,B,suv,25518,0.2,0.8856,0,0.0
P0004839,71,M,B,truck,13896,53.5,0.9832,0,0.0
P0004840,76,M,A,sedan,28115,59.3,0.5655,0,0.0
P0004841,66,M,A,sedan,26722,49.1,0.6447,0,0.0
P0004842,25,F,C,suv,19527,5.3,0.9235,1,3650.75
P0004843,24,F,C,truck,25396,4.3,0.8543,0,0.0
P0004844,30,M,B,truck,30658,13.5,0.6562,0,0.0
P0004845,65,F,C,sedan,24904,45.6,0.8248,1,2827.61
P0004846,66,M,A,suv,13895,48.7,0.9586,0,0.0
P0004847,70,M,C,sedan,13578,54.5,0.6098,1,9676.62
P0004848,24,F,B,sedan,34863,7.3,0.8398,0,0.0
P0004849,27,F,B,sedan,30060,6.6,0.906,2,1461.7
P0004850,74,F,B,sedan,14623,55.6,0.5477,0,0.0
P0004851,76,F,B,sedan,27217,60.0,0.9673,0,0.0
P0004852,63,M,C,sedan,6163,44.1,0.9797,0,0.0
P0004853,24,F,A,sedan,26466,5.6,0.8665,0,0.0
P0004854,22,F,C,truck,11204,5.6,0.7578,0,0.0
P0004855,21,F,A,sedan,14650,5.5,0.802,1,4349.74
P0004856,61,F,A,truck,33750,46.2,0.8242,0,0.0
P0004857,71,M,B,truck,9310,57.3,0.5771,0,0.0
P0004858,57,M,C,sedan,29491,41.3,0.6474,0,0.0
P0004859,34,F,C,suv,17494,17.4,0.5504,0,0.0
P0004860,65,F,A,sedan,18620,45.5,0.6852,0,0.0
P0004861,21,F,A,sedan,19311,2.4,0.8726,0,0.0
P0004862,70,F,B,suv,33059,52.6,0.9428,0,0.0
P0004863,74,F,C,suv,20504,60.7,0.6856,0,0.0
P0004864,63,M,C,sedan,12645,45.4,0.8081,0,0.0
P0004865,73,F,C,truck,5225,59.3,0.7974,0,0.0
P0004866,54,F,B,suv,12240,35.3,0.7363,1,3693.47
P0004867,47,F,C,sedan,9913,28.2,0.8471,0,0.0
P0004868,38,M,A,sedan,8997,20.9,0.5754,0,0.0
P0004869,76,F,C,truck,35780,57.4,0.5374,0,0.0
P0004870,61,M,B,truck,18715,42.0,0.674,1,5474.1
P0004871,30,F,A,suv,35970,12.8,0.9847,0,0.0
P0004872,78,M,B,suv,20937,61.3,0.9766,0,0.0
P0004873,21,M,C,suv,11797,6.7,0.8165,0,0.0
P0004874,55,F,A,sedan,9499,38.7,0.7894,0,0.0
P0004875,30,F,A,truck,28553,15.0,0.8166,0,0.0
P0004876,59,F,B,suv,8552,44.0,0.7147,0,0.0
P0004877,43,M,C,suv,6609,27.5,0.6442,0,0.0
P0004878,45,M,B,suv,17104,31.9,0.5028,0,0.0
P0004879,60,F,A,suv,14777,41.0,0.5096,0,0.0
P0004880,65,F,B,sedan,12211,47.6,0.9861,0,0.0
P0004881,41,F,A,suv,20932,21.7,0.8723,0,0.0
P0004882,80,F,A,sedan,22802,61.4,0.8451,1,2125.89
P0004883,49,M,A,sedan,18455,31.0,0.9222,0,0.0
P0004884,28,F,B,sedan,21254,9.4,0.8035,1,1133.7
P0004885,18,F,A,sedan,25716,0.7,0.8338,0,0.0
P0004886,30,M,A,truck,10036,10.4,0.8951,0,0.0
P0004887,61,M,A,sedan,16457,45.0,0.5626,0,0.0
P0004888,51,M,B,sedan,5411,34.0,0.5938,0,0.0
P0004889,39,F,A,suv,35031,22.6,0.778,0,0.0
P0004890,48,M,A,truck,24988,27.0,0.5484,0,0.0
P0004891,70,M,B,suv,29888,54.3,0.8297,0,0.0
P0004892,54,F,C,truck,28959,34.4,0.9161,1,2876.16
P0004893,21,F,C,suv,5189,6.7,0.9188,0,0.0
P0004894,21,M,B,suv,20136,3.8,0.6617,0,0.0
P0004895,48,M,B,sedan,31964,31.4,0.6013,0,0.0
P0004896,43,M,C,sedan,22840,28.0,0.9794,0,0.0
P0004897,71,M,B,sedan,23533,55.3,0.9562,0,0.0
P0004898,54,M,B,suv,34813,36.0,0.6568,0,0.0
P0004899,65,M,A,suv,28235,48.7,0.9471,0,0.0
P0004900,54,M,A,suv,28798,38.9,0.9405,0,0.0
P0004901,39,F,A,suv,29762,20.2,0.669,0,0.0
P0004902,59,F,A,suv,15348,42.0,0.6816,0,0.0
P0004903,57,M,C,sedan,35173,39.3,0.9659,0,0.0
P0004904,63,F,A,sedan,31359,43.8,0.8709,0,0.0
P0004905,29,M,B,suv,6021,8.9,0.8088,0,0.0
P0004906,58,M,C,sedan,22003,45.6,0.9764,0,0.0
P0004907,35,M,B,truck,12671,18.2,0.9324,0,0.0
P0004908,67,M,A,sedan,21179,53.4,0.5374,0,0.0
P0004909,68,F,C,sedan,30059,45.5,0.7494,0,0.0
P0004910,57,M,A,suv,26448,39.7,0.9479,0,0.0
P0004911,77,F,A,sedan,29791,58.1,0.5556,0,0.0
P0004912,51,M,B,suv,18314,35.3,0.5361,1,4572.1
P0004913,19,M,A,sedan,7400,2.7,0.9295,0,0.0
P0004914,56,F,C,sedan,32303,36.8,0.8887,0,0.0
P0004915,66,F,A,suv,7451,48.0,0.5836,0,0.0
P0004916,24,F,C,sedan,10185,3.6,0.5905,1,874.9
P0004917,24,M,A,suv,27399,8.7,0.9163,0,0.0
P0004918,35,F,C,sedan,18079,18.4,0.6046,0,0.0
P0004919,71,F,A,suv,19769,53.0,0.572,0,0.0
P0004920,51,M,C,sedan,7010,32.7,0.9538,1,1607.18
P0004921,79,F,A,sedan,10298,61.2,0.9025,0,0.0
P0004922,72,M,C,suv,26867,57.6,0.7019,0,0.0
P0004923,52,M,C,suv,22553,36.9,0.813,0,0.0
P0004924,60,F,B,truck,13379,42.3,0.7152,0,0.0
P0004925,38,F,A,truck,17402,24.1,0.6372,0,0.0
P0004926,23,M,B,suv,18188,7.8,0.9934,0,0.0
P0004927,43,M,B,sedan,33611,25.9,0.7728,0,0.0
P0004928,55,F,B,suv,32477,39.6,0.8188,1,5334.26
P0004929,29,M,B,suv,19879,11.5,0.7041,0,0.0
P0004930,31,F,C,truck,10774,14.2,0.7504,0,0.0
P0004931,18,F,C,suv,22594,2.6,0.6439,0,0.0
P0004932,64,M,B,sedan,5069,48.5,0.7146,0,0.0
P0004933,74,F,A,truck,25056,54.4,0.8139,0,0.0
P0004934,70,F,A,suv,22921,52.2,0.9061,0,0.0
P0004935,41,M,B,sedan,32864,23.5,0.9012,0,0.0
P0004936,55,F,C,suv,18563,37.9,0.5057,0,0.0
P0004937,78,F,B,suv,22417,62.8,0.7674,0,0.0
P0004938,55,F,A,suv,6703,39.1,0.6867,0,0.0
P0004939,36,M,A,truck,30564,23.8,0.8035,0,0.0
P0004940,39,M,A,sedan,14183,23.3,0.9408,0,0.0
P0004941,63,M,C,sedan,28476,47.2,0.8875,0,0.0
P0004942,46,F,B,sedan,12412,27.9,0.6654,0,0.0
P0004943,70,M,A,truck,15773,54.2,0.8696,0,0.0
P0004944,72,M,A,sedan,13079,53.4,0.5507,0,0.0
P0004945,20,F,A,suv,32860,3.5,0.5641,1,7032.38
P0004946,63,F,B,suv,29479,45.7,0.6128,0,0.0
P0004947,41,M,B,truck,26826,24.1,0.6999,0,0.0
P0004948,50,F,A,sedan,14447,31.6,0.7553,0,0.0
P0004949,34,M,A,sedan,27741,14.6,0.6989,0,0.0
P0004950,41,M,C,truck,20178,26.0,0.8139,0,0.0
P0004951,38,F,C,suv,27164,17.5,0.5621,0,0.0
P0004952,21,M,B,sedan,13231,5.7,0.7607,0,0.0
P0004953,67,M,B,sedan,21720,50.4,0.6362,0,0.0
P0004954,27,F,C,truck,34466,11.1,0.6823,0,0.0
P0004955,41,M,B,truck,7431,21.0,0.7544,0,0.0
P0004956,30,F,C,suv,29000,15.1,0.5663,0,0.0
P0004957,28,M,A,sedan,26637,9.6,0.6941,0,0.0
P0004958,41,F,A,suv,18121,28.4,0.8804,0,0.0
P0004959,75,F,A,sedan,33206,56.4,0.6388,0,0.0
P0004960,77,F,C,truck,27536,60.4,0.8823,0,0.0
P0004961,42,F,B,sedan,21352,25.7,0.6155,0,0.0
P0004962,49,F,A,sedan,14759,33.4,0.8771,0,0.0
P0004963,80,F,C,sedan,26281,63.1,0.5972,0,0.0
P0004964,32,M,C,sedan,7549,15.7,0.9756,0,0.0
P0004965,77,F,A,sedan,12970,63.0,0.5769,0,0.0
P0004966,24,F,B,suv,18346,8.6,0.9999,0,0.0
P0004967,32,F,B,sedan,11957,13.4,0.6145,0,0.0
P0004968,39,M,A,suv,22502,22.8,0.8551,0,0.0
P0004969,20,F,B,sedan,32025,4.6,0.6526,0,0.0
P0004970,69,M,A,sedan,15829,51.9,0.5411,0,0.0
P0004971,71,M,C,suv,17620,53.0,0.5124,0,0.0
P0004972,42,F,C,suv,17447,23.7,0.5736,0,0.0
P0004973,70,M,C,sedan,27466,52.3,0.704,0,0.0
P0004974,66,F,C,truck,27147,46.6,0.7901,0,0.0
P0004975,68,M,A,sedan,12265,50.9,0.7393,0,0.0
P0004976,68,F,A,sedan,32758,51.5,0.8152,0,0.0
P0004977,54,M,B,sedan,25072,35.3,0.5479,0,0.0
P0004978,24,M,A,suv,32717,8.4,0.8382,0,0.0
P0004979,76,F,B,sedan,32136,59.8,0.8926,0,0.0
P0004980,56,F,A,sedan,22846,42.2,0.6153,0,0.0
P0004981,74,F,A,sedan,26815,53.4,0.896,0,0.0
P0004982,78,F,B,sedan,24514,56.8,0.625,0,0.0
P0004983,29,M,B,sedan,23891,12.4,0.722,0,0.0
P0004984,43,M,B,suv,21517,24.5,0.9029,0,0.0
P0004985,30,M,B,suv,12165,11.6,0.8436,0,0.0
P0004986,21,M,B,sedan,16508,3.6,0.7519,0,0.0
P0004987,78,M,C,sedan,26865,58.6,0.6848,0,0.0
P0004988,76,M,B,sedan,27882,61.5,0.7818,0,0.0
P0004989,76,F,B,truck,19492,59.4,0.7599,0,0.0
P0004990,73,F,B,suv,8448,60.2,0.9857,0,0.0
P0004991,58,F,B,sedan,9158,43.0,0.9131,0,0.0
P0004992,50,F,A,truck,32714,36.3,0.5582,1,2353.41
P0004993,80,F,B,sedan,8905,66.7,0.7062,0,0.0
P0004994,52,F,A,sedan,13795,36.0,0.7937,0,0.0
P0004995,58,F,C,truck,6945,40.3,0.8527,0,0.0
P0004996,31,F,C,suv,11783,15.3,0.5887,0,0.0
P0004997,65,F,B,suv,31022,49.1,0.9154,0,0.0
P0004998,69,F,C,suv,13493,53.5,0.815,0,0.0
P0004999,60,F,B,truck,30888,42.7,0.5337,0,0.0
P0005000,49,F,A,sedan,30163,33.2,0.5295,0,0.0
P0005001,30,M,B,sedan,26702,15.0,0.8431,0,0.0
P0005002,20,M,C,sedan,13335,1.1,0.8778,0,0.0
P0005003,57,F,A,truck,35913,41.7,0.6552,0,0.0
P0005004,61,F,A,sedan,23895,46.5,0.581,0,0.0
P0005005,66,F,B,sedan,28866,47.5,0.6099,0,0.0
P0005006,77,F,B,sedan,15637,63.4,0.6961,0,0.0
P0005007,49,F,B,sedan,25556,29.5,0.8159,0,0.0
P0005008,70,M,B,suv,25348,55.1,0.5939,0,0.0
P0005009,63,F,C,sedan,23512,45.8,0.8957,1,1621.49
P0005010,35,F,A,truck,23340,20.0,0.6244,0,0.0
P0005011,71,M,B,suv,26793,54.0,0.9048,0,0.0
P0005012,21,F,C,sedan,35930,5.0,0.962,1,752.56
P0005013,55,F,A,truck,31944,40.0,0.5821,0,0.0
P0005014,77,F,B,sedan,14639,63.2,0.9589,0,0.0
P0005015,59,M,A,suv,32557,43.1,0.8527,0,0.0
P0005016,77,F,A,suv,15844,59.0,0.9436,0,0.0
P0005017,21,M,B,sedan,12712,2.7,0.6734,0,0.0
P0005018,51,M,A,sedan,11161,35.4,0.9318,0,0.0
P0005019,67,F,B,suv,26810,51.4,0.7384,0,0.0
P0005020,58,M,B,suv,19381,41.3,0.5948,0,0.0
P0005021,73,F,C,suv,30667,56.0,0.9983,0,0.0
P0005022,47,F,C,sedan,30958,30.0,0.974,0,0.0
P0005023,61,F,A,sedan,21684,44.9,0.5624,0,0.0
P0005024,44,M,A,truck,11540,27.7,0.7281,0,0.0
P0005025,72,F,C,sedan,8468,55.6,0.9931,0,0.0
P0005026,25,F,A,truck,34803,12.8,0.7742,0,0.0
P0005027,34,M,A,suv,14522,17.8,0.7485,0,0.0
P0005028,24,F,A,suv,5407,5.4,0.5977,0,0.0
P0005029,62,M,B,sedan,17303,42.2,0.7098,0,0.0
P0005030,32,M,A,truck,29959,12.6,0.7491,0,0.0
P0005031,37,M,A,truck,7833,19.8,0.857,0,0.0
P0005032,70,M,B,suv,26440,55.4,0.725,0,0.0
P0005033,40,M,C,suv,17891,24.1,0.8175,0,0.0
P0005034,27,F,A,sedan,33062,11.5,0.5508,0,0.0
P0005035,19,M,B,sedan,18911,4.8,0.8819,0,0.0
P0005036,32,M,B,truck,21176,16.9,0.5016,0,0.0
P0005037,75,M,B,sedan,19160,59.5,0.8211,0,0.0
P0005038,52,M,A,sedan,26109,37.8,0.9132,0,0.0
P0005039,80,M,A,sedan,7197,61.1,0.8834,1,4047.21
P0005040,31,M,A,suv,6532,12.8,0.5737,1,4405.15
P0005041,40,F,C,suv,23048,23.1,0.9221,0,0.0
P0005042,28,F,A,suv,17225,10.2,0.5396,0,0.0
P0005043,43,M,C,sedan,10185,25.4,0.5332,0,0.0
P0005044,53,M,A,sedan,28891,37.5,0.9113,0,0.0
P0005045,68,F,A,sedan,28231,47.4,0.5913,0,0.0
P0005046,41,F,B,truck,8378,25.5,0.7235,0,0.0
P0005047,66,M,C,sedan,10708,52.3,0.9683,0,0.0
P0005048,57,F,A,truck,29254,39.7,0.6045,0,0.0
P0005049,36,M,A,sedan,19821,17.9,0.8903,0,0.0
P0005050,75,M,B,truck,14556,58.6,0.7922,2,15079.95
P0005051,45,F,A,suv,21407,25.5,0.7028,0,0.0
P0005052,27,F,B,truck,15942,9.6,0.7296,0,0.0
P0005053,78,M,C,suv,7902,62.6,0.7052,0,0.0
P0005054,75,F,A,suv,25068,59.2,0.9137,1,1372.87
P0005055,21,M,C,suv,26586,3.7,0.907,1,2392.74
P0005056,74,F,A,sedan,7423,56.8,0.6867,0,0.0
P0005057,77,F,C,truck,12728,57.6,0.8486,1,1580.87
P0005058,70,F,C,suv,24363,51.3,0.7659,1,13210.83
P0005059,34,M,B,sedan,28473,20.1,0.8741,0,0.0
P0005060,57,M,C,sedan,33325,40.3,0.525,0,0.0
P0005061,51,M,C,suv,23719,36.5,0.668,1,2063.89
P0005062,57,F,A,truck,7906,37.1,0.6679,0,0.0
P0005063,56,M,A,suv,15934,40.9,0.7984,0,0.0
P0005064,58,F,A,sedan,12842,40.6,0.6038,0,0.0
P0005065,50,M,B,suv,35615,34.4,0.7658,0,0.0
P0005066,61,M,B,sedan,5424,48.0,0.9899,0,0.0
P0005067,51,F,B,sedan,16643,36.5,0.5218,0,0.0
P0005068,19,M,B,truck,21057,2.5,0.7517,0,0.0
P0005069,20,F,B,sedan,14277,1.9,0.5691,0,0.0
P0005070,78,F,A,sedan,27659,59.9,0.7912,0,0.0
P0005071,75,M,A,sedan,9069,60.7,0.6204,0,0.0
P0005072,54,M,C,sedan,33718,36.4,0.9513,0,0.0
P0005073,28,F,A,sedan,17407,9.1,0.659,0,0.0
P0005074,67,M,A,sedan,16408,49.0,0.9792,0,0.0
P0005075,27,F,A,sedan,33622,10.7,0.5021,0,0.0
P0005076,41,M,C,truck,9611,23.9,0.9161,0,0.0
P0005077,38,M,A,sedan,19540,20.7,0.6308,0,0.0
P0005078,18,F,B,truck,5901,0.0,0.6008,0,0.0
P0005079,68,M,A,suv,20858,47.6,0.9421,0,0.0
P0005080,50,M,A,sedan,15075,31.7,0.6522,0,0.0
P0005081,37,F,B,sedan,27949,19.9,0.7919,0,0.0
P0005082,49,F,B,sedan,20879,32.1,0.8684,0,0.0
P0005083,18,F,B,suv,24382,0.9,0.7096,0,0.0
P0005084,45,M,A,suv,32923,27.6,0.5507,0,0.0
P0005085,50,M,C,sedan,34463,34.0,0.9612,0,0.0
P0005086,39,M,B,sedan,11709,18.1,0.8238,0,0.0
P0005087,70,M,C,sedan,20563,54.6,0.9462,0,0.0
P0005088,33,M,A,suv,29220,13.4,0.8839,0,0.0
P0005089,26,F,B,sedan,8948,13.4,0.887,0,0.0
P0005090,51,F,A,suv,19908,34.6,0.7949,0,0.0
P0005091,73,M,C,suv,22271,56.7,0.5031,0,0.0
P0005092,41,F,B,suv,31893,23.5,0.9413,0,0.0
P0005093,20,F,B,sedan,7736,3.7,0.9155,0,0.0
P0005094,79,M,A,sedan,31755,59.2,0.8635,0,0.0
P0005095,45,M,A,sedan,12373,28.5,0.9391,0,0.0
P0005096,28,M,A,truck,31588,13.1,0.5921,0,0.0
P0005097,56,F,C,sedan,25296,40.9,0.6409,1,2637.55
P0005098,38,M,A,sedan,17441,21.9,0.5786,0,0.0
P0005099,77,F,A,sedan,9149,58.6,0.8233,0,0.0
P0005100,36,F,A,suv,15732,17.2,0.7192,0,0.0
P0005101,52,M,A,suv,27939,37.4,0.5513,0,0.0
P0005102,52,M,C,suv,11425,36.6,0.7878,0,0.0
P0005103,33,M,A,suv,25759,18.1,0.6695,0,0.0
P0005104,49,M,C,truck,12081,32.6,0.7453,0,0.0
P0005105,24,M,B,truck,7517,5.1,0.6307,0,0.0
P0005106,58,F,B,sedan,24103,40.7,0.5806,0,0.0
P0005107,65,F,B,sedan,30187,46.9,0.7254,0,0.0
P0005108,77,M,B,truck,34820,58.5,0.6131,0,0.0
P0005109,38,M,B,suv,20558,22.2,0.7025,0,0.0
P0005110,35,F,A,truck,23784,20.6,0.6911,0,0.0
P0005111,52,F,C,sedan,26122,36.2,0.9702,0,0.0
P0005112,61,F,A,truck,17781,42.4,0.5934,0,0.0
P0005113,80,F,A,sedan,6126,61.8,0.6432,0,0.0
P0005114,19,M,B,suv,12515,1.8,0.8959,0,0.0
P0005115,33,F,B,sedan,16754,14.1,0.6479,0,0.0
P0005116,34,F,A,sedan,25211,16.7,0.7401,0,0.0
P0005117,34,M,A,sedan,14452,17.7,0.881,0,0.0
P0005118,47,M,A,sedan,11539,33.1,0.5022,0,0.0
P0005119,72,F,B,sedan,33061,52.5,0.9783,0,0.0
P0005120,19,F,A,truck,7894,2.2,0.7314,0,0.0
P0005121,69,F,C,truck,29434,52.9,0.8797,0,0.0
P0005122,56,F,A,truck,7899,39.2,0.9604,0,0.0
P0005123,56,F,C,truck,14935,36.0,0.9384,0,0.0
P0005124,60,F,B,truck,31364,41.0,0.6102,0,0.0
P0005125,25,F,C,truck,31095,8.7,0.7776,0,0.0
P0005126,65,F,C,sedan,16849,47.1,0.7053,0,0.0
P0005127,33,F,A,sedan,5545,13.5,0.7662,0,0.0
P0005128,50,M,B,truck,34150,32.3,0.8898,0,0.0
P0005129,60,F,A,sedan,32545,42.8,0.6772,0,0.0
P0005130,56,F,A,suv,20398,43.2,0.7386,0,0.0
P0005131,38,M,A,suv,5885,18.5,0.804,0,0.0
P0005132,42,F,B,sedan,26436,27.1,0.6353,0,0.0
P0005133,48,F,C,sedan,29274,34.7,0.8033,0,0.0
P0005134,20,M,A,suv,30635,6.6,0.5745,0,0.0
P0005135,63,M,B,suv,27658,47.7,0.8108,1,7905.13
P0005136,24,F,A,sedan,32109,6.0,0.5716,0,0.0
P0005137,46,M,A,suv,20821,26.7,0.8878,1,1681.05
P0005138,59,M,A,sedan,10039,41.3,0.597,0,0.0
P0005139,23,F,B,sedan,26371,2.5,0.8231,0,0.0
P0005140,80,F,B,suv,11716,63.8,0.7906,1,13207.15
P0005141,41,F,A,sedan,24526,24.5,0.7127,0,0.0
P0005142,18,M,A,truck,9652,4.7,0.8227,0,0.0
P0005143,59,F,B,sedan,6217,43.2,0.9233,0,0.0
P0005144,53,F,C,truck,18812,40.1,0.5601,0,0.0
P0005145,58,F,A,truck,23352,43.7,0.8382,0,0.0
P0005146,65,M,B,truck,9806,46.7,0.7051,1,47.72
P0005147,47,F,B,suv,29330,33.4,0.837,0,0.0
P0005148,70,F,B,suv,25176,56.2,0.9375,1,2090.71
P0005149,41,F,A,suv,29813,27.5,0.8264,0,0.0
P0005150,52,M,C,suv,16247,33.4,0.5799,0,0.0
P0005151,27,F,B,sedan,25435,6.7,0.7081,0,0.0
P0005152,57,M,A,sedan,34886,40.1,0.7747,0,0.0
P0005153,34,F,C,sedan,10649,15.1,0.5634,0,0.0
P0005154,61,F,C,suv,30314,46.3,0.8218,0,0.0
P0005155,68,F,B,sedan,24499,48.5,0.8566,0,0.0
P0005156,72,F,C,suv,27452,56.4,0.8813,0,0.0
P0005157,76,F,A,sedan,24398,57.7,0.56,1,5531.5
P0005158,25,M,C,sedan,26350,8.1,0.8526,1,3755.55
P0005159,26,F,A,suv,29171,12.8,0.6831,0,0.0
P0005160,76,M,C,truck,6227,60.8,0.6056,0,0.0
P0005161,41,F,A,sedan,5985,23.7,0.7622,0,0.0
P0005162,19,M,A,truck,7594,5.7,0.7864,0,0.0
P0005163,36,F,B,sedan,33816,18.4,0.7284,0,0.0
P0005164,70,M,C,sedan,18395,55.8,0.9204,0,0.0
P0005165,40,F,B,sedan,35729,21.9,0.5779,0,0.0
P0005166,22,M,C,sedan,33355,7.7,0.7036,0,0.0
P0005167,63,M,A,sedan,15694,45.1,0.6335,0,0.0
P0005168,30,M,A,sedan,7914,11.4,0.5244,0,0.0
P0005169,40,M,B,suv,31130,23.3,0.6695,1,1342.02
P0005170,18,F,A,suv,18024,1.2,0.859,0,0.0
P0005171,55,F,B,sedan,14233,35.0,0.7616,0,0.0
P0005172,46,F,C,truck,29611,30.6,0.7094,0,0.0
P0005173,72,M,B,suv,19942,56.1,0.7374,0,0.0
P0005174,39,F,B,sedan,14913,20.7,0.6563,0,0.0
P0005175,30,F,B,sedan,17290,12.2,0.5611,1,618.44
P0005176,28,M,C,sedan,33810,11.5,0.7952,0,0.0
P0005177,30,F,B,truck,14375,15.4,0.9077,0,0.0
P0005178,46,M,C,sedan,33975,27.1,0.8945,0,0.0
P0005179,23,F,A,sedan,23265,8.5,0.6167,0,0.0
P0005180,43,M,B,sedan,6766,21.4,0.7171,0,0.0
P0005181,71,M,A,sedan,8499,56.4,0.7761,0,0.0
P0005182,66,M,B,sedan,24108,51.2,0.9012,0,0.0
P0005183,58,F,C,suv,9242,40.3,0.5983,0,0.0
P0005184,74,F,C,truck,9512,55.9,0.5661,1,7602.59
P0005185,67,F,A,sedan,19349,51.9,0.9658,0,0.0
P0005186,59,F,C,sedan,18671,38.6,0.5729,0,0.0
P0005187,72,M,A,sedan,34181,54.3,0.9946,1,2931.17
P0005188,25,F,B,sedan,32831,8.5,0.7995,0,0.0
P0005189,69,F,B,suv,33827,51.2,0.7495,0,0.0
P0005190,36,F,B,truck,7274,16.6,0.5945,1,193.32
P0005191,64,M,A,suv,29913,43.8,0.9303,0,0.0
P0005192,75,F,B,sedan,34058,57.6,0.5861,1,1381.67
P0005193,49,F,B,truck,23965,34.5,0.7006,0,0.0
P0005194,23,F,B,truck,35828,8.5,0.524,0,0.0
P0005195,41,F,B,sedan,29889,26.8,0.5113,0,0.0
P0005196,43,M,B,truck,25777,27.3,0.8648,0,0.0
P0005197,77,F,B,suv,17577,59.9,0.6039,0,0.0
P0005198,77,M,A,suv,16044,59.6,0.8004,0,0.0
P0005199,53,M,B,sedan,17245,33.7,0.8617,0,0.0
P0005200,77,M,B,sedan,12781,64.1,0.7459,0,0.0
P0005201,45,M,A,suv,22935,28.0,0.8282,0,0.0
P0005202,43,M,A,sedan,18410,25.1,0.6206,0,0.0
P0005203,70,F,C,truck,14218,58.6,0.9089,0,0.0
P0005204,60,F,C,sedan,10574,42.1,0.6031,0,0.0
P0005205,50,M,B,sedan,20997,27.5,0.7953,0,0.0
P0005206,46,M,C,suv,5621,27.5,0.9179,0,0.0
P0005207,62,F,C,suv,16579,44.4,0.8966,0,0.0
P0005208,65,F,B,sedan,6944,48.5,0.5256,0,0.0
P0005209,48,F,A,suv,15403,30.5,0.6836,0,0.0
P0005210,19,F,B,suv,25570,0.0,0.9263,0,0.0
P0005211,24,F,C,suv,24768,7.7,0.9255,0,0.0
P0005212,27,F,B,sedan,5643,7.6,0.8182,0,0.0
P0005213,47,F,A,suv,26950,29.1,0.5543,0,0.0
P0005214,56,M,C,suv,14345,35.7,0.7021,0,0.0
P0005215,68,M,C,suv,19751,48.8,0.9806,1,7663.76
P0005216,32,M,B,suv,25968,14.6,0.5533,0,0.0
P0005217,67,M,C,sedan,6126,49.7,0.9007,0,0.0
P0005218,59,F,B,sedan,10418,42.6,0.7089,0,0.0
P0005219,21,F,C,sedan,10124,2.0,0.8724,0,0.0
P0005220,40,M,C,sedan,15300,24.2,0.5272,0,0.0
P0005221,37,M,A,suv,5492,19.8,0.5052,0,0.0
P0005222,73,M,C,suv,5974,56.4,0.6503,0,0.0
P0005223,76,M,A,truck,20882,61.7,0.9351,1,5316.45
P0005224,69,M,C,suv,8485,51.6,0.8399,0,0.0
P0005225,51,M,C,suv,18500,37.1,0.8059,0,0.0
P0005226,49,M,C,suv,12003,32.9,0.9988,1,2152.85
P0005227,37,M,C,sedan,35855,18.7,0.6736,0,0.0
P0005228,66,F,C,suv,8911,48.7,0.9251,0,0.0
P0005229,23,F,A,sedan,19884,5.7,0.5548,0,0.0
P0005230,35,F,B,sedan,19633,19.7,0.5854,0,0.0
P0005231,26,M,A,truck,27897,6.9,0.739,0,0.0
P0005232,49,M,C,suv,8935,33.8,0.9797,1,1045.46
P0005233,36,F,B,sedan,34897,17.6,0.8517,0,0.0
P0005234,30,F,B,suv,14460,10.4,0.5563,0,0.0
P0005235,41,M,A,truck,6082,27.1,0.9775,0,0.0
P0005236,72,F,B,sedan,27430,55.8,0.8829,1,5592.8
P0005237,53,M,B,truck,21812,37.0,0.8683,0,0.0
P0005238,69,F,C,truck,25269,51.5,0.7757,1,10664.68
P0005239,75,F,C,suv,33255,59.9,0.6968,1,7123.4
P0005240,74,F,B,sedan,16872,59.3,0.5549,0,0.0
P0005241,40,F,C,sedan,33145,23.1,0.8099,0,0.0
P0005242,73,F,A,sedan,33863,57.1,0.5638,0,0.0
P0005243,75,F,A,sedan,21977,58.3,0.795,0,0.0
P0005244,78,F,B,suv,29403,59.2,0.7698,0,0.0
P0005245,40,F,B,truck,6046,26.2,0.7983,0,0.0
P0005246,32,M,A,sedan,23822,15.2,0.9134,0,0.0
P0005247,54,F,A,sedan,7493,38.2,0.7056,0,0.0
P0005248,76,F,B,suv,18540,59.0,0.7183,0,0.0
P0005249,74,F,A,sedan,28245,58.2,0.53,0,0.0
P0005250,53,M,B,suv,6861,38.4,0.6439,1,1291.03
P0005251,27,M,B,truck,17600,9.2,0.5405,0,0.0
P0005252,44,M,C,sedan,17798,21.5,0.5709,3,14552.28
P0005253,62,M,A,sedan,12382,45.2,0.7134,0,0.0
P0005254,53,F,A,suv,21903,37.5,0.7036,0,0.0
P0005255,39,M,A,sedan,30053,23.5,0.9679,0,0.0
P0005256,39,F,A,truck,35721,20.1,0.5597,0,0.0
P0005257,21,M,C,truck,33091,5.8,0.5747,0,0.0
P0005258,36,F,B,sedan,34499,16.4,0.8754,0,0.0
P0005259,60,F,A,suv,11311,46.3,0.5112,0,0.0
P0005260,33,M,C,suv,8478,15.6,0.8255,0,0.0
P0005261,80,M,C,sedan,10666,61.7,0.8738,0,0.0
P0005262,23,M,A,sedan,35357,4.5,0.8145,0,0.0
P0005263,55,F,A,truck,11773,36.6,0.6439,0,0.0
P0005264,49,F,C,sedan,28393,31.5,0.5518,0,0.0
P0005265,70,F,B,suv,17575,50.7,0.9971,0,0.0
P0005266,73,F,C,sedan,26140,58.0,0.9297,0,0.0
P0005267,52,F,A,sedan,28342,36.3,0.8653,0,0.0
P0005268,57,F,C,truck,33010,40.8,0.5935,0,0.0
P0005269,62,M,A,suv,7692,42.0,0.7155,1,11259.68
P0005270,50,F,A,suv,15076,32.1,0.8549,0,0.0
P0005271,29,M,C,sedan,8664,10.6,0.5507,0,0.0
P0005272,45,M,B,truck,17378,28.4,0.9787,0,0.0
P0005273,33,M,A,sedan,16312,14.4,0.9776,0,0.0
P0005274,47,F,A,suv,31999,33.1,0.5752,0,0.0
P0005275,56,F,C,sedan,26808,39.8,0.5985,0,0.0
P0005276,31,F,A,suv,8223,14.4,0.682,0,0.0
P0005277,33,M,A,suv,18813,16.9,0.7253,0,0.0
P0005278,69,F,A,sedan,26983,52.6,0.7204,0,0.0
P0005279,41,F,A,suv,27969,22.9,0.8441,0,0.0
P0005280,30,M,C,sedan,30104,12.5,0.7351,0,0.0
P0005281,62,M,A,suv,11963,42.6,0.5921,0,0.0
P0005282,63,M,B,suv,32436,50.2,0.6305,0,0.0
P0005283,70,F,B,truck,33009,50.0,0.7056,0,0.0
P0005284,65,M,A,sedan,11794,49.3,0.7596,0,0.0
P0005285,80,F,B,sedan,25465,60.4,0.9615,1,2730.74
P0005286,54,F,A,sedan,26056,37.8,0.5481,0,0.0
P0005287,36,M,C,sedan,32261,18.3,0.9022,1,2221.62
P0005288,72,M,C,suv,7657,57.2,0.6554,0,0.0
P0005289,34,F,C,sedan,12205,19.4,0.8635,0,0.0
P0005290,36,F,A,sedan,31689,17.8,0.6291,0,0.0
P0005291,70,F,C,sedan,6110,58.3,0.6926,0,0.0
P0005292,73,M,B,suv,19935,58.4,0.7216,0,0.0
P0005293,39,M,A,suv,14099,20.5,0.8754,0,0.0
P0005294,63,F,A,sedan,24349,46.8,0.5831,0,0.0
P0005295,76,F,A,truck,19668,60.8,0.6733,0,0.0
P0005296,68,M,A,sedan,31392,48.0,0.7643,0,0.0
P0005297,18,M,A,suv,7398,0.0,0.8288,0,0.0
P0005298,59,F,C,sedan,20686,42.0,0.538,0,0.0
P0005299,28,M,C,truck,21075,8.5,0.5474,0,0.0
P0005300,71,M,A,sedan,20768,51.0,0.8592,0,0.0
P0005301,22,F,C,truck,7398,5.0,0.6831,1,692.13
P0005302,80,M,B,suv,19404,64.0,0.5828,1,1790.12
P0005303,29,M,B,suv,32301,11.8,0.6316,0,0.0
P0005304,44,M,C,suv,23621,29.9,0.7991,1,939.05
P0005305,32,M,B,sedan,8379,13.9,0.9766,0,0.0
P0005306,69,M,B,sedan,27237,52.7,0.866,0,0.0
P0005307,42,F,A,truck,33786,24.9,0.8985,1,975.04
P0005308,64,F,A,suv,29960,46.9,0.8042,0,0.0
P0005309,22,M,C,sedan,7901,6.7,0.6856,0,0.0
P0005310,46,F,A,sedan,5923,29.1,0.9811,0,0.0
P0005311,75,F,A,sedan,10464,60.7,0.5406,0,0.0
P0005312,76,F,A,suv,15790,60.0,0.9043,0,0.0
P0005313,31,M,B,suv,33681,16.2,0.6291,0,0.0
P0005314,42,M,A,suv,18408,26.8,0.8039,0,0.0
P0005315,43,M,C,sedan,35075,30.5,0.9912,0,0.0
P0005316,53,M,B,truck,8059,36.9,0.9211,2,15735.43
P0005317,51,F,C,sedan,28607,33.0,0.9251,0,0.0
P0005318,24,F,B,sedan,28300,6.6,0.9115,0,0.0
P0005319,66,M,B,truck,34742,46.8,0.7269,0,0.0
P0005320,32,F,A,suv,21209,16.9,0.6965,0,0.0
P0005321,37,M,A,suv,23772,21.0,0.7593,0,0.0
P0005322,70,M,C,truck,5058,51.2,0.6426,1,5521.95
P0005323,61,F,C,sedan,32327,44.2,0.7391,0,0.0
P0005324,42,M,B,sedan,24572,24.6,0.5634,0,0.0
P0005325,75,F,C,sedan,26727,53.8,0.9463,0,0.0
P0005326,42,F,C,sedan,15509,25.5,0.8678,0,0.0
P0005327,53,F,A,suv,7405,37.0,0.531,0,0.0
P0005328,33,F,B,suv,27532,18.0,0.83,0,0.0
P0005329,29,F,C,sedan,27716,12.6,0.8793,1,364.17
P0005330,48,M,C,suv,10570,29.0,0.9308,1,2895.9
P0005331,53,F,A,sedan,30563,34.9,0.6646,0,0.0
P0005332,68,M,A,sedan,5037,48.1,0.8154,0,0.0
P0005333,42,M,B,sedan,25240,24.3,0.638,0,0.0
P0005334,74,F,A,suv,7691,61.5,0.9244,0,0.0
P0005335,56,F,A,sedan,28309,37.7,0.9376,0,0.0
P0005336,22,M,B,truck,18652,4.8,0.5383,0,0.0
P0005337,64,M,B,truck,15148,47.0,0.6425,1,2966.82
P0005338,54,M,A,suv,28188,34.6,0.5514,0,0.0
P0005339,42,F,B,suv,29904,25.5,0.6994,0,0.0
P0005340,47,M,A,suv,23721,28.8,0.5026,0,0.0
P0005341,37,M,A,truck,27733,22.2,0.8914,0,0.0
P0005342,56,M,C,suv,5463,42.0,0.7157,0,0.0
P0005343,53,F,C,sedan,30467,37.2,0.7671,0,0.0
P0005344,46,M,A,sedan,23339,29.6,0.8713,0,0.0
P0005345,35,F,C,truck,9870,16.9,0.8562,0,0.0
P0005346,43,M,C,sedan,19947,28.2,0.6573,0,0.0
P0005347,49,M,B,suv,24437,29.0,0.8914,0,0.0
P0005348,47,M,C,truck,29692,31.9,0.8204,1,6126.92
P0005349,37,F,A,sedan,21059,20.2,0.6091,0,0.0
P0005350,54,M,A,sedan,12956,37.0,0.5146,0,0.0
P0005351,32,F,C,sedan,12884,14.4,0.8781,0,0.0
P0005352,49,F,B,sedan,27286,31.1,0.5828,0,0.0
P0005353,25,M,A,suv,31732,3.5,0.5563,0,0.0
P0005354,47,M,A,sedan,24585,31.2,0.7102,0,0.0
P0005355,67,F,A,sedan,29770,49.4,0.9609,0,0.0
P0005356,69,M,A,suv,24312,52.2,0.8591,1,1166.46
P0005357,61,F,A,sedan,20229,42.0,0.899,0,0.0
P0005358,64,M,C,sedan,17572,46.1,0.6349,0,0.0
P0005359,22,M,A,sedan,20165,4.6,0.9175,2,4479.71
P0005360,39,M,C,truck,5398,25.0,0.7077,0,0.0
P0005361,59,M,A,sedan,22935,42.9,0.9897,0,0.0
P0005362,68,M,A,sedan,10816,53.0,0.7849,0,0.0
P0005363,54,F,C,sedan,32905,37.9,0.8031,0,0.0
P0005364,71,M,A,suv,31171,55.7,0.9576,0,0.0
P0005365,35,F,A,suv,20316,19.0,0.9742,0,0.0
P0005366,27,F,C,sedan,24122,10.8,0.5088,0,0.0
P0005367,23,M,A,suv,6167,6.8,0.6162,0,0.0
P0005368,54,F,A,suv,22922,37.6,0.8071,0,0.0
P0005369,59,F,C,truck,31354,43.9,0.5018,2,20255.32
P0005370,35,M,B,suv,21296,17.9,0.6588,0,0.0
P0005371,67,F,B,suv,31681,51.8,0.5982,0,0.0
P0005372,64,F,A,sedan,7384,48.2,0.7617,0,0.0
P0005373,40,F,A,sedan,35217,23.1,0.7987,0,0.0
P0005374,33,F,B,truck,15777,21.2,0.5945,0,0.0
P0005375,64,M,B,sedan,5842,42.0,0.7682,0,0.0
P0005376,60,M,A,sedan,24193,42.0,0.6984,0,0.0
P0005377,28,M,C,suv,24049,10.4,0.9955,0,0.0
P0005378,34,F,C,truck,8892,18.0,0.5326,0,0.0
P0005379,48,M,B,sedan,15755,30.8,0.9203,0,0.0
P0005380,50,F,B,truck,33550,35.4,0.9997,1,4342.12
P0005381,28,M,B,sedan,10862,10.0,0.7708,0,0.0
P0005382,77,M,B,truck,7252,63.4,0.8403,0,0.0
P0005383,42,F,A,truck,30471,27.5,0.564,0,0.0
P0005384,42,M,C,suv,26073,26.4,0.6754,0,0.0
P0005385,21,M,B,truck,20467,1.0,0.5907,0,0.0
P0005386,73,F,C,truck,14338,58.2,0.7917,0,0.0
P0005387,32,M,C,truck,32008,14.3,0.971,0,0.0
P0005388,80,M,A,suv,31773,67.1,0.5148,0,0.0
P0005389,49,F,A,sedan,5025,32.0,0.7472,0,0.0
P0005390,73,F,B,sedan,30631,52.5,0.8618,0,0.0
P0005391,29,M,B,sedan,19660,11.0,0.7153,1,2635.59
P0005392,28,M,C,suv,15329,15.1,0.7694,1,1489.85
P0005393,68,M,A,sedan,15799,50.9,0.7265,0,0.0
P0005394,69,M,B,truck,19325,52.9,0.7987,0,0.0
P0005395,52,M,C,sedan,22786,32.5,0.5343,0,0.0
P0005396,20,F,C,sedan,34732,3.2,0.7734,0,0.0
P0005397,77,F,A,sedan,5776,62.9,0.7559,0,0.0
P0005398,42,F,C,sedan,23844,25.3,0.5909,0,0.0
P0005399,76,M,A,sedan,7037,60.4,0.7674,0,0.0
P0005400,72,M,B,suv,5186,59.3,0.7316,0,0.0
P0005401,71,M,A,sedan,14395,54.3,0.7966,0,0.0
P0005402,61,F,B,truck,29094,44.0,0.7819,0,0.0
P0005403,60,F,A,sedan,15714,42.2,0.7023,0,0.0
P0005404,51,M,A,suv,16200,32.0,0.8906,0,0.0
P0005405,19,F,A,suv,32977,2.6,0.6787,1,2466.62
P0005406,42,F,C,sedan,13551,28.0,0.7373,0,0.0
P0005407,64,M,B,sedan,28802,48.7,0.7132,0,0.0
P0005408,69,M,B,truck,30796,52.0,0.7429,0,0.0
P0005409,53,M,B,suv,25082,33.6,0.9001,0,0.0
P0005410,62,F,A,sedan,34993,45.0,0.8548,0,0.0
P0005411,19,F,A,suv,35495,2.3,0.5211,0,0.0
P0005412,47,F,A,sedan,6923,30.5,0.7473,0,0.0
P0005413,49,F,B,sedan,10275,32.0,0.5624,0,0.0
P0005414,74,F,C,sedan,17101,53.2,0.8647,0,0.0
P0005415,37,F,A,suv,25648,20.2,0.9933,0,0.0
P0005416,32,M,B,sedan,13671,15.5,0.8094,0,0.0
P0005417,40,F,C,suv,24757,22.9,0.6899,0,0.0
P0005418,28,F,C,sedan,32830,12.4,0.5362,0,0.0
P0005419,53,F,A,sedan,5192,39.1,0.6663,0,0.0
P0005420,58,M,C,sedan,31898,44.5,0.7626,1,2003.06
P0005421,68,F,B,sedan,20069,52.5,0.9404,0,0.0
P0005422,79,F,B,truck,32934,59.6,0.7565,0,0.0
P0005423,22,F,C,suv,26087,2.7,0.9922,0,0.0
P0005424,33,F,A,sedan,6322,18.2,0.6846,0,0.0
P0005425,36,M,C,sedan,32971,19.3,0.5002,0,0.0
P0005426,33,F,B,sedan,6553,15.7,0.8143,0,0.0
P0005427,70,F,C,truck,12759,54.4,0.6096,0,0.0
P0005428,26,M,C,suv,22093,6.4,0.6219,0,0.0
P0005429,19,F,B,truck,33022,0.5,0.5087,0,0.0
P0005430,72,M,A,sedan,10173,54.3,0.7657,0,0.0
P0005431,78,F,A,suv,21684,60.9,0.6238,0,0.0
P0005432,32,M,C,suv,8492,18.1,0.9971,0,0.0
P0005433,38,F,B,suv,15530,18.3,0.9178,0,0.0
P0005434,49,F,C,sedan,13071,30.8,0.8606,0,0.0
P0005435,51,F,A,sedan,18263,33.2,0.6769,0,0.0
P0005436,80,M,B,sedan,26991,64.5,0.5358,0,0.0
P0005437,43,F,C,truck,27339,27.3,0.8345,0,0.0
P0005438,18,M,C,sedan,25821,0.0,0.5112,0,0.0
P0005439,44,M,A,suv,5851,24.8,0.7208,0,0.0
P0005440,53,F,A,truck,29340,32.6,0.5264,0,0.0
P0005441,50,F,C,suv,25049,34.5,0.7799,0,0.0
P0005442,50,F,C,sedan,6945,33.3,0.7798,0,0.0
P0005443,76,M,B,sedan,34348,63.2,0.7653,0,0.0
P0005444,68,M,B,suv,28758,55.9,0.8573,1,3956.14
P0005445,33,M,A,truck,26445,15.0,0.6141,0,0.0
P0005446,40,F,B,truck,20209,24.7,0.6211,0,0.0
P0005447,60,M,A,sedan,29637,46.9,0.7081,0,0.0
P0005448,43,F,A,truck,14702,28.3,0.8514,0,0.0
P0005449,44,F,C,sedan,27468,26.3,0.5584,1,422.27
P0005450,28,F,A,suv,23918,10.2,0.9429,0,0.0
P0005451,34,F,C,sedan,23917,20.3,0.6261,0,0.0
P0005452,64,M,B,sedan,29785,44.5,0.5639,0,0.0
P0005453,71,M,A,suv,10369,55.4,0.7995,0,0.0
P0005454,67,F,A,sedan,8220,49.5,0.6378,0,0.0
P0005455,37,F,A,truck,22213,19.9,0.7044,0,0.0
P0005456,26,M,B,sedan,30026,9.0,0.5306,0,0.0
P0005457,28,M,C,truck,12859,12.9,0.7325,0,0.0
P0005458,42,F,C,sedan,22652,25.0,0.6518,0,0.0
P0005459,50,F,C,sedan,34673,32.5,0.5849,1,1057.66
P0005460,74,M,C,sedan,24221,57.4,0.6932,0,0.0
P0005461,74,M,C,suv,7438,56.8,0.885,0,0.0
P0005462,18,M,B,truck,32247,0.0,0.8818,1,1314.01
P0005463,62,F,B,sedan,35258,45.9,0.6802,0,0.0
P0005464,36,M,B,sedan,27009,17.7,0.9871,0,0.0
P0005465,30,F,A,sedan,23927,13.4,0.5629,1,1353.3
P0005466,52,M,B,suv,23089,32.2,0.9274,1,1767.8
P0005467,20,F,B,suv,24321,5.8,0.9895,0,0.0
P0005468,39,F,A,truck,15416,19.4,0.7865,0,0.0
P0005469,52,F,C,sedan,24986,36.1,0.5301,0,0.0
P0005470,35,F,A,sedan,20819,13.8,0.9605,1,1520.66
P0005471,55,F,B,sedan,29552,37.1,0.7185,0,0.0
P0005472,46,M,C,truck,30933,27.3,0.5859,0,0.0
P0005473,68,M,A,suv,27004,51.3,0.9457,0,0.0
P0005474,29,M,C,sedan,35863,10.6,0.7134,1,486.85
P0005475,21,F,C,suv,18909,2.6,0.7497,0,0.0
P0005476,51,F,B,suv,28440,34.3,0.7855,0,0.0
P0005477,34,F,C,sedan,15623,15.5,0.9533,0,0.0
P0005478,62,F,B,sedan,29495,51.7,0.7519,0,0.0
P0005479,23,F,B,suv,13289,7.3,0.9441,0,0.0
P0005480,54,M,B,suv,26681,37.0,0.5851,0,0.0
P0005481,80,M,B,sedan,5442,62.0,0.8084,1,656.68
P0005482,23,F,A,sedan,28775,4.1,0.7628,0,0.0
P0005483,37,M,A,sedan,14006,20.5,0.6625,0,0.0
P0005484,71,M,A,suv,12538,54.8,0.6063,0,0.0
P0005485,51,F,C,sedan,15354,32.3,0.535,0,0.0
P0005486,29,M,C,sedan,18138,9.7,0.6309,0,0.0
P0005487,31,F,C,sedan,8978,12.5,0.8403,0,0.0
P0005488,66,F,A,truck,22235,49.3,0.6391,0,0.0
P0005489,72,M,B,sedan,8841,49.9,0.8641,0,0.0
P0005490,40,M,B,sedan,22033,22.8,0.9376,0,0.0
P0005491,47,F,A,sedan,16430,29.6,0.8472,0,0.0
P0005492,67,F,B,suv,23515,46.7,0.9025,0,0.0
P0005493,29,M,A,truck,9692,8.9,0.7866,0,0.0
P0005494,30,F,C,truck,35179,11.6,0.9733,0,0.0
P0005495,66,M,A,sedan,5464,50.8,0.8815,0,0.0
P0005496,29,M,C,sedan,31513,11.8,0.6613,0,0.0
P0005497,66,F,C,sedan,15910,48.0,0.8617,0,0.0
P0005498,49,M,B,suv,30662,28.1,0.8359,0,0.0
P0005499,80,M,A,suv,23486,57.1,0.8757,0,0.0
P0005500,20,M,A,sedan,30741,4.2,0.6597,0,0.0
P0005501,77,F,C,suv,22205,58.3,0.7548,0,0.0
P0005502,32,F,A,sedan,29593,16.6,0.9402,0,0.0
P0005503,20,F,A,suv,25323,3.2,0.9879,0,0.0
P0005504,63,M,C,sedan,26055,47.7,0.68,0,0.0
P0005505,51,M,C,sedan,22715,30.7,0.7434,0,0.0
P0005506,70,M,B,sedan,12952,52.5,0.6654,0,0.0
P0005507,24,M,A,sedan,31315,6.4,0.859,0,0.0
P0005508,23,F,B,sedan,31528,5.9,0.5194,0,0.0
P0005509,53,F,C,suv,27415,35.2,0.9769,0,0.0
P0005510,73,M,A,suv,13671,55.2,0.7747,0,0.0
P0005511,43,M,A,suv,17627,27.4,0.6355,0,0.0
P0005512,68,M,A,sedan,27471,54.4,0.5186,0,0.0
P0005513,75,F,B,truck,10789,60.7,0.7804,0,0.0
P0005514,72,F,A,truck,8440,58.2,0.7931,1,6866.22
P0005515,50,M,C,suv,17483,32.6,0.8476,0,0.0
P0005516,62,F,A,suv,21965,46.6,0.7627,0,0.0
P0005517,51,F,A,suv,32703,32.0,0.7579,0,0.0
P0005518,60,M,C,suv,14882,42.5,0.6521,1,7470.34
P0005519,53,M,C,sedan,11703,39.7,0.597,0,0.0
P0005520,51,M,B,suv,26838,34.8,0.6255,0,0.0
P0005521,45,M,C,sedan,32126,32.2,0.6874,0,0.0
P0005522,59,M,A,truck,31513,44.3,0.8867,0,0.0
P0005523,65,F,B,suv,24607,49.0,0.5591,0,0.0
P0005524,75,F,A,truck,5481,59.9,0.8218,0,0.0
P0005525,56,M,B,sedan,25238,35.2,0.519,0,0.0
P0005526,24,F,C,suv,8543,5.5,0.5215,0,0.0
P0005527,55,M,C,suv,29411,38.7,0.6368,0,0.0
P0005528,37,M,A,truck,33691,17.1,0.6786,0,0.0
P0005529,19,F,A,truck,23933,3.9,0.5949,0,0.0
P0005530,22,F,C,sedan,12417,5.7,0.9431,0,0.0
P0005531,55,M,B,truck,14258,36.3,0.6524,0,0.0
P0005532,77,F,A,truck,27654,62.2,0.7342,0,0.0
P0005533,49,F,A,truck,28558,30.6,0.9971,0,0.0
P0005534,46,M,A,suv,30188,28.4,0.6269,0,0.0
P0005535,23,F,B,truck,8151,4.8,0.8094,0,0.0
P0005536,60,F,B,sedan,27957,39.4,0.8733,0,0.0
P0005537,21,M,B,sedan,34772,3.1,0.6355,0,0.0
P0005538,70,M,B,sedan,5995,52.7,0.5287,0,0.0
P0005539,69,F,B,suv,18363,55.0,0.8957,0,0.0
P0005540,80,M,A,truck,27798,62.6,0.6445,0,0.0
P0005541,35,M,A,suv,21404,19.0,0.6606,0,0.0
P0005542,28,F,A,sedan,34808,11.2,0.7074,0,0.0
P0005543,36,F,C,suv,25963,19.9,0.5195,0,0.0
P0005544,68,M,C,suv,16432,50.0,0.9257,0,0.0
P0005545,31,F,A,sedan,24285,16.0,0.9317,0,0.0
P0005546,73,M,B,suv,27017,55.6,0.9357,0,0.0
P0005547,27,M,B,suv,29229,12.1,0.5913,0,0.0
P0005548,21,F,B,suv,13570,7.6,0.9881,0,0.0
P0005549,31,M,B,truck,33397,14.7,0.8307,0,0.0
P0005550,65,M,C,sedan,35921,47.1,0.7965,0,0.0
P0005551,55,M,A,sedan,11685,39.6,0.8611,0,0.0
P0005552,40,F,B,suv,11458,22.7,0.878,0,0.0
P0005553,59,M,B,truck,16925,42.7,0.7081,0,0.0
P0005554,58,F,B,sedan,14472,43.1,0.792,0,0.0
P0005555,52,M,A,truck,10779,33.9,0.7926,0,0.0
P0005556,50,M,B,suv,10205,34.3,0.5039,0,0.0
P0005557,24,F,A,sedan,27006,6.3,0.5049,0,0.0
P0005558,34,F,B,sedan,34610,19.9,0.7354,0,0.0
P0005559,51,M,B,sedan,7967,33.7,0.7792,0,0.0
P0005560,26,M,A,sedan,22714,7.8,0.8536,0,0.0
P0005561,47,F,C,sedan,13673,29.3,0.8764,1,1574.56
P0005562,25,F,C,suv,12656,6.2,0.7929,0,0.0
P0005563,67,M,B,suv,22735,48.7,0.6422,0,0.0
P0005564,24,F,C,suv,9169,6.4,0.8097,0,0.0
P0005565,23,M,C,sedan,7577,4.3,0.6299,1,2034.51
P0005566,58,F,A,sedan,32119,41.7,0.9088,0,0.0
P0005567,31,F,B,truck,18828,13.0,0.7117,0,0.0
P0005568,40,M,B,truck,6942,23.0,0.9475,1,1638.86
P0005569,37,F,B,suv,32174,16.3,0.564,0,0.0
P0005570,31,M,C,sedan,24941,13.5,0.8527,0,0.0
P0005571,65,M,B,truck,27890,50.6,0.7147,1,2840.97
P0005572,61,F,A,truck,23913,43.5,0.5637,0,0.0
P0005573,33,F,B,sedan,19689,17.9,0.7795,0,0.0
P0005574,61,F,C,sedan,28925,42.5,0.6059,0,0.0
P0005575,62,M,A,sedan,15688,43.5,0.6462,0,0.0
P0005576,51,M,A,suv,26137,35.2,0.7281,0,0.0
P0005577,54,M,A,suv,32355,39.1,0.6822,0,0.0
P0005578,76,F,B,sedan,30930,58.7,0.6944,0,0.0
P0005579,46,F,A,sedan,22191,30.8,0.6985,0,0.0
P0005580,42,F,A,sedan,6178,26.7,0.5085,0,0.0
P0005581,51,M,A,suv,5476,35.0,0.6837,0,0.0
P0005582,70,F,B,suv,18339,51.8,0.6968,0,0.0
P0005583,62,F,A,sedan,25549,48.0,0.7964,0,0.0
P0005584,22,F,A,suv,7509,6.5,0.7405,1,1439.34
P0005585,46,F,B,truck,17733,24.2,0.5863,0,0.0
P0005586,64,M,A,sedan,17561,43.1,0.794,0,0.0
P0005587,32,M,A,suv,19223,12.6,0.5175,0,0.0
P0005588,80,M,B,sedan,22385,62.9,0.6666,0,0.0
P0005589,68,F,A,sedan,13653,49.5,0.8101,0,0.0
P0005590,71,M,A,truck,23407,54.8,0.812,0,0.0
P0005591,23,F,B,truck,19032,11.4,0.5902,0,0.0
P0005592,54,M,A,sedan,33667,38.1,0.6696,0,0.0
P0005593,51,M,B,sedan,15062,34.9,0.7288,1,2013.32
P0005594,57,F,C,sedan,33573,39.9,0.7057,0,0.0
P0005595,71,M,B,suv,34826,53.0,0.8427,0,0.0
P0005596,40,F,B,sedan,14603,19.7,0.8701,0,0.0
P0005597,51,F,C,sedan,17630,33.9,0.5204,0,0.0
P0005598,60,F,B,sedan,26671,45.0,0.8726,0,0.0
P0005599,65,F,C,suv,19214,48.4,0.9393,1,8726.08
P0005600,66,M,B,truck,27093,47.7,0.957,1,5616.83
P0005601,39,M,B,sedan,13032,22.2,0.528,0,0.0
P0005602,80,M,C,suv,34671,64.6,0.9419,0,0.0
P0005603,18,M,A,truck,26642,0.0,0.5819,0,0.0
P0005604,49,M,C,sedan,7601,34.3,0.6692,0,0.0
P0005605,56,F,B,truck,12537,40.8,0.6908,1,2506.52
P0005606,21,F,B,suv,24131,3.2,0.6495,0,0.0
P0005607,46,F,B,suv,14083,30.6,0.6474,0,0.0
P0005608,55,M,A,suv,17625,38.7,0.5847,1,3084.34
P0005609,56,M,A,sedan,25043,39.0,0.8295,0,0.0
P0005610,25,M,C,sedan,15767,8.1,0.7902,0,0.0
P0005611,35,F,B,sedan,33027,19.9,0.8068,0,0.0
P0005612,33,F,C,suv,24142,15.3,0.7607,0,0.0
P0005613,58,M,A,truck,18005,42.8,0.6104,0,0.0
P0005614,38,F,A,sedan,13665,17.7,0.7932,0,0.0
P0005615,54,M,A,sedan,14165,37.8,0.8269,0,0.0
P0005616,64,F,A,sedan,6111,45.8,0.526,0,0.0
P0005617,68,F,B,truck,7670,49.5,0.9939,1,7046.44
P0005618,29,M,C,sedan,29111,12.7,0.7899,0,0.0
P0005619,74,M,C,truck,28827,58.9,0.8192,0,0.0
P0005620,28,M,B,sedan,7690,9.5,0.7848,0,0.0
P0005621,19,F,A,sedan,22126,4.8,0.8454,0,0.0
P0005622,20,F,B,sedan,15174,5.5,0.8284,1,857.18
P0005623,30,M,B,sedan,26624,11.8,0.8996,1,4034.11
P0005624,73,M,B,sedan,23442,56.4,0.5808,0,0.0
P0005625,31,F,B,truck,29786,15.4,0.5819,0,0.0
P0005626,61,M,A,suv,24335,45.0,0.6098,0,0.0
P0005627,44,F,A,sedan,11196,28.6,0.9817,1,1326.49
P0005628,20,F,C,suv,25654,0.0,0.6785,1,6532.02
P0005629,45,M,B,sedan,30879,26.0,0.6581,0,0.0
P0005630,19,M,C,suv,35829,3.6,0.6147,0,0.0
P0005631,47,F,A,suv,26813,30.6,0.7407,0,0.0
P0005632,53,F,B,truck,17443,34.8,0.9527,0,0.0
P0005633,50,M,A,suv,20781,35.0,0.8371,2,3484.55
P0005634,35,M,C,sedan,9262,19.1,0.5939,0,0.0
P0005635,66,M,A,sedan,24744,49.6,0.9187,0,0.0
P0005636,55,F,B,sedan,9276,39.8,0.9728,0,0.0
P0005637,34,M,A,sedan,13067,14.8,0.8565,0,0.0
P0005638,45,M,A,sedan,20817,29.4,0.7968,0,0.0
P0005639,24,M,A,sedan,19832,7.2,0.8359,0,0.0
P0005640,76,F,B,truck,16895,58.8,0.868,1,2064.95
P0005641,65,M,C,truck,25065,44.8,0.9297,1,1763.11
P0005642,36,M,C,sedan,33308,19.2,0.8293,0,0.0
P0005643,60,M,B,truck,33608,38.7,0.7657,0,0.0
P0005644,60,M,B,suv,20838,43.7,0.5912,0,0.0
P0005645,56,M,C,sedan,22102,39.4,0.6871,1,4779.1
P0005646,21,F,A,truck,19010,2.1,0.5423,0,0.0
P0005647,73,F,C,truck,32807,52.2,0.8643,0,0.0
P0005648,78,M,C,suv,31733,61.5,0.9961,1,2859.7
P0005649,79,F,B,suv,6683,59.5,0.548,0,0.0
P0005650,79,F,A,sedan,29679,60.3,0.7201,0,0.0
P0005651,76,M,A,suv,5928,60.5,0.85,0,0.0
P0005652,64,F,A,suv,27130,47.0,0.515,0,0.0
P0005653,21,M,C,suv,15499,4.1,0.7198,0,0.0
P0005654,47,F,B,sedan,21347,32.1,0.8974,0,0.0
P0005655,33,F,B,suv,29269,15.7,0.6466,0,0.0
P0005656,31,F,B,truck,12274,13.8,0.8299,0,0.0
P0005657,70,M,C,truck,9120,52.3,0.8037,1,6182.57
P0005658,69,M,A,sedan,22591,51.9,0.85,0,0.0
P0005659,50,F,A,sedan,30977,34.3,0.6201,0,0.0
P0005660,64,F,B,sedan,8588,42.1,0.5842,1,4255.93
P0005661,26,F,A,suv,17015,8.6,0.5085,0,0.0
P0005662,31,M,A,sedan,21641,11.4,0.7402,0,0.0
P0005663,72,M,B,truck,12048,54.1,0.5934,0,0.0
P0005664,46,M,A,suv,31394,26.0,0.8256,1,2000.96
P0005665,52,F,C,sedan,23551,36.6,0.7746,0,0.0
P0005666,47,M,C,suv,20965,30.2,0.9169,0,0.0
P0005667,30,F,C,sedan,9302,13.9,0.901,0,0.0
P0005668,70,F,C,sedan,7122,54.1,0.6806,0,0.0
P0005669,65,F,A,sedan,10132,47.5,0.6481,0,0.0
P0005670,61,F,A,suv,5970,44.5,0.5411,0,0.0
P0005671,40,F,B,truck,21576,25.9,0.8782,1,6419.64
P0005672,58,M,A,sedan,31675,41.6,0.7481,0,0.0
P0005673,78,F,C,suv,28499,61.8,0.6681,0,0.0
P0005674,58,M,A,sedan,11952,39.2,0.8518,0,0.0
P0005675,49,M,B,sedan,11080,34.9,0.6371,0,0.0
P0005676,35,M,B,suv,21296,19.0,0.739,0,0.0
P0005677,50,F,C,truck,29102,34.5,0.718,0,0.0
P0005678,41,M,B,truck,29080,22.5,0.6351,1,3278.2
P0005679,56,F,B,suv,21176,40.1,0.8952,0,0.0
P0005680,20,F,A,sedan,12849,0.9,0.8537,0,0.0
P0005681,29,F,B,sedan,19977,12.1,0.7598,0,0.0
P0005682,67,M,B,sedan,27860,49.0,0.8456,1,573.37
P0005683,41,M,B,truck,32269,21.8,0.5447,0,0.0
P0005684,45,M,C,suv,7334,30.4,0.7149,0,0.0
P0005685,52,M,A,sedan,29000,35.5,0.8001,0,0.0
P0005686,45,M,A,sedan,28207,27.2,0.6969,0,0.0
P0005687,65,M,C,sedan,11613,47.6,0.8571,0,0.0
P0005688,33,M,A,suv,6983,18.6,0.7611,0,0.0
P0005689,65,F,B,sedan,14575,46.6,0.6914,0,0.0
P0005690,31,M,B,truck,13591,13.9,0.7077,0,0.0
P0005691,41,M,C,sedan,8512,23.7,0.8581,0,0.0
P0005692,55,F,A,truck,12957,38.4,0.5329,0,0.0
P0005693,73,F,A,sedan,11063,62.4,0.9191,0,0.0
P0005694,32,F,C,sedan,32633,13.9,0.5287,0,0.0
P0005695,55,M,B,sedan,7662,36.8,0.5663,0,0.0
P0005696,22,F,B,sedan,21568,5.8,0.9051,0,0.0
P0005697,22,F,A,truck,15119,8.0,0.6872,0,0.0
P0005698,66,M,B,truck,31135,50.1,0.7297,1,5005.02
P0005699,63,M,C,sedan,19708,44.0,0.6864,0,0.0
P0005700,41,M,B,suv,23050,24.8,0.5465,0,0.0
P0005701,57,M,C,suv,17275,40.0,0.8043,1,3334.72
P0005702,41,F,C,suv,30014,24.7,0.8445,0,0.0
P0005703,35,F,B,sedan,25704,17.4,0.595,0,0.0
P0005704,45,M,B,sedan,22091,30.6,0.8761,0,0.0
P0005705,37,F,B,sedan,17289,20.4,0.5499,0,0.0
P0005706,69,M,C,truck,18947,49.8,0.8874,0,0.0
P0005707,43,M,B,sedan,12835,27.8,0.8507,1,226.42
P0005708,38,M,A,suv,25397,21.5,0.9561,0,0.0
P0005709,51,M,C,truck,14147,31.9,0.9067,1,8134.26
P0005710,65,M,B,sedan,13879,46.5,0.9222,1,4901.67
P0005711,35,M,C,sedan,19461,17.1,0.9789,0,0.0
P0005712,77,F,B,sedan,33480,59.2,0.9222,0,0.0
P0005713,47,F,B,suv,18623,29.3,0.8982,0,0.0
P0005714,59,F,B,sedan,33152,42.5,0.5981,1,2236.45
P0005715,78,M,C,sedan,21329,58.8,0.8775,1,2815.01
P0005716,45,F,A,sedan,7254,28.9,0.8164,0,0.0
P0005717,30,F,B,suv,23103,15.0,0.9808,0,0.0
P0005718,65,M,C,suv,33420,50.8,0.86,0,0.0
P0005719,18,F,C,sedan,32347,2.2,0.6298,0,0.0
P0005720,46,M,A,suv,10637,30.3,0.5821,1,4583.19
P0005721,79,F,A,sedan,13307,63.4,0.6407,0,0.0
P0005722,44,F,B,sedan,26119,29.4,0.7401,0,0.0
P0005723,61,F,A,sedan,18546,43.3,0.8263,0,0.0
P0005724,51,F,A,suv,30516,35.9,0.6075,0,0.0
P0005725,31,M,B,suv,21133,12.9,0.6164,1,2445.85
P0005726,38,M,B,sedan,12478,19.6,0.6509,0,0.0
P0005727,50,M,B,sedan,15285,27.9,0.9036,0,0.0
P0005728,24,M,A,sedan,8492,7.9,0.6827,0,0.0
P0005729,44,M,C,sedan,13868,27.3,0.5392,0,0.0
P0005730,44,M,B,sedan,28441,28.5,0.7725,0,0.0
P0005731,70,F,C,sedan,11885,55.3,0.503,0,0.0
P0005732,25,F,A,sedan,18715,8.8,0.8369,0,0.0
P0005733,71,M,C,sedan,10575,55.6,0.921,0,0.0
P0005734,43,M,C,sedan,20087,28.4,0.5832,0,0.0
P0005735,59,F,A,sedan,34937,41.5,0.9223,0,0.0
P0005736,53,F,B,suv,28617,38.1,0.8395,0,0.0
P0005737,36,F,B,sedan,28693,17.9,0.5493,0,0.0
P0005738,76,F,B,suv,12867,57.3,0.6139,0,0.0
P0005739,32,M,C,sedan,14529,16.7,0.6137,0,0.0
P0005740,20,F,A,sedan,8011,0.2,0.6029,1,76.11
P0005741,65,M,B,sedan,33555,47.2,0.6673,0,0.0
P0005742,57,M,C,sedan,34689,40.1,0.9538,0,0.0
P0005743,74,F,A,suv,15508,60.6,0.6121,1,10478.76
P0005744,46,M,A,sedan,26689,32.4,0.9634,0,0.0
P0005745,19,M,A,sedan,11543,0.0,0.7748,0,0.0
P0005746,19,F,C,sedan,25216,0.0,0.7585,1,1823.15
P0005747,45,F,A,sedan,7948,24.8,0.8369,0,0.0
P0005748,33,M,A,truck,15321,12.3,0.9028,0,0.0
P0005749,76,F,B,truck,17190,56.3,0.9788,0,0.0
P0005750,25,F,C,sedan,35866,7.5,0.5013,0,0.0
P0005751,73,F,B,sedan,19483,54.9,0.6991,0,0.0
P0005752,31,F,C,sedan,11898,15.4,0.5895,0,0.0
P0005753,25,M,A,sedan,6461,7.5,0.5759,0,0.0
P0005754,35,F,B,sedan,10521,16.5,0.5735,0,0.0
P0005755,27,M,B,sedan,12510,8.5,0.8549,0,0.0
P0005756,43,F,A,sedan,14866,26.3,0.5256,0,0.0
P0005757,38,M,C,sedan,9223,25.1,0.9184,0,0.0
P0005758,51,F,B,sedan,27907,37.0,0.8763,1,6171.51
P0005759,51,M,A,suv,16991,33.0,0.7046,0,0.0
P0005760,18,M,A,truck,12347,2.0,0.7127,0,0.0
P0005761,25,F,A,sedan,21297,6.7,0.8392,0,0.0
P0005762,28,M,C,suv,14695,13.4,0.5054,0,0.0
P0005763,30,F,A,sedan,26202,10.3,0.6936,0,0.0
P0005764,23,M,C,sedan,21418,7.9,0.5901,0,0.0
P0005765,37,M,A,suv,33900,17.0,0.5904,0,0.0
P0005766,52,F,C,sedan,25148,38.1,0.7753,0,0.0
P0005767,37,F,C,truck,16373,18.8,0.623,0,0.0
P0005768,38,F,A,truck,9625,22.9,0.6876,0,0.0
P0005769,47,M,A,sedan,8149,30.0,0.8587,1,2116.82
P0005770,52,M,C,sedan,25293,32.8,0.8103,0,0.0
P0005771,38,F,A,sedan,6022,19.2,0.665,0,0.0
P0005772,31,F,A,truck,16812,15.6,0.5248,0,0.0
P0005773,43,F,C,sedan,5635,27.2,0.5133,0,0.0
P0005774,19,M,C,suv,15730,5.1,0.7438,0,0.0
P0005775,49,F,C,sedan,32390,35.6,0.7108,0,0.0
P0005776,77,F,C,suv,7449,61.7,0.8982,0,0.0
P0005777,43,M,B,sedan,35207,27.7,0.541,0,0.0
P0005778,24,F,C,truck,35192,10.0,0.925,1,1645.69
P0005779,62,M,A,suv,31771,45.4,0.6063,0,0.0
P0005780,25,F,C,sedan,26486,8.1,0.6754,1,2272.74
P0005781,30,F,B,sedan,10531,13.0,0.93,0,0.0
P0005782,27,M,B,sedan,8096,11.6,0.9188,1,5839.58
P0005783,73,F,C,suv,33494,57.2,0.7575,0,0.0
P0005784,79,F,B,truck,16353,62.6,0.5408,0,0.0
P0005785,53,M,B,sedan,18937,34.4,0.7952,0,0.0
P0005786,56,M,B,truck,7482,40.4,0.8809,0,0.0
P0005787,58,M,A,sedan,6854,44.4,0.6312,0,0.0
P0005788,56,F,A,truck,21787,39.6,0.5915,0,0.0
P0005789,52,F,C,truck,17571,35.9,0.7485,0,0.0
P0005790,80,F,A,suv,26704,66.2,0.8747,0,0.0
P0005791,64,M,B,truck,30858,47.8,0.7524,3,9036.47
P0005792,23,M,B,sedan,6753,7.8,0.6197,0,0.0
P0005793,42,M,C,suv,35081,25.2,0.9345,0,0.0
P0005794,79,M,C,sedan,33587,61.2,0.936,0,0.0
P0005795,43,F,A,sedan,22773,27.1,0.8292,0,0.0
P0005796,30,M,A,suv,16598,12.0,0.5371,0,0.0
P0005797,72,F,B,truck,10166,55.6,0.6161,0,0.0
P0005798,57,F,A,truck,12278,40.5,0.8093,0,0.0
P0005799,53,M,B,suv,26735,36.6,0.8907,0,0.0
P0005800,44,M,A,truck,9025,27.4,0.7371,1,5964.47
P0005801,25,F,A,suv,34931,10.8,0.652,0,0.0
P0005802,42,F,C,suv,9514,28.7,0.9423,0,0.0
P0005803,45,M,C,sedan,28394,25.8,0.6907,0,0.0
P0005804,76,F,B,sedan,31343,58.6,0.9581,0,0.0
P0005805,37,M,A,sedan,14168,21.1,0.7662,0,0.0
P0005806,27,M,C,suv,19881,7.9,0.8071,1,1592.82
P0005807,44,F,B,suv,22881,21.3,0.5625,0,0.0
P0005808,80,F,C,truck,29751,66.0,0.6338,1,33473.4
P0005809,48,F,A,truck,6585,31.1,0.9873,0,0.0
P0005810,41,M,A,suv,12039,22.7,0.8593,0,0.0
P0005811,60,F,B,suv,9645,46.3,0.7385,1,484.5
P0005812,58,M,C,suv,14856,44.1,0.7607,0,0.0
P0005813,36,F,A,suv,25862,17.1,0.5439,0,0.0
P0005814,78,M,A,sedan,17791,61.1,0.8917,0,0.0
P0005815,55,F,B,truck,20258,39.4,0.5357,0,0.0
P0005816,21,F,C,truck,19090,7.3,0.6935,0,0.0
P0005817,43,M,C,suv,5165,25.3,0.7053,0,0.0
P0005818,76,M,C,sedan,8028,61.8,0.8015,0,0.0
P0005819,42,F,B,sedan,12041,27.0,0.7078,0,0.0
P0005820,53,F,C,truck,6395,37.9,0.9804,0,0.0
P0005821,56,M,B,truck,30489,39.7,0.899,0,0.0
P0005822,62,F,A,truck,35872,47.2,0.9797,0,0.0
P0005823,72,F,B,suv,20028,56.9,0.7594,0,0.0
P0005824,27,F,B,suv,25662,8.1,0.6511,0,0.0
P0005825,50,F,B,sedan,6745,32.7,0.9907,0,0.0
P0005826,51,M,A,suv,6697,34.0,0.5406,0,0.0
P0005827,27,M,C,sedan,23752,9.1,0.9635,0,0.0
P0005828,60,M,C,truck,28949,45.1,0.5479,1,5888.74
P0005829,25,M,A,sedan,33806,7.3,0.9035,1,1408.43
P0005830,46,F,C,truck,16194,28.1,0.89,0,0.0
P0005831,38,M,A,sedan,17973,23.0,0.8298,0,0.0
P0005832,27,F,A,sedan,29690,8.8,0.8913,0,0.0
P0005833,69,F,A,suv,9363,51.5,0.544,0,0.0
P0005834,33,M,B,suv,34443,15.5,0.6868,0,0.0
P0005835,34,F,A,suv,14227,13.7,0.6682,0,0.0
P0005836,71,F,B,suv,5823,53.8,0.9908,0,0.0
P0005837,73,F,C,suv,29502,57.8,0.7363,0,0.0
P0005838,20,M,B,sedan,34893,2.7,0.5248,1,876.98
P0005839,35,F,C,truck,19931,18.0,0.6297,0,0.0
P0005840,62,M,C,truck,10138,47.2,0.922,0,0.0
P0005841,67,M,B,suv,9693,54.0,0.9458,1,11246.03
P0005842,80,M,A,sedan,14214,63.1,0.9637,0,0.0
P0005843,52,F,A,suv,21547,33.1,0.5721,0,0.0
P0005844,18,M,B,sedan,24435,0.0,0.844,1,1884.95
P0005845,73,F,B,truck,26645,55.4,0.7012,0,0.0
P0005846,28,M,B,sedan,27193,7.9,0.8677,0,0.0
P0005847,25,M,B,sedan,12465,7.7,0.9122,1,4486.92
P0005848,60,F,B,sedan,10277,43.4,0.6306,0,0.0
P0005849,56,M,A,suv,34492,38.6,0.7502,0,0.0
P0005850,21,F,A,suv,9241,5.5,0.6636,0,0.0
P0005851,28,F,A,suv,20798,13.5,0.728,0,0.0
P0005852,55,F,C,sedan,13882,40.0,0.6453,0,0.0
P0005853,34,M,B,truck,27669,18.0,0.6698,0,0.0
P0005854,61,M,B,sedan,15093,42.3,0.6361,0,0.0
P0005855,43,M,B,sedan,8113,28.9,0.6492,0,0.0
P0005856,55,F,B,suv,14864,39.9,0.789,0,0.0
P0005857,47,M,A,suv,8117,28.4,0.8001,0,0.0
P0005858,41,M,A,suv,10310,24.7,0.9604,0,0.0
P0005859,39,M,A,sedan,19657,22.4,0.6953,0,0.0
P0005860,61,F,A,suv,35095,44.7,0.8287,0,0.0
P0005861,50,F,A,sedan,11304,29.1,0.9827,0,0.0
P0005862,55,M,C,sedan,29740,36.9,0.7332,0,0.0
P0005863,54,F,A,sedan,21135,36.5,0.8896,0,0.0
P0005864,31,F,A,suv,35380,13.6,0.9849,0,0.0
P0005865,75,M,A,sedan,21134,57.2,0.8949,0,0.0
P0005866,53,F,A,sedan,8213,32.3,0.5403,1,1098.51
P0005867,63,F,A,sedan,17718,46.7,0.5966,0,0.0
P0005868,73,F,A,sedan,7342,55.7,0.6474,0,0.0
P0005869,76,M,A,sedan,11879,58.9,0.8431,0,0.0
P0005870,60,M,C,suv,21615,41.2,0.8357,0,0.0
P0005871,67,F,A,sedan,32900,46.6,0.5686,0,0.0
P0005872,47,F,A,sedan,24048,31.2,0.7247,1,2005.4
P0005873,64,M,B,suv,16306,46.1,0.7109,0,0.0
P0005874,38,F,A,sedan,24689,20.6,0.8449,0,0.0
P0005875,62,M,B,suv,12574,47.8,0.6305,0,0.0
P0005876,23,M,B,suv,7890,4.1,0.6189,0,0.0
P0005877,75,F,C,suv,27747,54.9,0.7984,2,15157.15
P0005878,33,F,C,suv,31157,14.4,0.5414,0,0.0
P0005879,59,F,B,sedan,23982,43.3,0.8344,0,0.0
P0005880,18,M,A,sedan,20181,3.7,0.7197,0,0.0
P0005881,27,F,B,sedan,19195,8.7,0.7682,0,0.0
P0005882,80,M,A,truck,16412,65.2,0.901,1,2405.49
P0005883,70,M,C,sedan,35067,55.0,0.5905,0,0.0
P0005884,32,M,A,sedan,20637,14.6,0.605,0,0.0
P0005885,26,M,B,suv,32028,7.5,0.9505,1,738.36
P0005886,69,F,A,suv,6254,52.7,0.8705,1,7266.33
P0005887,80,M,B,truck,15929,63.4,0.6313,0,0.0
P0005888,28,M,A,sedan,11667,11.2,0.8604,0,0.0
P0005889,59,F,A,truck,8610,43.8,0.7286,0,0.0
P0005890,35,F,B,suv,35953,18.8,0.8086,0,0.0
P0005891,64,F,B,suv,6613,50.2,0.8933,0,0.0
P0005892,44,F,A,sedan,22129,25.5,0.5224,0,0.0
P0005893,25,M,A,sedan,11740,2.4,0.8056,0,0.0
P0005894,38,F,C,sedan,7434,20.9,0.6692,1,6904.27
P0005895,51,M,B,suv,35458,31.6,0.7581,0,0.0
P0005896,68,M,B,sedan,14077,51.5,0.6819,0,0.0
P0005897,19,F,B,sedan,15896,4.7,0.9705,0,0.0
P0005898,78,M,B,sedan,10728,56.5,0.7986,0,0.0
P0005899,58,F,B,truck,26275,42.7,0.9233,0,0.0
P0005900,73,F,A,sedan,33665,54.1,0.6284,0,0.0
P0005901,76,F,B,sedan,15515,58.6,0.6823,0,0.0
P0005902,27,F,B,suv,29992,7.6,0.8935,0,0.0
P0005903,23,F,A,truck,17679,6.1,0.6172,1,1544.56
P0005904,66,F,B,suv,21954,51.3,1.0,0,0.0
P0005905,29,F,A,suv,29811,13.3,0.83,0,0.0
P0005906,27,F,A,sedan,34505,5.3,0.9484,0,0.0
P0005907,47,M,C,sedan,23874,29.4,0.5523,0,0.0
P0005908,75,F,C,sedan,16558,53.6,0.7069,1,10911.59
P0005909,68,M,A,sedan,19536,51.7,0.668,0,0.0
P0005910,50,M,B,sedan,31813,31.6,0.9855,0,0.0
P0005911,30,M,A,suv,15954,15.6,0.5724,0,0.0
P0005912,39,M,B,sedan,19493,21.9,0.8741,0,0.0
P0005913,61,M,B,suv,29034,39.6,0.8154,0,0.0
P0005914,27,M,C,sedan,31307,11.6,0.9257,0,0.0
P0005915,51,M,A,truck,18847,35.4,0.9886,0,0.0
P0005916,18,M,A,truck,32921,0.0,0.9029,0,0.0
P0005917,38,F,C,sedan,31731,20.8,0.6261,0,0.0
P0005918,33,M,A,sedan,19351,12.2,0.9171,0,0.0
P0005919,60,M,A,truck,13599,43.5,0.7634,0,0.0
P0005920,75,F,B,truck,10518,57.9,0.8267,0,0.0
P0005921,27,M,B,sedan,8741,9.4,0.6402,0,0.0
P0005922,68,M,A,sedan,10963,53.2,0.908,0,0.0
P0005923,59,M,B,truck,7128,44.6,0.7222,0,0.0
P0005924,79,F,A,suv,13954,64.8,0.9042,1,4996.57
P0005925,75,F,B,suv,35734,64.6,0.7136,0,0.0
P0005926,24,F,C,sedan,11911,7.2,0.8083,0,0.0
P0005927,64,M,B,truck,16924,49.6,0.5515,0,0.0
P0005928,55,M,B,suv,17035,39.1,0.5462,0,0.0
P0005929,25,M,B,sedan,21109,6.0,0.9765,0,0.0
P0005930,34,F,A,suv,20707,18.9,0.863,0,0.0
P0005931,76,F,C,sedan,23013,57.6,0.5863,1,6692.47
P0005932,52,M,C,sedan,7700,38.2,0.7989,0,0.0
P0005933,39,M,C,suv,14955,23.4,0.8906,0,0.0
P0005934,38,F,C,suv,33198,17.5,0.7994,0,0.0
P0005935,70,F,B,truck,35259,53.9,0.7242,0,0.0
P0005936,35,F,B,suv,5075,15.4,0.9176,0,0.0
P0005937,28,M,A,sedan,24538,6.3,0.5254,0,0.0
P0005938,54,M,C,sedan,9287,37.8,0.8167,0,0.0
P0005939,80,F,B,suv,21603,64.3,0.7365,0,0.0
P0005940,29,M,A,sedan,5260,16.3,0.8241,0,0.0
P0005941,34,M,C,suv,28440,16.4,0.6452,0,0.0
P0005942,47,M,B,sedan,35582,29.2,0.5812,0,0.0
P0005943,30,F,C,sedan,8818,11.5,0.9871,0,0.0
P0005944,59,F,C,sedan,17730,39.2,0.9321,0,0.0
P0005945,33,M,C,sedan,11017,18.1,0.9545,1,898.36
P0005946,26,M,B,sedan,11076,5.3,0.8844,1,808.82
P0005947,34,M,B,suv,29577,17.6,0.5325,0,0.0
P0005948,76,M,C,sedan,8678,58.3,0.814,0,0.0
P0005949,76,F,A,truck,8844,59.1,0.6907,0,0.0
P0005950,49,F,A,suv,16482,33.5,0.6671,0,0.0
P0005951,43,F,C,suv,14578,28.4,0.6246,0,0.0
P0005952,69,M,C,truck,35252,51.6,0.5903,0,0.0
P0005953,30,F,C,truck,17229,14.9,0.5697,0,0.0
P0005954,59,M,A,truck,22010,42.4,0.5606,0,0.0
P0005955,60,M,A,sedan,8197,43.8,0.8558,0,0.0
P0005956,62,M,C,sedan,15980,45.7,0.9652,1,7037.11
P0005957,31,M,A,suv,11389,17.6,0.6902,0,0.0
P0005958,63,M,B,suv,16300,52.3,0.553,1,2657.12
P0005959,56,F,A,suv,14413,37.3,0.6106,0,0.0
P0005960,73,M,C,suv,8637,53.7,0.8735,0,0.0
P0005961,28,F,B,sedan,22192,16.1,0.6743,0,0.0
P0005962,56,F,A,sedan,21027,38.2,0.8314,1,399.33
P0005963,70,M,B,suv,21079,52.6,0.6028,0,0.0
P0005964,35,M,A,suv,18149,20.6,0.8784,0,0.0
P0005965,64,M,B,truck,21272,45.2,0.8276,0,0.0
P0005966,24,F,B,suv,27594,4.7,0.6111,0,0.0
P0005967,63,F,B,sedan,13104,43.9,0.966,0,0.0
P0005968,56,M,B,sedan,10950,35.5,0.7613,0,0.0
P0005969,30,M,A,sedan,26008,11.0,0.6099,0,0.0
P0005970,22,F,A,sedan,9257,6.7,0.7833,0,0.0
P0005971,64,M,C,suv,15895,47.0,0.7077,0,0.0
P0005972,33,M,B,suv,23025,15.2,0.9586,0,0.0
P0005973,49,M,B,truck,23117,29.0,0.6549,0,0.0
P0005974,21,F,A,suv,28002,4.5,0.9432,0,0.0
P0005975,78,M,C,sedan,19623,62.3,0.8712,0,0.0
P0005976,52,F,C,suv,20422,38.3,0.8399,0,0.0
P0005977,76,F,A,sedan,6376,57.3,0.5919,0,0.0
P0005978,28,F,B,sedan,29491,10.6,0.5431,0,0.0
P0005979,30,M,B,sedan,12345,14.7,0.9322,0,0.0
P0005980,56,M,C,sedan,31073,37.5,0.7853,0,0.0
P0005981,56,F,C,sedan,24981,39.7,0.9826,0,0.0
P0005982,67,F,B,suv,33415,52.6,0.7582,0,0.0
P0005983,76,F,C,suv,32129,56.3,0.7957,0,0.0
P0005984,69,F,B,sedan,16723,56.1,0.9986,0,0.0
P0005985,26,M,A,suv,17210,8.7,0.8579,0,0.0
P0005986,37,F,B,sedan,33034,20.2,0.68,0,0.0
P0005987,75,F,B,suv,32381,61.3,0.9139,1,5706.93
P0005988,52,M,A,suv,26980,34.3,0.6477,0,0.0
P0005989,72,F,B,sedan,33628,56.4,0.7625,0,0.0
P0005990,53,M,A,suv,24372,32.6,0.619,0,0.0
P0005991,21,M,A,sedan,5766,2.0,0.9973,0,0.0
P0005992,47,M,C,sedan,22167,29.6,0.9673,1,2847.27
P0005993,69,M,A,sedan,16471,57.0,0.9369,0,0.0
P0005994,59,F,C,sedan,5611,43.1,0.7006,0,0.0
P0005995,26,M,A,sedan,22230,10.3,0.8643,0,0.0
P0005996,31,M,B,sedan,22370,11.6,0.6304,0,0.0
P0005997,71,F,C,sedan,27688,53.6,0.695,0,0.0
P0005998,79,M,C,sedan,29148,61.4,0.9023,0,0.0
P0005999,65,M,C,suv,14998,46.0,0.5282,0,0.0
P0006000,24,M,A,suv,35639,3.7,0.5248,0,0.0
P0006001,57,M,A,truck,18692,37.1,0.8305,0,0.0
P0006002,70,F,B,suv,18426,51.9,0.8873,0,0.0
P0006003,58,M,C,truck,10600,41.5,0.6918,0,0.0
P0006004,55,M,C,suv,35694,37.1,0.8373,1,2349.47
P0006005,47,M,B,suv,17216,30.1,0.9515,0,0.0
P0006006,33,F,A,suv,10303,14.4,0.55,0,0.0
P0006007,35,M,A,truck,31238,19.1,0.9153,0,0.0
P0006008,64,M,C,suv,34704,45.2,0.7909,0,0.0
P0006009,22,F,B,truck,11636,4.9,0.7112,0,0.0
P0006010,23,M,C,sedan,23279,5.2,0.5259,1,411.99
P0006011,42,M,B,truck,33059,27.4,0.692,1,2349.19
P0006012,66,M,C,sedan,25539,49.5,0.8969,0,0.0
P0006013,59,M,C,sedan,18538,41.1,0.771,0,0.0
P0006014,55,F,A,sedan,22784,38.4,0.5882,0,0.0
P0006015,51,M,C,suv,8151,38.7,0.6161,0,0.0
P0006016,24,M,A,sedan,35468,9.5,0.9238,0,0.0
P0006017,38,F,B,sedan,20906,20.3,0.7165,0,0.0
P0006018,23,F,C,sedan,6373,3.0,0.5477,0,0.0
P0006019,65,F,A,suv,15476,48.5,0.9867,0,0.0
P0006020,65,M,A,sedan,17724,49.0,0.6267,0,0.0
P0006021,34,F,B,suv,35830,14.9,0.8982,0,0.0
P0006022,36,M,C,suv,32132,19.0,0.5064,0,0.0
P0006023,37,M,A,suv,14423,18.5,0.6283,1,1794.64
P0006024,74,M,B,suv,10179,57.6,0.6686,1,4313.14
P0006025,48,F,B,sedan,6324,31.8,0.9297,0,0.0
P0006026,66,M,B,truck,22657,47.4,0.874,0,0.0
P0006027,46,F,B,truck,18809,27.7,0.654,0,0.0
P0006028,61,M,B,sedan,21230,44.6,0.8937,0,0.0
P0006029,51,F,C,sedan,13455,36.2,0.905,0,0.0
P0006030,35,M,B,suv,30030,21.3,0.756,0,0.0
P0006031,73,F,C,truck,21012,59.1,0.7539,0,0.0
P0006032,62,F,C,truck,33465,46.3,0.7548,0,0.0
P0006033,66,M,A,truck,12431,48.4,0.5837,0,0.0
P0006034,77,M,C,truck,13023,63.3,0.9064,1,371.17
P0006035,33,M,B,suv,23169,19.2,0.8573,1,3493.04
P0006036,23,M,A,sedan,26487,5.2,0.9247,0,0.0
P0006037,54,F,B,sedan,14149,33.9,0.9078,0,0.0
P0006038,38,F,C,sedan,21978,18.8,0.8927,0,0.0
P0006039,45,M,A,sedan,20840,31.7,0.8902,0,0.0
P0006040,32,M,B,sedan,25546,14.2,0.9722,0,0.0
P0006041,43,M,B,sedan,24726,24.1,0.8027,0,0.0
P0006042,42,F,B,suv,11211,26.0,0.914,0,0.0
P0006043,40,M,C,sedan,8526,23.5,0.9007,1,3351.84
P0006044,64,F,A,truck,13452,46.3,0.6351,0,0.0
P0006045,55,M,C,truck,8916,37.0,0.7829,0,0.0
P0006046,47,M,C,sedan,22045,29.2,0.8648,0,0.0
P0006047,25,M,B,sedan,20876,6.6,0.5517,0,0.0
P0006048,53,F,B,sedan,5091,35.6,0.7653,0,0.0
P0006049,29,F,A,truck,30568,13.3,0.5014,0,0.0
P0006050,37,F,A,suv,27209,20.9,0.6202,0,0.0
P0006051,44,F,B,sedan,19461,28.6,0.7432,0,0.0
P0006052,26,F,A,suv,10008,9.9,0.6535,0,0.0
P0006053,42,M,C,truck,9989,23.9,0.8855,0,0.0
P0006054,34,F,B,sedan,33870,18.5,0.8187,0,0.0
P0006055,71,F,A,suv,12316,51.9,0.6338,0,0.0
P0006056,72,M,A,sedan,31678,57.0,0.5085,0,0.0
P0006057,18,F,C,sedan,25568,0.6,0.6274,1,423.66
P0006058,55,F,A,truck,24323,36.3,0.7595,0,0.0
P0006059,58,M,B,sedan,30911,40.1,0.8811,1,4518.51
P0006060,41,F,A,truck,32622,27.7,0.8017,0,0.0
P0006061,47,F,C,suv,13385,29.7,0.5279,0,0.0
P0006062,67,M,B,sedan,35604,51.5,0.7333,0,0.0
P0006063,41,F,B,suv,8972,26.6,0.9798,0,0.0
P0006064,22,F,B,sedan,29023,4.6,0.952,1,2314.43
P0006065,41,F,A,sedan,16972,26.5,0.8712,0,0.0
P0006066,33,F,B,sedan,24425,15.5,0.6419,0,0.0
P0006067,42,M,A,truck,30885,22.1,0.5111,0,0.0
P0006068,32,F,A,truck,18927,14.4,0.7282,0,0.0
P0006069,27,F,A,sedan,7529,10.5,0.6872,1,1889.84
P0006070,80,F,B,sedan,30220,63.3,0.8379,1,2719.7
P0006071,26,M,C,truck,9079,7.2,0.5353,1,4778.59
P0006072,62,F,A,suv,26837,45.6,0.9617,0,0.0
P0006073,63,M,C,sedan,18641,46.9,0.8679,0,0.0
P0006074,56,F,C,sedan,19651,40.9,0.9855,0,0.0
P0006075,75,M,A,sedan,13128,59.8,0.9327,0,0.0
P0006076,18,F,A,sedan,20501,0.0,0.7151,0,0.0
P0006077,37,F,A,suv,10801,21.0,0.8312,0,0.0
P0006078,29,M,A,suv,12097,10.9,0.9228,0,0.0
P0006079,54,F,C,suv,19669,35.7,0.6019,0,0.0
P0006080,58,M,B,sedan,29446,42.9,0.5048,0,0.0
P0006081,74,M,B,suv,20924,58.6,0.6538,0,0.0
P0006082,41,M,B,suv,32228,22.8,0.7187,0,0.0
P0006083,32,F,A,suv,13505,14.7,0.8123,0,0.0
P0006084,76,M,C,sedan,5510,59.4,0.6317,0,0.0
P0006085,60,F,B,sedan,14550,42.1,0.721,0,0.0
P0006086,66,M,A,sedan,8468,47.0,0.8243,0,0.0
P0006087,46,M,B,sedan,21215,29.1,0.9122,0,0.0
P0006088,46,M,A,suv,35728,30.1,0.6135,0,0.0
P0006089,42,M,C,suv,20151,24.8,0.9,0,0.0
P0006090,65,M,B,sedan,10521,49.6,0.9696,0,0.0
P0006091,31,M,C,suv,23096,13.7,0.7048,0,0.0
P0006092,79,F,C,suv,27832,62.0,0.776,0,0.0
P0006093,29,M,B,suv,31988,13.6,0.505,0,0.0
P0006094,47,F,B,suv,19906,30.8,0.8551,1,7653.06
P0006095,37,F,B,truck,18154,20.6,0.936,0,0.0
P0006096,58,M,A,suv,21161,39.5,0.51,0,0.0
P0006097,60,F,C,sedan,11629,44.8,0.9218,0,0.0
P0006098,75,M,B,truck,8359,59.6,0.5745,0,0.0
P0006099,67,F,C,sedan,28923,50.7,0.921,0,0.0
P0006100,33,F,B,suv,9273,14.9,0.771,0,0.0
P0006101,31,M,A,truck,26359,12.5,0.6851,1,1721.29
P0006102,73,F,B,sedan,22915,55.5,0.9706,0,0.0
P0006103,48,M,A,sedan,19614,29.6,0.8062,0,0.0
P0006104,24,M,A,sedan,16706,4.7,0.5193,1,474.11
P0006105,69,M,B,truck,35498,51.7,0.883,0,0.0
P0006106,58,F,A,sedan,29721,42.6,0.5912,0,0.0
P0006107,19,M,C,suv,10075,2.2,0.9616,1,943.43
P0006108,67,F,B,sedan,35131,52.7,0.5832,0,0.0
P0006109,56,F,B,sedan,9021,38.2,0.7438,0,0.0
P0006110,56,F,A,sedan,30181,40.0,0.7613,1,962.39
P0006111,72,F,A,truck,18225,54.8,0.7819,0,0.0
P0006112,49,F,B,sedan,17583,32.2,0.7666,0,0.0
P0006113,47,F,A,truck,20632,30.8,0.7195,0,0.0
P0006114,56,F,B,suv,19947,38.5,0.8564,1,3832.68
P0006115,30,M,B,truck,8908,13.2,0.5778,0,0.0
P0006116,27,F,A,sedan,9857,11.3,0.8936,1,1936.76
P0006117,71,F,B,suv,27806,56.2,0.5187,0,0.0
P0006118,31,F,A,sedan,26566,13.3,0.921,0,0.0
P0006119,49,F,A,sedan,17182,34.4,0.8749,0,0.0
P0006120,35,M,C,suv,18868,14.4,0.8977,0,0.0
P0006121,32,M,A,sedan,16879,12.4,0.6485,0,0.0
P0006122,55,M,A,truck,31578,41.2,0.9249,0,0.0
P0006123,68,M,B,sedan,7149,49.7,0.8456,0,0.0
P0006124,45,F,B,sedan,25212,25.7,0.9843,0,0.0
P0006125,26,M,C,suv,14549,10.2,0.51,0,0.0
P0006126,33,F,C,sedan,10286,15.3,0.8953,1,156.01
P0006127,28,F,C,sedan,9870,11.3,0.8117,0,0.0
P0006128,73,F,B,truck,17740,54.6,0.9945,0,0.0
P0006129,38,F,B,sedan,9499,21.9,0.7215,0,0.0
P0006130,41,M,A,suv,25985,22.0,0.6398,0,0.0
P0006131,22,F,C,sedan,15167,5.3,0.9399,0,0.0
P0006132,46,F,B,sedan,31595,29.6,0.6628,0,0.0
P0006133,75,F,A,sedan,9521,56.7,0.8514,0,0.0
P0006134,43,M,B,truck,15875,24.2,0.6659,0,0.0
P0006135,59,M,C,suv,16859,46.7,0.9729,0,0.0
P0006136,29,M,B,sedan,25754,17.8,0.7631,1,1003.9
P0006137,27,M,A,sedan,14178,9.3,0.6599,1,1890.37
P0006138,64,M,C,truck,10381,48.3,0.9112,0,0.0
P0006139,22,F,A,sedan,17578,7.6,0.5312,0,0.0
P0006140,46,F,C,suv,33046,29.7,0.5469,0,0.0
P0006141,37,F,B,sedan,30246,14.2,0.9184,0,0.0
P0006142,19,F,C,sedan,22830,4.7,0.6617,0,0.0
P0006143,51,M,C,sedan,35867,32.2,0.5883,0,0.0
P0006144,78,F,B,sedan,28826,62.5,0.7936,0,0.0
P0006145,22,F,C,suv,28732,7.9,0.6273,0,0.0
P0006146,69,M,A,sedan,17302,53.2,0.9936,1,3590.14
P0006147,51,F,A,truck,20365,36.8,0.9103,0,0.0
P0006148,63,F,A,sedan,34156,49.1,0.9446,0,0.0
P0006149,24,F,B,sedan,33708,8.4,0.9168,0,0.0
P0006150,72,M,A,sedan,27323,57.2,0.9429,0,0.0
P0006151,18,F,B,sedan,8014,1.3,0.669,0,0.0
P0006152,75,F,C,sedan,9763,57.7,0.8367,0,0.0
P0006153,59,F,C,sedan,19163,43.6,0.9535,0,0.0
P0006154,39,M,A,sedan,22055,20.7,0.843,1,1089.47
P0006155,18,F,B,sedan,24328,2.3,0.9986,1,1544.07
P0006156,56,F,A,sedan,13424,39.3,0.9328,0,0.0
P0006157,23,M,A,sedan,29186,10.3,0.5355,0,0.0
P0006158,56,M,C,sedan,30834,38.8,0.7508,0,0.0
P0006159,66,F,C,sedan,11463,44.5,0.6378,1,21166.81
P0006160,34,F,A,sedan,29267,15.4,0.9375,0,0.0
P0006161,33,F,A,sedan,9674,16.3,0.9686,0,0.0
P0006162,31,M,A,sedan,20330,16.3,0.7833,0,0.0
P0006163,32,F,B,truck,32212,11.7,0.5291,0,0.0
P0006164,25,M,A,sedan,14359,8.3,0.6733,0,0.0
P0006165,33,M,A,sedan,26235,17.3,0.5943,0,0.0
P0006166,59,M,B,truck,31433,43.3,0.7646,0,0.0
P0006167,37,F,A,sedan,20214,15.9,0.9924,0,0.0
P0006168,67,M,C,sedan,31365,50.2,0.6716,0,0.0
P0006169,69,M,C,truck,24770,51.1,0.867,1,5320.93
P0006170,65,M,B,suv,20662,48.4,0.9155,0,0.0
P0006171,51,F,B,suv,8666,34.1,0.9151,0,0.0
P0006172,37,M,C,sedan,27234,20.8,0.5748,1,998.57
P0006173,76,M,A,sedan,14635,56.2,0.6187,1,2623.96
P0006174,30,M,C,sedan,13850,12.9,0.6116,0,0.0
P0006175,47,M,A,suv,33506,32.8,0.6486,0,0.0
P0006176,46,F,C,sedan,15814,28.2,0.5234,0,0.0
P0006177,64,F,A,suv,16151,47.2,0.7697,1,6608.42
P0006178,52,M,C,truck,34265,34.2,0.8705,1,2754.06
P0006179,68,M,A,truck,13975,51.7,0.6304,0,0.0
P0006180,75,M,C,sedan,27824,59.1,0.8199,0,0.0
P0006181,42,F,B,suv,21121,23.2,0.7728,0,0.0
P0006182,73,F,A,suv,7235,52.3,0.5496,0,0.0
P0006183,28,M,C,suv,23031,14.7,0.6199,0,0.0
P0006184,75,M,A,truck,19189,57.8,0.6207,0,0.0
P0006185,29,F,B,suv,27498,13.1,0.7443,0,0.0
P0006186,71,F,A,suv,17268,55.8,0.8139,0,0.0
P0006187,42,M,C,sedan,12449,29.3,0.6507,0,0.0
P0006188,78,F,C,suv,12160,60.3,0.5636,0,0.0
P0006189,26,F,B,suv,21368,10.0,0.6346,0,0.0
P0006190,47,F,C,suv,35843,31.1,0.5201,0,0.0
P0006191,74,F,C,suv,18971,54.6,0.8743,0,0.0
P0006192,20,F,B,sedan,9209,3.9,0.8497,0,0.0
P0006193,34,M,A,sedan,30489,18.0,0.8353,0,0.0
P0006194,23,M,B,truck,14742,8.7,0.8089,0,0.0
P0006195,38,M,A,sedan,18158,22.8,0.6488,0,0.0
P0006196,42,M,B,suv,31310,22.1,0.5577,0,0.0
P0006197,56,F,A,suv,8437,37.8,0.7995,0,0.0
P0006198,34,F,C,sedan,9100,14.4,0.8663,0,0.0
P0006199,27,F,B,sedan,11246,11.7,0.9054,0,0.0
P0006200,28,F,B,suv,16660,10.3,0.8633,0,0.0
P0006201,77,M,A,suv,31587,57.9,0.8293,0,0.0
P0006202,78,F,A,sedan,24659,59.8,0.9122,1,3197.82
P0006203,31,M,C,truck,29040,10.8,0.8809,0,0.0
P0006204,30,F,B,suv,15443,12.2,0.9725,0,0.0
P0006205,21,F,C,sedan,17788,4.0,0.503,0,0.0
P0006206,78,F,B,sedan,17673,65.7,0.5733,1,10578.89
P0006207,62,F,A,sedan,8520,44.2,0.7899,0,0.0
P0006208,65,M,B,sedan,22053,46.8,0.7005,1,1321.72
P0006209,36,M,B,sedan,15300,16.7,0.6703,0,0.0
P0006210,58,F,A,sedan,34533,42.6,0.873,0,0.0
P0006211,21,M,B,truck,26431,4.1,0.7678,2,3638.96
P0006212,60,M,A,suv,31998,46.2,0.7632,0,0.0
P0006213,54,F,A,truck,11048,40.2,0.5249,0,0.0
P0006214,38,F,A,suv,8470,20.0,0.7306,0,0.0
P0006215,62,F,B,suv,18537,42.5,0.804,0,0.0
P0006216,58,F,B,truck,22652,38.4,0.64,0,0.0
P0006217,45,M,A,sedan,22355,27.1,0.6195,0,0.0
P0006218,29,F,C,suv,25252,7.9,0.7753,0,0.0
P0006219,19,M,C,truck,30803,2.8,0.956,0,0.0
P0006220,77,M,B,truck,15098,58.2,0.5582,0,0.0
P0006221,35,F,A,sedan,14039,20.6,0.6546,0,0.0
P0006222,37,M,A,truck,13190,26.3,0.5291,0,0.0
P0006223,60,F,A,suv,16256,44.0,0.6627,0,0.0
P0006224,34,F,C,sedan,23529,17.2,0.8474,1,3216.87
P0006225,41,F,C,sedan,29891,23.5,0.6593,0,0.0
P0006226,62,F,A,sedan,17864,45.4,0.6993,0,0.0
P0006227,55,F,B,sedan,17962,37.3,0.9677,0,0.0
P0006228,59,M,A,sedan,33057,38.5,0.6735,0,0.0
P0006229,18,M,A,sedan,15637,0.0,0.7698,0,0.0
P0006230,46,M,A,truck,10070,30.5,0.9668,0,0.0
P0006231,47,F,A,truck,15686,35.0,0.7543,0,0.0
P0006232,57,M,A,truck,6273,42.2,0.5851,0,0.0
P0006233,27,F,A,suv,16342,7.3,0.5715,0,0.0
P0006234,28,M,B,truck,32888,12.0,0.9494,0,0.0
P0006235,66,M,B,sedan,30113,47.6,0.9428,0,0.0
P0006236,60,M,B,sedan,32779,41.7,0.6255,0,0.0
P0006237,69,F,A,sedan,14304,52.1,0.8116,0,0.0
P0006238,35,M,B,sedan,17919,18.2,0.5833,0,0.0
P0006239,80,M,B,suv,31302,64.3,0.6157,0,0.0
P0006240,35,F,C,sedan,28370,13.5,0.9603,0,0.0
P0006241,59,M,A,truck,10739,43.9,0.7009,0,0.0
P0006242,28,F,B,sedan,31217,8.8,0.6043,0,0.0
P0006243,75,F,A,sedan,8189,56.3,0.7621,0,0.0
P0006244,38,M,A,sedan,12901,19.8,0.9255,1,1349.85
P0006245,68,M,B,sedan,21518,51.2,0.9165,0,0.0
P0006246,38,F,C,truck,25287,24.0,0.831,0,0.0
P0006247,67,F,C,suv,29740,52.3,0.9067,0,0.0
P0006248,46,F,B,sedan,27851,30.5,0.8898,0,0.0
P0006249,21,F,A,suv,13811,3.3,0.9818,0,0.0
P0006250,29,M,C,sedan,16082,10.2,0.8279,1,617.59
P0006251,61,F,A,sedan,27381,43.4,0.799,0,0.0
P0006252,30,M,B,sedan,34325,12.5,0.9528,0,0.0
P0006253,35,F,C,sedan,31900,15.9,0.6808,0,0.0
P0006254,52,F,B,suv,34981,39.2,0.7464,0,0.0
P0006255,33,F,B,truck,25936,20.4,0.9296,0,0.0
P0006256,26,F,A,sedan,20088,12.1,0.9895,0,0.0
P0006257,57,F,A,suv,28766,38.1,0.7106,0,0.0
P0006258,61,F,C,suv,7355,48.0,0.7949,0,0.0
P0006259,64,F,A,sedan,34023,47.0,0.9189,0,0.0
P0006260,77,F,A,sedan,33488,61.8,0.7594,0,0.0
P0006261,25,M,B,sedan,20644,7.7,0.7023,0,0.0
P0006262,44,M,A,sedan,21212,27.3,0.5324,0,0.0
P0006263,32,M,A,sedan,21420,14.5,0.606,0,0.0
P0006264,74,F,A,sedan,9303,57.8,0.6657,0,0.0
P0006265,52,F,B,sedan,11378,33.6,0.7008,0,0.0
P0006266,24,F,B,suv,27695,4.1,0.8881,0,0.0
P0006267,61,M,C,sedan,6015,41.5,0.5834,0,0.0
P0006268,20,M,A,truck,26301,3.7,0.5362,0,0.0
P0006269,35,F,C,sedan,14459,19.7,0.7939,0,0.0
P0006270,63,F,A,sedan,9335,45.6,0.5041,0,0.0
P0006271,49,F,A,suv,23483,28.0,0.9654,0,0.0
P0006272,65,F,C,suv,13520,48.1,0.628,0,0.0
P0006273,53,M,C,truck,18864,34.3,0.9168,0,0.0
P0006274,71,F,A,sedan,31792,52.4,0.6898,1,1117.24
P0006275,53,F,A,sedan,26635,34.5,0.9994,0,0.0
P0006276,21,F,C,suv,35057,1.5,0.7506,2,7557.92
P0006277,22,F,A,suv,17308,7.6,0.9814,0,0.0
P0006278,66,F,A,suv,17562,50.9,0.7344,0,0.0
P0006279,20,F,B,suv,26302,2.9,0.8571,0,0.0
P0006280,41,F,C,sedan,9172,21.5,0.5318,0,0.0
P0006281,19,F,B,suv,31568,0.0,0.7225,0,0.0
P0006282,37,M,B,suv,15911,20.1,0.6354,0,0.0
P0006283,55,F,C,suv,19567,36.0,0.8966,0,0.0
P0006284,28,F,A,sedan,20736,11.8,0.7662,0,0.0
P0006285,47,M,C,truck,7067,31.7,0.82,0,0.0
P0006286,80,F,A,suv,14313,65.7,0.6269,0,0.0
P0006287,22,M,B,sedan,9328,5.3,0.5584,1,1375.11
P0006288,22,M,B,sedan,23950,5.7,0.8403,0,0.0
P0006289,35,F,A,suv,26899,16.0,0.7211,0,0.0
P0006290,70,F,B,truck,5245,51.9,0.7085,0,0.0
P0006291,43,M,C,sedan,5248,25.9,0.982,0,0.0
P0006292,58,F,B,truck,30310,40.9,0.5591,0,0.0
P0006293,20,F,A,sedan,15375,3.8,0.8219,0,0.0
P0006294,64,M,A,sedan,31184,50.6,0.5301,0,0.0
P0006295,22,F,B,suv,25408,7.4,0.8425,0,0.0
P0006296,62,M,B,sedan,29288,43.4,0.7798,0,0.0
P0006297,27,M,B,sedan,16915,10.3,0.8635,0,0.0
P0006298,72,M,A,suv,14406,57.6,0.8754,0,0.0
P0006299,36,M,B,sedan,27398,16.3,0.566,0,0.0
P0006300,29,M,A,sedan,24603,8.6,0.6373,0,0.0
P0006301,39,F,A,sedan,22675,19.6,0.6262,0,0.0
P0006302,18,M,B,sedan,16321,0.2,0.804,0,0.0
P0006303,28,M,B,sedan,24026,10.4,0.6292,0,0.0
P0006304,55,M,C,sedan,17067,38.0,0.7579,0,0.0
P0006305,36,M,B,truck,32596,18.7,0.7211,0,0.0
P0006306,40,M,A,suv,26982,21.7,0.7928,0,0.0
P0006307,68,F,C,suv,17307,49.6,0.6757,0,0.0
P0006308,25,M,A,sedan,31149,7.1,0.9625,0,0.0
P0006309,42,F,C,sedan,7202,31.6,0.9825,0,0.0
P0006310,29,F,A,truck,30760,9.7,0.6754,0,0.0
P0006311,48,F,C,suv,17859,30.6,0.9571,0,0.0
P0006312,38,M,C,truck,12163,23.7,0.8965,0,0.0
P0006313,20,M,C,sedan,30739,2.6,0.6131,2,8129.15
P0006314,22,F,A,suv,25398,4.4,0.7814,0,0.0
P0006315,71,F,C,suv,7299,57.1,0.6888,0,0.0
P0006316,21,F,B,sedan,13279,5.3,0.9005,0,0.0
P0006317,67,F,A,truck,18984,52.2,0.947,0,0.0
P0006318,75,F,B,sedan,24481,59.9,0.8112,0,0.0
P0006319,47,M,B,sedan,30001,28.9,0.8151,0,0.0
P0006320,37,F,C,sedan,16383,21.2,0.8606,0,0.0
P0006321,66,F,C,suv,30068,48.8,0.7475,0,0.0
P0006322,79,F,B,suv,29488,60.5,0.7353,0,0.0
P0006323,25,F,B,sedan,16723,8.9,0.7816,0,0.0
P0006324,78,M,A,truck,34061,59.4,0.9092,0,0.0
P0006325,77,F,B,sedan,34269,57.3,0.8237,1,2809.65
P0006326,26,F,C,truck,13989,7.3,0.572,0,0.0
P0006327,21,M,B,suv,22251,2.8,0.5702,0,0.0
P0006328,63,F,C,truck,31933,44.3,0.7079,0,0.0
P0006329,22,M,B,suv,21704,4.2,0.8295,0,0.0
P0006330,55,M,A,sedan,27940,36.3,0.6956,0,0.0
P0006331,22,M,B,sedan,29779,7.3,0.6909,0,0.0
P0006332,61,M,A,truck,22546,44.1,0.9477,0,0.0
P0006333,32,F,C,truck,16148,14.2,0.9341,0,0.0
P0006334,24,F,C,suv,21274,7.1,0.7378,0,0.0
P0006335,22,F,C,suv,30801,0.0,0.8591,0,0.0
P0006336,29,F,C,sedan,14898,12.4,0.726,0,0.0
P0006337,52,F,B,sedan,31175,38.6,0.8016,0,0.0
P0006338,22,F,B,sedan,11301,4.9,0.6373,0,0.0
P0006339,68,F,C,suv,19324,49.3,0.7488,0,0.0
P0006340,56,F,A,suv,7584,40.7,0.8213,0,0.0
P0006341,36,M,C,suv,31474,19.1,0.7209,0,0.0
P0006342,80,F,A,suv,27085,63.1,0.8797,0,0.0
P0006343,59,F,C,sedan,8665,42.1,0.6337,0,0.0
P0006344,60,F,B,sedan,11895,44.2,0.5064,0,0.0
P0006345,28,M,C,sedan,21361,8.8,0.9571,0,0.0
P0006346,62,F,B,sedan,20357,40.7,0.6805,0,0.0
P0006347,53,M,B,suv,8488,37.7,0.626,0,0.0
P0006348,80,F,C,suv,32584,65.6,0.738,0,0.0
P0006349,48,F,B,truck,19289,31.9,0.6247,0,0.0
P0006350,60,M,A,sedan,25804,40.2,0.8666,0,0.0
P0006351,39,F,A,truck,28330,22.5,0.6534,0,0.0
P0006352,20,F,B,suv,10246,2.3,0.9958,1,2162.72
P0006353,26,F,B,sedan,15337,10.8,0.6381,0,0.0
P0006354,72,F,B,suv,27768,51.4,0.6809,0,0.0
P0006355,64,F,A,truck,28984,47.6,0.7692,1,8041.54
P0006356,40,F,A,sedan,11659,22.5,0.5017,0,0.0
P0006357,61,F,C,suv,14908,45.6,0.5021,0,0.0
P0006358,18,M,B,sedan,29177,2.8,0.6169,0,0.0
P0006359,20,F,A,sedan,15661,3.0,0.5408,0,0.0
P0006360,49,F,A,sedan,7409,31.8,0.88,0,0.0
P0006361,57,M,A,sedan,20433,38.3,0.9359,1,4558.17
P0006362,77,F,C,suv,9392,63.4,0.7066,0,0.0
P0006363,65,M,B,sedan,23412,49.9,0.7583,1,2381.4
P0006364,34,F,B,suv,33959,18.4,0.8064,0,0.0
P0006365,69,M,B,truck,8128,51.8,0.5474,0,0.0
P0006366,48,M,C,truck,13688,33.3,0.7349,0,0.0
P0006367,70,F,A,sedan,22557,53.2,0.9797,0,0.0
P0006368,28,M,A,sedan,9669,12.3,0.6039,1,1775.97
P0006369,19,M,B,sedan,21583,2.3,0.542,0,0.0
P0006370,21,M,C,sedan,11662,5.5,0.6403,0,0.0
P0006371,80,F,B,sedan,24711,65.0,0.774,0,0.0
P0006372,23,F,B,suv,16194,5.4,0.9342,0,0.0
P0006373,77,F,C,suv,33691,57.8,0.6774,0,0.0
P0006374,63,M,A,sedan,30966,44.4,0.6724,0,0.0
P0006375,27,F,B,sedan,35799,7.8,0.6715,0,0.0
P0006376,72,F,B,truck,9728,52.5,0.9205,0,0.0
P0006377,27,M,C,truck,34394,10.3,0.7347,0,0.0
P0006378,27,F,A,suv,5488,6.3,0.6657,0,0.0
P0006379,54,M,B,suv,11793,35.5,0.5885,1,2697.91
P0006380,36,F,C,suv,31814,20.9,0.5628,0,0.0
P0006381,36,M,B,sedan,31732,20.3,0.9871,1,9042.1
P0006382,30,F,B,truck,14289,12.7,0.7432,0,0.0
P0006383,56,F,A,sedan,31091,37.2,0.5361,0,0.0
P0006384,19,M,A,suv,7384,2.5,0.9532,0,0.0
P0006385,33,F,A,sedan,15420,17.9,0.977,1,3009.15
P0006386,52,F,A,suv,5860,33.4,0.6186,0,0.0
P0006387,48,F,C,suv,21033,33.2,0.658,0,0.0
P0006388,62,M,B,suv,32886,44.4,0.9802,0,0.0
P0006389,31,F,C,sedan,24016,13.9,0.5079,0,0.0
P0006390,58,F,A,suv,21217,43.7,0.6622,0,0.0
P0006391,65,F,A,suv,11139,44.4,0.7151,0,0.0
P0006392,42,F,C,suv,23925,25.0,0.8852,0,0.0
P0006393,34,M,A,sedan,15051,19.4,0.6839,0,0.0
P0006394,52,F,A,suv,24097,34.9,0.6692,0,0.0
P0006395,54,M,A,suv,9045,40.5,0.8647,0,0.0
P0006396,23,M,A,sedan,21188,5.3,0.9247,0,0.0
P0006397,53,M,A,suv,20425,34.3,0.5466,0,0.0
P0006398,27,M,A,sedan,28847,4.6,0.5712,0,0.0
P0006399,53,F,C,suv,33183,35.8,0.8299,1,1773.41
P0006400,76,M,A,sedan,33088,60.3,0.6572,0,0.0
P0006401,51,M,B,truck,15590,33.6,0.8342,0,0.0
P0006402,65,M,B,sedan,24873,45.1,0.587,0,0.0
P0006403,37,F,B,sedan,25250,19.0,0.902,0,0.0
P0006404,76,F,B,sedan,31160,57.3,0.6607,0,0.0
P0006405,69,M,A,truck,30020,50.5,0.6676,0,0.0
P0006406,75,F,A,sedan,5298,57.0,0.5894,0,0.0
P0006407,64,M,B,sedan,29827,49.8,0.6057,0,0.0
P0006408,58,F,C,sedan,19885,43.9,0.7992,0,0.0
P0006409,51,F,B,suv,34464,37.2,0.7908,0,0.0
P0006410,76,F,B,sedan,23725,61.4,0.9122,1,7510.79
P0006411,71,F,C,suv,16994,56.2,0.8151,0,0.0
P0006412,44,F,C,sedan,11238,23.3,0.7139,0,0.0
P0006413,23,M,C,sedan,34427,7.4,0.9017,0,0.0
P0006414,18,M,B,sedan,9969,0.8,0.5083,0,0.0
P0006415,32,M,C,suv,7795,15.5,0.8509,0,0.0
P0006416,21,M,B,sedan,9223,3.6,0.7716,0,0.0
P0006417,31,M,B,truck,22098,13.9,0.6104,1,451.37
P0006418,24,F,C,sedan,13829,9.5,0.8187,1,365.35
P0006419,79,M,B,suv,23006,60.8,0.9933,0,0.0
P0006420,24,M,C,sedan,30525,8.4,0.6733,0,0.0
P0006421,57,M,C,sedan,14022,41.4,0.8193,0,0.0
P0006422,40,F,B,truck,5857,23.6,0.7197,0,0.0
P0006423,28,M,A,suv,16132,9.4,0.6962,0,0.0
P0006424,62,F,C,suv,23675,46.2,0.6536,0,0.0
P0006425,79,F,A,suv,27579,61.8,0.6145,0,0.0
P0006426,67,M,B,sedan,7112,49.2,0.6178,1,4033.82
P0006427,79,M,A,truck,32232,61.5,0.8871,0,0.0
P0006428,55,F,C,sedan,23389,37.6,0.6619,0,0.0
P0006429,60,F,C,truck,19929,45.8,0.7648,0,0.0
P0006430,27,M,A,suv,12818,9.7,0.6068,0,0.0
P0006431,71,F,B,sedan,34722,55.8,0.6062,0,0.0
P0006432,65,F,C,suv,9877,51.5,0.7935,0,0.0
P0006433,34,M,A,truck,18914,17.9,0.7914,0,0.0
P0006434,40,M,A,sedan,19440,24.0,0.7526,0,0.0
P0006435,56,F,A,sedan,21956,33.1,0.8466,0,0.0
P0006436,18,M,C,suv,12164,0.0,0.8185,0,0.0
P0006437,69,F,B,sedan,34248,50.4,0.6001,1,4078.63
P0006438,35,F,A,sedan,16726,18.8,0.5277,0,0.0
P0006439,22,M,A,suv,27079,5.4,0.6348,0,0.0
P0006440,38,M,B,truck,24624,15.9,0.7156,0,0.0
P0006441,70,F,A,suv,11289,54.3,0.6041,0,0.0
P0006442,35,F,B,truck,34023,17.5,0.7412,0,0.0
P0006443,51,F,A,sedan,19260,30.3,0.5184,0,0.0
P0006444,69,F,C,sedan,24152,53.4,0.7386,1,5175.58
P0006445,20,F,B,sedan,25021,2.7,0.6758,0,0.0
P0006446,65,F,C,sedan,20719,48.0,0.9796,0,0.0
P0006447,36,M,A,suv,24779,20.8,0.9383,0,0.0
P0006448,61,F,B,sedan,22267,42.5,0.9756,0,0.0
P0006449,29,M,C,sedan,27955,14.2,0.8294,0,0.0
P0006450,26,M,B,suv,19634,7.4,0.986,0,0.0
P0006451,67,M,A,suv,30184,49.1,0.5948,0,0.0
P0006452,68,M,A,suv,22447,49.2,0.7662,1,5260.63
P0006453,79,F,B,suv,35954,62.4,0.8716,1,3710.17
P0006454,60,F,B,truck,22675,42.2,0.7412,0,0.0
P0006455,47,M,C,suv,23290,27.9,0.6069,0,0.0
P0006456,30,F,C,truck,20258,15.8,0.8269,1,5265.42
P0006457,36,F,B,truck,17317,21.4,0.9856,0,0.0
P0006458,58,F,C,truck,29439,39.8,0.7616,1,3151.44
P0006459,39,M,B,sedan,24669,20.4,0.6241,0,0.0
P0006460,48,F,A,suv,17113,30.7,0.5203,0,0.0
P0006461,28,F,A,sedan,30016,9.2,0.5521,0,0.0
P0006462,45,F,C,sedan,8364,28.7,0.8886,0,0.0
P0006463,32,M,A,suv,6929,12.5,0.7426,0,0.0
P0006464,25,F,C,sedan,24934,8.1,0.6043,0,0.0
P0006465,26,M,A,suv,19200,10.6,0.93,0,0.0
P0006466,50,M,A,truck,29678,30.2,0.718,0,0.0
P0006467,41,F,C,sedan,25586,22.3,0.8979,0,0.0
P0006468,24,F,C,truck,29180,7.9,0.9056,1,2954.02
P0006469,50,M,C,suv,13229,33.9,0.859,0,0.0
P0006470,28,M,A,truck,12816,9.8,0.9863,0,0.0
P0006471,18,F,A,sedan,12791,3.0,0.9485,0,0.0
P0006472,26,F,B,truck,25057,8.4,0.5627,0,0.0
P0006473,46,F,C,sedan,25903,29.3,0.6719,0,0.0
P0006474,78,F,A,truck,35956,60.6,0.9771,0,0.0
P0006475,33,F,B,sedan,11725,20.0,0.8278,0,0.0
P0006476,35,F,A,sedan,8241,19.8,0.7219,0,0.0
P0006477,33,F,B,sedan,34699,15.5,0.9311,0,0.0
P0006478,40,M,A,suv,21205,20.9,0.8194,0,0.0
P0006479,63,M,C,truck,16368,46.3,0.6853,0,0.0
P0006480,38,M,A,suv,14467,19.6,0.6356,0,0.0
P0006481,59,M,B,suv,32390,45.0,0.9256,1,1779.17
P0006482,74,M,C,sedan,29527,57.9,0.9234,0,0.0
P0006483,77,F,A,truck,10424,59.4,0.9592,0,0.0
P0006484,53,M,A,sedan,15066,36.1,0.8923,0,0.0
P0006485,62,F,B,truck,31977,43.5,0.5924,0,0.0
P0006486,75,F,B,suv,27741,58.5,0.6942,0,0.0
P0006487,67,M,B,sedan,30268,50.5,0.664,0,0.0
P0006488,36,M,B,sedan,9974,17.7,0.6289,0,0.0
P0006489,26,F,A,suv,22959,10.1,0.8974,0,0.0
P0006490,25,M,C,truck,7075,9.8,0.5623,0,0.0
P0006491,73,F,A,suv,18964,55.1,0.7396,0,0.0
P0006492,53,F,B,truck,8227,37.9,0.9328,0,0.0
P0006493,36,F,C,truck,13320,16.2,0.8945,0,0.0
P0006494,39,F,C,sedan,13069,25.7,0.6337,0,0.0
P0006495,35,M,A,suv,10846,18.6,0.5178,0,0.0
P0006496,68,F,A,suv,31334,47.7,0.7069,0,0.0
P0006497,56,F,B,sedan,16505,35.0,0.7968,0,0.0
P0006498,73,M,A,suv,9663,56.2,0.9274,0,0.0
P0006499,37,M,B,sedan,35638,17.8,0.7641,1,1832.44
P0006500,47,F,B,suv,6035,28.4,0.6329,0,0.0
P0006501,25,F,A,suv,9595,9.0,0.8454,0,0.0
P0006502,79,F,B,truck,31457,61.1,0.7008,0,0.0
P0006503,50,F,B,suv,18987,34.7,0.9126,0,0.0
P0006504,52,M,C,suv,16621,38.1,0.5119,0,0.0
P0006505,44,M,A,sedan,14460,26.0,0.7095,0,0.0
P0006506,35,F,A,truck,23250,16.9,0.7111,0,0.0
P0006507,77,F,A,sedan,16123,62.4,0.7938,0,0.0
P0006508,48,F,B,suv,7597,31.3,0.6793,1,1937.96
P0006509,60,M,C,truck,34879,45.4,0.7011,0,0.0
P0006510,20,F,C,sedan,33127,3.9,0.8674,0,0.0
P0006511,35,F,C,sedan,10460,18.9,0.5856,0,0.0
P0006512,68,M,B,sedan,20637,49.5,0.6192,0,0.0
P0006513,23,M,C,suv,19060,7.0,0.5512,0,0.0
P0006514,24,F,A,sedan,7776,9.5,0.6288,0,0.0
P0006515,69,F,B,sedan,17360,48.6,0.7527,0,0.0
P0006516,37,F,B,sedan,24648,19.0,0.5946,0,0.0
P0006517,35,M,C,sedan,8227,16.2,0.5368,0,0.0
P0006518,53,F,C,sedan,16332,34.8,0.9982,0,0.0
P0006519,30,F,A,suv,12793,11.1,0.7276,0,0.0
P0006520,20,M,C,suv,15955,2.1,0.9158,1,1886.17
P0006521,18,F,C,suv,24527,0.1,0.8694,0,0.0
P0006522,22,F,C,sedan,17654,4.7,0.5827,0,0.0
P0006523,27,M,B,truck,28806,10.9,0.7561,0,0.0
P0006524,61,F,C,suv,20751,42.2,0.7839,0,0.0
P0006525,36,M,C,truck,26450,19.5,0.5789,0,0.0
P0006526,22,M,B,suv,24199,4.8,0.5559,0,0.0
P0006527,18,F,B,sedan,30326,0.3,0.6316,1,2472.79
P0006528,48,M,C,suv,9538,30.1,0.6306,0,0.0
P0006529,70,M,C,sedan,35719,55.0,0.6388,0,0.0
P0006530,39,M,B,truck,28385,21.6,0.6262,0,0.0
P0006531,22,M,C,suv,11139,7.0,0.7734,0,0.0
P0006532,32,F,A,sedan,5841,14.6,0.6472,0,0.0
P0006533,49,F,B,sedan,5793,30.4,0.8858,0,0.0
P0006534,29,M,A,suv,26674,8.4,0.5262,0,0.0
P0006535,79,F,B,sedan,18111,60.8,0.8108,0,0.0
P0006536,66,F,A,sedan,10682,47.3,0.8862,0,0.0
P0006537,39,F,A,truck,14850,24.2,0.7186,0,0.0
P0006538,77,F,A,sedan,18851,58.9,0.6597,1,6622.31
P0006539,38,M,A,sedan,6279,23.2,0.6515,0,0.0
P0006540,26,M,A,sedan,22408,6.6,0.6639,0,0.0
P0006541,77,M,B,suv,6124,62.1,0.5587,1,9264.26
P0006542,78,F,A,suv,25068,63.0,0.7905,0,0.0
P0006543,37,F,A,suv,6891,18.5,0.8117,0,0.0
P0006544,55,M,A,truck,29522,34.6,0.6948,0,0.0
P0006545,28,F,A,sedan,12844,8.9,0.9779,0,0.0
P0006546,58,M,A,sedan,21002,41.7,0.9557,0,0.0
P0006547,61,M,C,sedan,16961,46.0,0.6489,0,0.0
P0006548,62,F,B,sedan,32283,45.9,0.8662,1,2304.31
P0006549,53,F,A,sedan,29625,35.7,0.5582,0,0.0
P0006550,62,M,B,sedan,34606,45.2,0.8789,0,0.0
P0006551,52,F,A,truck,27177,37.1,0.8679,1,3650.38
P0006552,69,M,B,sedan,35257,49.4,0.6783,0,0.0
P0006553,29,M,C,truck,11984,9.4,0.6935,1,1430.4
P0006554,48,F,A,truck,14906,27.2,0.793,0,0.0
P0006555,44,M,A,suv,30095,30.3,0.6401,0,0.0
P0006556,51,F,B,truck,5997,35.6,0.7864,0,0.0
P0006557,26,F,A,suv,10547,8.5,0.9438,1,2580.04
P0006558,38,M,A,sedan,27189,21.0,0.7224,0,0.0
P0006559,78,M,B,suv,17396,61.9,0.6021,0,0.0
P0006560,24,M,B,sedan,12808,8.7,0.779,0,0.0
P0006561,58,M,A,sedan,14407,43.0,0.8264,1,662.72
P0006562,59,M,C,truck,28798,37.9,0.763,1,14141.5
P0006563,47,F,A,suv,19885,32.9,0.5118,0,0.0
P0006564,20,F,A,sedan,5155,6.1,0.8346,0,0.0
P0006565,20,F,B,suv,21013,5.4,0.5184,0,0.0
P0006566,35,F,B,truck,29092,17.6,0.7087,0,0.0
P0006567,24,F,B,sedan,10158,7.5,0.7072,0,0.0
P0006568,23,M,B,sedan,7174,5.2,0.9232,0,0.0
P0006569,28,F,B,sedan,24458,12.4,0.9313,0,0.0
P0006570,30,M,C,truck,32259,12.8,0.8875,0,0.0
P0006571,70,M,B,suv,7193,52.8,0.9099,0,0.0
P0006572,58,M,B,sedan,25190,37.9,0.6094,0,0.0
P0006573,19,F,C,suv,29141,0.0,0.8581,1,1218.05
P0006574,57,M,A,suv,10013,40.3,0.8746,0,0.0
P0006575,26,M,C,sedan,13071,7.3,0.889,0,0.0
P0006576,44,F,A,truck,20742,26.7,0.8974,0,0.0
P0006577,20,F,B,suv,23934,1.5,0.5816,0,0.0
P0006578,23,F,B,sedan,20661,5.2,0.6285,0,0.0
P0006579,26,M,B,truck,10695,7.5,0.8918,0,0.0
P0006580,45,M,A,sedan,32250,26.3,0.5737,0,0.0
P0006581,47,F,B,sedan,18048,29.2,0.562,0,0.0
P0006582,40,M,C,sedan,21502,22.7,0.9885,0,0.0
P0006583,57,F,C,sedan,21607,37.9,0.9839,0,0.0
P0006584,63,F,B,suv,22064,46.3,0.6684,0,0.0
P0006585,63,M,A,sedan,13989,47.2,0.5043,0,0.0
P0006586,54,M,A,sedan,14888,40.1,0.6991,0,0.0
P0006587,52,M,B,truck,9303,34.1,0.5129,0,0.0
P0006588,48,F,A,sedan,27583,29.6,0.5717,0,0.0
P0006589,32,F,C,sedan,14723,18.4,0.6121,0,0.0
P0006590,48,F,B,sedan,6559,32.2,0.9196,0,0.0
P0006591,18,F,B,truck,6443,0.0,0.6877,1,2539.23
P0006592,78,F,A,sedan,35006,61.3,0.5041,0,0.0
P0006593,41,M,A,sedan,18263,23.9,0.8184,0,0.0
P0006594,65,M,B,truck,23793,46.2,0.5353,0,0.0
P0006595,78,F,B,sedan,21554,61.2,0.9471,0,0.0
P0006596,49,F,A,truck,31215,31.2,0.6227,0,0.0
P0006597,72,F,B,suv,32525,57.2,0.6189,0,0.0
P0006598,48,F,B,truck,29213,30.3,0.6985,0,0.0
P0006599,26,M,B,sedan,35442,11.7,0.5537,0,0.0
P0006600,19,F,C,truck,11762,4.6,0.5116,0,0.0
P0006601,26,M,A,sedan,18930,10.0,0.9572,0,0.0
P0006602,77,F,A,sedan,13961,58.9,0.9318,0,0.0
P0006603,47,F,C,suv,30820,29.9,0.9582,0,0.0
P0006604,38,M,A,sedan,13618,22.6,0.8383,0,0.0
P0006605,46,F,B,sedan,29624,27.2,0.5065,0,0.0
P0006606,34,F,C,suv,11991,16.4,0.9866,0,0.0
P0006607,72,M,B,sedan,26482,52.9,0.8544,0,0.0
P0006608,80,F,C,sedan,5493,64.8,0.7076,0,0.0
P0006609,23,F,B,sedan,29449,3.1,0.8662,0,0.0
P0006610,63,F,B,sedan,30635,42.8,0.7835,0,0.0
P0006611,39,F,A,suv,22457,20.2,0.8358,0,0.0
P0006612,20,M,A,suv,21673,2.0,0.9121,0,0.0
P0006613,76,F,B,sedan,19238,58.0,0.9681,0,0.0
P0006614,21,M,A,sedan,23326,3.3,0.8983,0,0.0
P0006615,30,M,B,sedan,22529,15.7,0.9479,0,0.0
P0006616,19,F,A,sedan,20242,3.2,0.7838,0,0.0
P0006617,47,F,A,sedan,21139,30.2,0.6692,0,0.0
P0006618,55,F,B,suv,8855,40.1,0.8348,0,0.0
P0006619,38,F,B,sedan,19443,18.1,0.7781,0,0.0
P0006620,22,F,A,suv,18519,4.0,0.5281,0,0.0
P0006621,25,M,C,sedan,32754,4.4,0.7879,0,0.0
P0006622,76,F,A,sedan,14102,57.4,0.7087,0,0.0
P0006623,68,F,A,sedan,35008,53.8,0.6848,0,0.0
P0006624,77,M,C,sedan,32653,57.4,0.8622,1,24812.59
P0006625,51,M,C,suv,29274,34.9,0.9426,0,0.0
P0006626,52,F,B,suv,26737,32.3,0.5986,0,0.0
P0006627,67,F,B,truck,14823,47.0,0.8974,0,0.0
P0006628,56,M,C,sedan,10042,36.3,0.5848,0,0.0
P0006629,45,F,B,sedan,29484,25.9,0.7882,0,0.0
P0006630,36,M,A,truck,26759,18.1,0.9241,0,0.0
P0006631,48,M,A,suv,30779,31.0,0.9529,0,0.0
P0006632,22,F,A,sedan,21999,1.2,0.6542,1,1098.22
P0006633,30,F,C,sedan,32845,12.5,0.9094,0,0.0
P0006634,64,F,B,sedan,7531,47.8,0.9394,0,0.0
P0006635,72,F,A,sedan,8399,54.1,0.5864,0,0.0
P0006636,24,F,A,suv,7156,4.7,0.6924,0,0.0
P0006637,24,M,A,sedan,14967,4.8,0.8881,1,2048.63
P0006638,23,M,B,truck,9570,8.2,0.5074,0,0.0
P0006639,67,M,C,suv,6258,47.8,0.8129,0,0.0
P0006640,37,M,B,suv,30125,18.6,0.7073,0,0.0
P0006641,38,M,C,sedan,9836,21.7,0.7588,1,739.85
P0006642,18,F,A,suv,30728,2.6,0.7092,0,0.0
P0006643,79,F,B,truck,24922,59.1,0.5977,0,0.0
P0006644,45,M,B,sedan,23853,24.9,0.6742,0,0.0
P0006645,68,M,A,suv,8626,47.9,0.9305,0,0.0
P0006646,62,F,B,sedan,5484,47.6,0.8055,0,0.0
P0006647,26,M,C,sedan,9327,9.4,0.7386,1,2802.62
P0006648,68,F,A,truck,14830,50.9,0.853,0,0.0
P0006649,52,F,B,suv,34649,32.0,0.5919,0,0.0
P0006650,56,M,C,suv,17428,37.4,0.5417,0,0.0
P0006651,30,F,C,sedan,12230,13.4,0.7743,1,892.44
P0006652,71,M,B,truck,13815,53.7,0.5058,1,4260.54
P0006653,76,M,A,suv,15380,57.6,0.5741,0,0.0
P0006654,43,M,C,sedan,23014,24.5,0.8585,0,0.0
P0006655,23,F,A,truck,29992,2.6,0.9508,1,384.32
P0006656,71,M,A,sedan,6928,51.1,0.6426,0,0.0
P0006657,73,F,A,sedan,29015,53.5,0.6913,0,0.0
P0006658,49,M,B,truck,5619,33.5,0.8405,0,0.0
P0006659,54,F,B,sedan,14972,38.4,0.9024,0,0.0
P0006660,32,M,C,sedan,23223,17.0,0.6301,0,0.0
P0006661,22,M,B,sedan,8251,4.2,0.9131,1,2093.2
P0006662,77,F,C,truck,13200,60.9,0.9863,2,9940.12
P0006663,48,F,B,sedan,24794,29.8,0.544,0,0.0
P0006664,35,F,B,sedan,26282,16.5,0.6122,0,0.0
P0006665,61,M,A,sedan,7568,43.5,0.8631,0,0.0
P0006666,19,M,A,sedan,29105,0.2,0.5184,0,0.0
P0006667,23,M,B,sedan,17650,7.2,0.642,0,0.0
P0006668,33,M,B,truck,23942,18.9,0.9223,0,0.0
P0006669,46,F,A,suv,11590,30.4,0.8408,0,0.0
P0006670,41,M,B,truck,35680,22.3,0.8204,0,0.0
P0006671,29,F,A,suv,28594,8.3,0.806,0,0.0
P0006672,40,M,B,sedan,24930,20.0,0.751,0,0.0
P0006673,39,F,A,sedan,10762,22.3,0.8834,0,0.0
P0006674,51,M,A,suv,28955,32.0,0.9326,0,0.0
P0006675,53,F,A,sedan,16700,38.7,0.8978,0,0.0
P0006676,73,F,C,suv,24871,52.8,0.7413,0,0.0
P0006677,68,F,C,sedan,25151,49.9,0.8893,0,0.0
P0006678,36,M,A,suv,29968,17.3,0.8777,1,371.36
P0006679,74,F,A,sedan,30919,60.7,0.7279,0,0.0
P0006680,50,F,B,sedan,17108,32.0,0.6671,0,0.0
P0006681,29,F,A,truck,7513,8.2,0.7051,1,2191.27
P0006682,39,F,C,sedan,18465,21.3,0.7466,0,0.0
P0006683,64,M,B,sedan,17406,47.1,0.5735,0,0.0
P0006684,69,M,C,sedan,15390,52.4,0.6092,1,3606.12
P0006685,41,M,A,sedan,20148,25.3,0.5509,1,1095.27
P0006686,27,M,C,suv,22870,9.7,0.5361,0,0.0
P0006687,30,F,C,truck,24323,15.3,0.7831,0,0.0
P0006688,24,F,B,truck,16613,6.0,0.849,0,0.0
P0006689,62,M,C,suv,24109,42.7,0.8068,0,0.0
P0006690,49,M,B,suv,35623,32.8,0.8635,0,0.0
P0006691,46,F,A,sedan,25172,28.1,0.7033,0,0.0
P0006692,60,M,B,truck,23693,43.0,0.8996,0,0.0
P0006693,70,F,C,suv,13854,52.1,0.8738,0,0.0
P0006694,68,F,C,sedan,15406,49.1,0.8555,0,0.0
P0006695,26,F,B,truck,6601,8.1,0.883,0,0.0
P0006696,55,M,B,suv,20753,36.2,0.6157,0,0.0
P0006697,73,M,A,sedan,7308,54.9,0.7847,0,0.0
P0006698,66,M,A,suv,29198,47.2,0.8875,0,0.0
P0006699,38,M,B,sedan,34667,20.3,0.5494,0,0.0
P0006700,42,M,B,sedan,29989,24.2,0.6235,1,1017.47
P0006701,74,F,A,sedan,9856,55.5,0.7454,1,5013.27
P0006702,20,M,C,suv,24750,3.0,0.7071,0,0.0
P0006703,51,F,B,sedan,18347,33.0,0.9571,0,0.0
P0006704,25,F,B,sedan,5072,9.7,0.8753,0,0.0
P0006705,74,F,A,sedan,27211,60.5,0.5204,0,0.0
P0006706,20,F,A,sedan,31927,2.7,0.7327,0,0.0
P0006707,19,M,B,suv,19313,3.5,0.8813,1,2098.57
P0006708,38,F,C,sedan,33203,17.0,0.8345,0,0.0
P0006709,30,F,A,sedan,6721,14.5,0.7688,0,0.0
P0006710,49,M,C,sedan,32021,30.4,0.5426,0,0.0
P0006711,36,M,C,sedan,26116,20.3,0.9576,0,0.0
P0006712,40,F,C,sedan,25804,23.0,0.7075,0,0.0
P0006713,53,F,B,truck,20594,38.1,0.5726,0,0.0
P0006714,53,F,A,sedan,5840,38.3,0.5422,0,0.0
P0006715,76,M,C,sedan,19018,58.3,0.8924,0,0.0
P0006716,48,M,B,sedan,34474,31.7,0.8064,1,2602.71
P0006717,53,F,A,suv,19336,34.4,0.6259,0,0.0
P0006718,60,M,B,sedan,7102,40.4,0.7665,0,0.0
P0006719,28,M,B,suv,20317,14.1,0.9732,0,0.0
P0006720,60,M,B,suv,9634,40.8,0.7466,1,12893.15
P0006721,72,F,C,sedan,18062,56.9,0.6953,0,0.0
P0006722,38,M,B,sedan,24464,21.7,0.6539,0,0.0
P0006723,29,M,A,truck,7076,14.8,0.5911,1,3802.76
P0006724,39,F,C,sedan,19316,24.7,0.9552,0,0.0
P0006725,35,F,A,suv,20674,21.9,0.5858,0,0.0
P0006726,54,F,A,suv,28397,37.8,0.5273,0,0.0
P0006727,72,F,C,sedan,7107,54.9,0.5714,0,0.0
P0006728,55,M,C,suv,24627,38.7,0.5912,0,0.0
P0006729,25,M,B,sedan,24274,11.6,0.7124,0,0.0
P0006730,37,F,B,sedan,5129,23.9,0.9548,0,0.0
P0006731,61,M,B,suv,8705,44.0,0.5674,1,5266.76
P0006732,38,F,C,truck,24927,19.4,0.5731,0,0.0
P0006733,54,M,C,sedan,31664,36.5,0.7187,0,0.0
P0006734,61,F,A,suv,31604,40.3,0.9519,0,0.0
P0006735,38,M,C,sedan,28830,21.1,0.9636,0,0.0
P0006736,58,M,B,suv,31416,40.4,0.9754,0,0.0
P0006737,43,M,A,sedan,23806,26.0,0.5634,0,0.0
P0006738,26,M,A,sedan,9879,10.6,0.8528,0,0.0
P0006739,41,F,A,truck,21474,24.3,0.8237,0,0.0
P0006740,45,M,C,suv,15768,26.3,0.5152,0,0.0
P0006741,18,M,B,sedan,12908,0.0,0.8361,1,1593.84
P0006742,74,F,B,truck,8705,56.3,0.8485,0,0.0
P0006743,51,M,A,sedan,5614,30.8,0.8283,0,0.0
P0006744,20,F,C,suv,28295,2.1,0.6078,0,0.0
P0006745,72,F,B,suv,10278,54.3,0.6662,0,0.0
P0006746,71,M,C,truck,24454,51.0,0.7769,1,7726.11
P0006747,18,F,B,sedan,14378,2.4,0.5692,0,0.0
P0006748,28,F,C,suv,20017,8.1,0.5794,0,0.0
P0006749,40,F,B,suv,17319,24.9,0.8494,0,0.0
P0006750,49,M,B,sedan,14292,32.5,0.5829,0,0.0
P0006751,63,M,C,truck,19900,49.7,0.5083,0,0.0
P0006752,44,F,B,sedan,29400,26.5,0.5926,0,0.0
P0006753,56,M,C,sedan,20624,36.3,0.5378,0,0.0
P0006754,18,M,A,suv,29534,2.9,0.6411,0,0.0
P0006755,59,M,B,sedan,33233,42.6,0.8802,1,8782.46
P0006756,75,M,C,truck,20226,58.4,0.893,1,1461.12
P0006757,51,M,C,sedan,29882,34.4,0.5357,0,0.0
P0006758,46,F,B,sedan,8857,31.1,0.7851,0,0.0
P0006759,36,F,B,suv,22543,18.9,0.544,0,0.0
P0006760,78,M,C,truck,19426,57.9,0.5935,0,0.0
P0006761,20,F,A,suv,5174,4.0,0.8921,0,0.0
P0006762,36,F,C,sedan,32778,18.5,0.986,1,3117.34
P0006763,26,F,A,sedan,27986,8.6,0.6358,1,2093.89
P0006764,72,F,A,suv,23106,55.8,0.8884,0,0.0
P0006765,48,M,C,truck,26565,30.4,0.671,0,0.0
P0006766,76,F,B,suv,28374,59.8,0.8923,0,0.0
P0006767,59,M,A,suv,29106,41.2,0.7851,0,0.0
P0006768,53,M,A,sedan,14134,36.1,0.7732,1,945.36
P0006769,50,F,C,sedan,17952,35.8,0.9044,0,0.0
P0006770,30,F,B,sedan,15638,16.6,0.8481,0,0.0
P0006771,53,F,C,sedan,33241,40.3,0.9854,0,0.0
P0006772,61,F,A,sedan,8630,44.8,0.6813,0,0.0
P0006773,78,F,B,suv,33124,59.3,0.9775,0,0.0
P0006774,52,M,A,suv,15626,36.5,0.9138,0,0.0
P0006775,77,F,B,sedan,29136,60.5,0.7468,0,0.0
P0006776,77,F,A,truck,10258,61.3,0.7504,0,0.0
P0006777,50,F,A,sedan,31146,34.7,0.951,0,0.0
P0006778,45,F,B,suv,21708,23.6,0.7937,0,0.0
P0006779,26,F,B,suv,35530,10.6,0.6689,0,0.0
P0006780,34,M,B,truck,17207,19.7,0.5207,0,0.0
P0006781,73,F,B,truck,35829,57.8,0.6498,0,0.0
P0006782,26,M,B,suv,30908,8.9,0.6087,0,0.0
P0006783,43,M,B,sedan,5253,27.1,0.5645,0,0.0
P0006784,62,M,C,suv,16864,44.4,0.8363,0,0.0
P0006785,33,M,C,truck,17579,17.5,0.6978,0,0.0
P0006786,79,F,C,sedan,11582,63.2,0.5473,0,0.0
P0006787,58,M,A,suv,32223,42.4,0.6635,0,0.0
P0006788,19,F,B,sedan,7611,2.2,0.5702,0,0.0
P0006789,33,M,C,suv,13019,14.6,0.7993,0,0.0
P0006790,64,F,C,sedan,12829,45.4,0.7135,0,0.0
P0006791,72,M,B,suv,17972,52.2,0.9671,1,4463.63
P0006792,76,M,B,sedan,26618,61.6,0.8044,0,0.0
P0006793,71,M,C,sedan,5214,56.1,0.8826,0,0.0
P0006794,22,F,C,sedan,24413,6.8,0.6675,0,0.0
P0006795,63,M,B,suv,17551,46.0,0.8772,0,0.0
P0006796,24,M,A,truck,24218,9.2,0.8674,0,0.0
P0006797,22,F,C,sedan,6913,6.4,0.9954,2,6372.92
P0006798,61,F,B,sedan,31603,42.6,0.8306,0,0.0
P0006799,48,F,A,suv,22899,28.9,0.9581,0,0.0
P0006800,58,F,A,suv,12837,39.6,0.9335,0,0.0
P0006801,71,M,B,sedan,29475,53.4,0.9594,0,0.0
P0006802,22,F,B,suv,19594,6.3,0.7866,0,0.0
P0006803,51,M,C,truck,17099,34.0,0.612,0,0.0
P0006804,70,M,A,sedan,10213,50.7,0.7925,0,0.0
P0006805,45,M,A,sedan,20205,26.7,0.9608,0,0.0
P0006806,50,M,B,sedan,11782,31.2,0.9865,0,0.0
P0006807,49,M,A,truck,27743,30.1,0.9731,1,2675.53
P0006808,75,F,B,truck,16498,58.7,0.7205,0,0.0
P0006809,21,F,B,suv,8670,2.7,0.9022,0,0.0
P0006810,73,M,A,truck,26919,56.8,0.7443,0,0.0
P0006811,69,M,C,sedan,31196,50.8,0.8459,0,0.0
P0006812,69,F,A,suv,30844,49.5,0.7158,0,0.0
P0006813,43,M,C,suv,20031,22.9,0.6513,0,0.0
P0006814,50,M,B,truck,14523,31.8,0.721,0,0.0
P0006815,41,F,B,suv,11864,23.2,0.6535,0,0.0
P0006816,33,M,C,sedan,17330,13.2,0.7116,0,0.0
P0006817,73,M,A,sedan,8144,57.7,0.8388,0,0.0
P0006818,49,F,C,sedan,32517,29.1,0.6004,0,0.0
P0006819,63,F,A,truck,12720,45.7,0.8384,0,0.0
P0006820,24,F,C,sedan,29187,6.7,0.5368,0,0.0
P0006821,67,M,A,suv,16939,50.9,0.5008,0,0.0
P0006822,59,F,B,sedan,26400,44.3,0.6165,0,0.0
P0006823,80,M,A,sedan,33232,60.1,0.6012,0,0.0
P0006824,26,M,B,sedan,17621,8.2,0.9166,0,0.0
P0006825,52,M,A,suv,34909,35.7,0.878,0,0.0
P0006826,50,F,A,sedan,15572,32.3,0.8332,0,0.0
P0006827,51,F,A,sedan,12890,34.7,0.8531,0,0.0
P0006828,21,F,A,sedan,27426,7.4,0.8315,0,0.0
P0006829,47,F,B,truck,9358,30.4,0.9132,1,3590.03
P0006830,36,F,B,suv,7893,21.8,0.7669,0,0.0
P0006831,56,F,A,suv,16410,38.5,0.5088,0,0.0
P0006832,32,F,C,truck,21847,11.8,0.9317,0,0.0
P0006833,45,M,B,suv,19511,29.3,0.7352,0,0.0
P0006834,57,F,A,suv,6884,38.4,0.9642,0,0.0
P0006835,22,F,B,suv,21995,6.3,0.9465,0,0.0
P0006836,67,M,B,sedan,24323,50.0,0.6997,0,0.0
P0006837,63,M,B,sedan,13825,47.8,0.9665,0,0.0
P0006838,21,M,C,truck,22620,2.8,0.5293,0,0.0
P0006839,22,M,B,sedan,15998,2.3,0.8312,0,0.0
P0006840,71,F,C,sedan,6853,53.6,0.8407,0,0.0
P0006841,35,M,B,truck,28067,16.9,0.9201,0,0.0
P0006842,72,M,C,sedan,18015,53.9,0.7357,0,0.0
P0006843,49,M,B,suv,35492,32.5,0.6203,0,0.0
P0006844,39,M,B,suv,10965,19.4,0.5221,0,0.0
P0006845,35,F,B,sedan,5234,19.0,0.7336,0,0.0
P0006846,59,F,C,sedan,29741,45.1,0.7266,1,4029.31
P0006847,24,M,A,sedan,31730,8.8,0.6782,1,436.4
P0006848,43,F,A,suv,33311,24.8,0.8182,0,0.0
P0006849,39,F,A,truck,35676,22.8,0.7657,0,0.0
P0006850,27,F,A,truck,14755,9.8,0.5578,0,0.0
P0006851,40,F,C,sedan,26043,23.5,0.5241,0,0.0
P0006852,51,F,B,sedan,5908,33.6,0.9453,0,0.0
P0006853,60,F,A,suv,17941,40.8,0.8711,0,0.0
P0006854,23,M,B,suv,32827,2.9,0.7316,0,0.0
P0006855,72,F,A,sedan,24664,56.9,0.748,0,0.0
P0006856,73,F,C,sedan,31180,54.1,0.5572,1,3489.59
P0006857,61,F,C,sedan,34329,43.6,0.6318,0,0.0
P0006858,76,M,A,sedan,29702,61.4,0.9124,0,0.0
P0006859,44,M,B,suv,26307,26.0,0.5632,0,0.0
P0006860,69,M,C,truck,16047,48.3,0.5521,0,0.0
P0006861,63,M,B,sedan,21478,47.5,0.7791,0,0.0
P0006862,53,M,C,suv,7470,36.5,0.9202,0,0.0
P0006863,29,M,A,sedan,22891,15.2,0.6896,1,1708.42
P0006864,53,M,A,sedan,35221,36.2,0.8229,0,0.0
P0006865,74,F,B,sedan,9585,56.7,0.9511,0,0.0
P0006866,80,M,A,sedan,20295,59.1,0.9456,0,0.0
P0006867,46,F,C,sedan,32883,30.9,0.7339,0,0.0
P0006868,33,M,C,suv,16054,14.1,0.6478,0,0.0
P0006869,65,F,A,suv,23264,47.4,0.7867,0,0.0
P0006870,22,F,B,suv,29093,0.5,0.9621,0,0.0
P0006871,27,F,C,suv,29432,9.6,0.8404,0,0.0
P0006872,53,M,C,sedan,25791,36.1,0.9776,0,0.0
P0006873,80,M,A,sedan,6943,61.3,0.7896,0,0.0
P0006874,38,F,C,sedan,6297,20.0,0.5106,0,0.0
P0006875,45,F,A,sedan,28393,26.1,0.724,0,0.0
P0006876,38,F,C,sedan,34710,19.9,0.9516,0,0.0
P0006877,45,M,B,truck,13299,31.0,0.5169,0,0.0
P0006878,18,F,A,truck,22237,0.0,0.809,1,1085.9
P0006879,55,F,B,suv,7212,37.0,0.689,0,0.0
P0006880,55,M,B,suv,10835,39.5,0.7018,0,0.0
P0006881,37,M,B,suv,20021,19.4,0.7838,0,0.0
P0006882,34,M,A,suv,5495,20.7,0.7058,0,0.0
P0006883,65,M,B,suv,23251,47.5,0.9601,0,0.0
P0006884,29,M,C,sedan,22119,10.6,0.6518,0,0.0
P0006885,20,F,A,truck,7873,1.1,0.8796,0,0.0
P0006886,20,F,A,suv,23415,1.6,0.546,0,0.0
P0006887,73,M,C,sedan,19118,57.8,0.6664,0,0.0
P0006888,40,F,B,suv,8088,25.9,0.5789,0,0.0
P0006889,24,M,B,suv,11779,5.1,0.6099,0,0.0
P0006890,73,F,C,truck,21892,55.2,0.7822,0,0.0
P0006891,27,F,A,sedan,30138,9.0,0.671,0,0.0
P0006892,39,F,C,sedan,18383,18.6,0.5244,0,0.0
P0006893,19,M,B,sedan,24594,5.2,0.9317,0,0.0
P0006894,60,M,A,sedan,18566,39.4,0.8377,0,0.0
P0006895,62,F,C,sedan,31704,46.1,0.9776,0,0.0
P0006896,65,F,C,sedan,35233,46.4,0.9002,0,0.0
P0006897,34,F,A,sedan,18100,17.0,0.7797,0,0.0
P0006898,38,F,C,sedan,14172,21.7,0.7302,0,0.0
P0006899,77,F,C,suv,22850,63.0,0.9733,3,14408.62
P0006900,69,M,C,suv,32408,53.3,0.712,0,0.0
P0006901,20,F,A,sedan,23582,2.1,0.7724,0,0.0
P0006902,61,F,A,sedan,15680,43.3,0.6669,0,0.0
P0006903,69,F,C,suv,29062,50.1,0.6403,0,0.0
P0006904,53,F,C,sedan,10564,37.4,0.9228,0,0.0
P0006905,58,F,A,suv,13459,39.5,0.6235,0,0.0
P0006906,18,M,B,sedan,9720,0.9,0.572,0,0.0
P0006907,19,M,A,sedan,33298,0.7,0.864,1,1095.06
P0006908,20,M,B,truck,34159,2.0,0.9206,1,3101.16
P0006909,28,F,B,sedan,34713,11.9,0.9639,0,0.0
P0006910,80,M,A,sedan,5722,62.5,0.8335,0,0.0
P0006911,57,M,B,sedan,32876,39.1,0.6742,0,0.0
P0006912,67,M,B,suv,11793,48.4,0.7553,0,0.0
P0006913,36,M,B,suv,34526,16.0,0.5931,0,0.0
P0006914,77,F,C,suv,15554,61.3,0.6061,0,0.0
P0006915,30,M,A,truck,14489,15.3,0.9481,0,0.0
P0006916,74,M,A,sedan,25360,54.4,0.9244,0,0.0
P0006917,19,M,B,sedan,29494,4.6,0.6395,1,1687.47
P0006918,19,M,B,truck,16649,0.0,0.6902,0,0.0
P0006919,22,M,A,sedan,30555,6.8,0.9794,0,0.0
P0006920,67,F,C,truck,5632,51.3,0.696,0,0.0
P0006921,34,M,A,suv,32855,17.2,0.6637,0,0.0
P0006922,46,M,A,sedan,21025,31.9,0.6003,0,0.0
P0006923,47,M,C,truck,21640,31.9,0.7038,0,0.0
P0006924,67,M,C,sedan,32418,53.3,0.6818,0,0.0
P0006925,39,F,B,suv,6704,20.7,0.8674,0,0.0
P0006926,18,F,A,sedan,32483,1.0,0.6735,0,0.0
P0006927,42,F,A,suv,11296,25.0,0.7292,0,0.0
P0006928,36,M,A,suv,35739,19.1,0.6607,1,2209.09
P0006929,64,M,B,sedan,27289,47.0,0.6597,0,0.0
P0006930,65,M,B,truck,15614,49.0,0.6256,0,0.0
P0006931,23,M,A,sedan,7054,4.1,0.7491,0,0.0
P0006932,67,M,B,sedan,8796,53.5,0.7145,0,0.0
P0006933,22,F,C,sedan,8779,7.9,0.5288,1,2049.46
P0006934,57,M,A,suv,7155,37.3,0.9653,0,0.0
P0006935,42,M,A,sedan,24093,24.5,0.6744,0,0.0
P0006936,36,M,C,suv,31879,23.0,0.8788,0,0.0
P0006937,48,M,A,suv,29790,30.4,0.9535,0,0.0
P0006938,37,M,A,suv,28194,23.2,0.5057,0,0.0
P0006939,68,F,A,truck,35395,48.4,0.5617,1,1732.84
P0006940,78,M,B,truck,24454,59.2,0.5953,0,0.0
P0006941,69,M,B,sedan,7944,47.8,0.9429,0,0.0
P0006942,45,F,B,suv,20399,28.6,0.7728,0,0.0
P0006943,49,F,B,sedan,28499,34.4,0.6555,0,0.0
P0006944,46,F,B,sedan,19177,30.1,0.5221,0,0.0
P0006945,67,F,A,sedan,14522,51.0,0.5177,0,0.0
P0006946,52,M,C,sedan,20312,34.2,0.7888,0,0.0
P0006947,47,F,C,suv,29214,33.7,0.8516,1,3802.79
P0006948,43,F,B,sedan,16279,26.0,0.6928,0,0.0
P0006949,41,M,A,suv,15945,26.0,0.6438,0,0.0
P0006950,52,F,C,truck,19714,36.0,0.9033,0,0.0
P0006951,61,M,A,sedan,18000,41.2,0.9328,0,0.0
P0006952,45,F,A,sedan,11520,26.0,0.6917,0,0.0
P0006953,68,F,C,sedan,13675,49.5,0.8741,0,0.0
P0006954,70,M,A,sedan,8650,51.7,0.9347,1,3764.55
P0006955,45,M,A,truck,28297,28.5,0.6903,0,0.0
P0006956,75,M,B,sedan,11550,58.1,0.5804,1,3227.54
P0006957,28,M,B,sedan,35334,14.1,0.6842,2,3588.49
P0006958,76,F,B,sedan,35099,61.5,0.5311,0,0.0
P0006959,36,M,A,sedan,25839,18.7,0.5178,0,0.0
P0006960,53,F,B,suv,35711,38.2,0.9124,0,0.0
P0006961,35,F,A,truck,31773,16.6,0.9264,0,0.0
P0006962,45,F,C,suv,28296,28.1,0.8237,0,0.0
P0006963,39,M,A,sedan,16025,22.6,0.9284,0,0.0
P0006964,62,F,A,suv,30952,46.2,0.9677,1,2387.26
P0006965,23,F,B,truck,15565,5.1,0.8432,0,0.0
P0006966,70,F,A,sedan,8210,51.6,0.9558,0,0.0
P0006967,74,M,B,suv,22538,58.8,0.9598,0,0.0
P0006968,53,F,A,suv,8813,37.0,0.6372,0,0.0
P0006969,52,F,B,suv,7858,35.4,0.975,0,0.0
P0006970,62,F,A,sedan,7872,44.4,0.9919,0,0.0
P0006971,30,M,B,suv,33255,12.4,0.6399,0,0.0
P0006972,65,F,A,suv,6959,48.2,0.8137,0,0.0
P0006973,31,M,A,suv,17231,12.6,0.6101,0,0.0
P0006974,60,F,A,sedan,28167,43.3,0.6969,0,0.0
P0006975,37,F,C,sedan,29862,22.8,0.812,0,0.0
P0006976,65,F,B,suv,6748,45.3,0.5187,0,0.0
P0006977,67,F,A,suv,32708,48.0,0.8232,0,0.0
P0006978,31,F,A,truck,34420,16.8,0.743,0,0.0
P0006979,56,F,A,sedan,35068,38.6,0.5619,0,0.0
P0006980,49,M,A,sedan,25275,29.4,0.8423,0,0.0
P0006981,36,F,B,suv,20881,19.6,0.9712,0,0.0
P0006982,55,F,A,suv,10297,36.5,0.5011,0,0.0
P0006983,80,F,C,suv,8829,60.8,0.7189,0,0.0
P0006984,18,F,C,suv,30343,0.5,0.5631,0,0.0
P0006985,78,F,A,sedan,31360,56.7,0.6035,0,0.0
P0006986,71,F,A,sedan,30534,52.7,0.7458,0,0.0
P0006987,51,F,A,sedan,24164,33.8,0.6457,0,0.0
P0006988,56,F,A,sedan,22480,39.3,0.8246,0,0.0
P0006989,41,M,B,suv,10998,24.1,0.632,0,0.0
P0006990,26,M,A,sedan,7820,10.1,0.8881,0,0.0
P0006991,54,M,A,truck,11226,39.2,0.5917,0,0.0
P0006992,69,F,A,sedan,17424,53.8,0.9536,0,0.0
P0006993,32,M,B,suv,14342,15.3,0.7001,0,0.0
P0006994,63,F,A,suv,22004,44.4,0.5277,0,0.0
P0006995,65,F,C,sedan,29235,47.3,0.5499,1,9546.43
P0006996,65,M,A,suv,28057,47.7,0.7665,0,0.0
P0006997,39,F,A,truck,30669,17.8,0.9555,0,0.0
P0006998,42,F,B,truck,14253,21.6,0.7577,0,0.0
P0006999,44,M,B,sedan,34008,28.8,0.7251,0,0.0
P0007000,71,M,B,suv,32067,52.6,0.8864,0,0.0
P0007001,74,F,B,sedan,15815,59.4,0.6134,0,0.0
P0007002,44,F,A,sedan,12772,26.5,0.8383,0,0.0
P0007003,79,F,A,sedan,32525,64.7,0.6091,0,0.0
P0007004,53,M,A,truck,35944,37.2,0.9227,0,0.0
P0007005,42,F,B,suv,19415,23.8,0.9407,0,0.0
P0007006,18,F,B,sedan,8566,1.9,0.5973,0,0.0
P0007007,56,F,B,truck,23799,41.2,0.5718,0,0.0
P0007008,58,M,C,suv,30821,42.4,0.8617,0,0.0
P0007009,79,M,B,sedan,19533,63.9,0.8264,0,0.0
P0007010,63,F,C,suv,9098,45.2,0.8108,0,0.0
P0007011,19,M,B,suv,27803,0.0,0.7547,0,0.0
P0007012,53,F,B,sedan,28538,36.4,0.5645,0,0.0
P0007013,64,M,B,sedan,32123,44.9,0.8597,0,0.0
P0007014,49,F,A,sedan,31731,33.1,0.5812,0,0.0
P0007015,45,F,A,sedan,19812,28.2,0.7714,0,0.0
P0007016,69,F,B,truck,14700,48.4,0.6733,0,0.0
P0007017,56,M,A,sedan,10130,39.4,0.6658,0,0.0
P0007018,60,M,A,sedan,8141,40.9,0.9161,0,0.0
P0007019,47,M,C,truck,30634,31.4,0.7281,0,0.0
P0007020,35,F,B,truck,35997,18.0,0.7467,0,0.0
P0007021,50,F,A,suv,24941,34.7,0.9481,0,0.0
P0007022,78,F,A,suv,35102,60.9,0.7792,0,0.0
P0007023,55,F,C,truck,14531,37.5,0.9007,0,0.0
P0007024,62,F,C,suv,28461,43.5,0.9314,0,0.0
P0007025,25,M,B,sedan,17306,9.2,0.8476,1,1038.23
P0007026,80,M,A,sedan,16981,63.3,0.572,0,0.0
P0007027,33,M,A,sedan,24840,13.6,0.5596,0,0.0
P0007028,79,F,A,sedan,9166,64.4,0.7171,0,0.0
P0007029,46,F,C,sedan,17779,34.0,0.5316,0,0.0
P0007030,75,F,B,sedan,17959,59.3,0.6504,0,0.0
P0007031,74,F,C,sedan,18346,55.8,0.6042,0,0.0
P0007032,65,M,A,suv,27330,47.8,0.5193,0,0.0
P0007033,75,M,C,sedan,13621,59.9,0.6996,0,0.0
P0007034,56,F,B,sedan,9723,38.9,0.6245,0,0.0
P0007035,71,F,B,suv,23939,54.7,0.551,0,0.0
P0007036,28,M,B,sedan,5520,14.1,0.8651,0,0.0
P0007037,22,F,B,sedan,35631,5.7,0.9563,1,1201.25
P0007038,52,M,C,sedan,33025,33.5,0.8104,0,0.0
P0007039,69,M,B,suv,16871,52.6,0.9647,1,4917.33
P0007040,66,M,C,truck,26699,52.0,0.5832,0,0.0
P0007041,51,F,A,sedan,21087,30.5,0.884,0,0.0
P0007042,50,M,A,truck,26509,35.0,0.7043,0,0.0
P0007043,56,M,A,truck,11797,38.3,0.7448,0,0.0
P0007044,72,F,A,truck,34362,53.3,0.8321,0,0.0
P0007045,71,F,C,truck,32324,53.2,0.8918,0,0.0
P0007046,24,M,A,suv,21141,7.5,0.5299,0,0.0
P0007047,55,M,A,sedan,32202,41.6,0.6941,0,0.0
P0007048,41,F,A,sedan,14860,21.7,0.8825,0,0.0
P0007049,68,M,B,sedan,29354,53.3,0.7675,0,0.0
P0007050,49,M,C,sedan,33192,30.1,0.6708,0,0.0
P0007051,80,F,C,truck,26577,60.8,0.5203,0,0.0
P0007052,45,F,A,sedan,35560,30.4,0.5037,0,0.0
P0007053,60,F,B,suv,11637,45.5,0.7126,0,0.0
P0007054,24,F,A,truck,5634,7.8,0.7418,0,0.0
P0007055,76,M,C,sedan,21325,57.2,0.6146,0,0.0
P0007056,27,M,A,sedan,15250,11.2,0.8998,1,4000.83
P0007057,41,F,C,sedan,24815,23.8,0.8617,0,0.0
P0007058,70,M,C,sedan,16234,54.0,0.5941,0,0.0
P0007059,78,F,B,sedan,31930,59.4,0.594,0,0.0
P0007060,48,F,C,sedan,8448,32.3,0.9324,0,0.0
P0007061,48,F,A,suv,34876,32.4,0.9596,0,0.0
P0007062,21,M,A,sedan,11868,6.1,0.9923,0,0.0
P0007063,79,M,A,suv,15131,64.1,0.8432,0,0.0
P0007064,19,M,A,sedan,5758,0.0,0.9645,0,0.0
P0007065,19,F,B,sedan,26039,2.7,0.5743,0,0.0
P0007066,47,F,B,sedan,26588,31.9,0.5779,0,0.0
P0007067,18,F,C,suv,33813,4.3,0.5208,0,0.0
P0007068,28,M,C,suv,8314,11.5,0.7693,1,4367.03
P0007069,57,F,A,sedan,19954,41.6,0.6106,0,0.0
P0007070,62,M,A,suv,32516,47.0,0.7844,0,0.0
P0007071,36,M,B,sedan,5933,20.5,0.5038,1,2475.12
P0007072,68,F,A,truck,23103,50.8,0.7645,0,0.0
P0007073,56,F,B,truck,12124,41.3,0.9445,0,0.0
P0007074,32,F,B,sedan,16040,15.6,0.863,0,0.0
P0007075,62,M,B,sedan,28427,43.2,0.6835,0,0.0
P0007076,55,M,B,sedan,30075,39.1,0.5341,0,0.0
P0007077,69,F,C,suv,5178,54.1,0.6226,0,0.0
P0007078,27,M,B,sedan,25170,7.9,0.7517,0,0.0
P0007079,32,F,C,suv,17220,15.2,0.6287,0,0.0
P0007080,37,F,C,truck,28343,20.3,0.8882,0,0.0
P0007081,39,M,B,sedan,31085,21.0,0.9676,0,0.0
P0007082,73,M,A,truck,32211,56.2,0.5881,0,0.0
P0007083,64,F,C,sedan,8170,46.9,0.5028,0,0.0
P0007084,52,M,A,truck,30037,38.1,0.542,0,0.0
P0007085,52,M,B,suv,34897,36.7,0.9014,0,0.0
P0007086,73,M,B,sedan,29153,52.3,0.5269,0,0.0
P0007087,46,M,A,sedan,16685,31.1,0.8732,0,0.0
P0007088,32,F,A,suv,27625,14.9,0.7026,0,0.0
P0007089,26,F,A,suv,7098,5.5,0.713,0,0.0
P0007090,38,M,C,sedan,16702,19.6,0.8654,0,0.0
P0007091,59,F,B,truck,30550,41.4,0.66,0,0.0
P0007092,47,F,C,suv,25206,31.6,0.9052,0,0.0
P0007093,44,F,C,truck,13220,28.2,0.5472,0,0.0
P0007094,48,F,B,sedan,22536,31.6,0.8593,0,0.0
P0007095,79,F,C,sedan,5055,61.3,0.9518,0,0.0
P0007096,80,F,B,sedan,34866,60.5,0.5821,0,0.0
P0007097,28,F,A,sedan,22069,10.8,0.7774,2,1837.75
P0007098,25,F,C,sedan,20529,9.1,0.8205,0,0.0
P0007099,33,M,C,sedan,15335,16.2,0.5664,0,0.0
P0007100,71,M,A,suv,11876,53.0,0.7716,0,0.0
P0007101,46,F,C,sedan,15188,28.3,0.6261,0,0.0
P0007102,72,F,A,sedan,19189,55.5,0.8768,1,3717.8
P0007103,58,F,C,suv,18199,43.2,0.784,0,0.0
P0007104,52,M,B,suv,17854,32.8,0.7053,0,0.0
P0007105,35,M,A,suv,20749,18.5,0.8713,0,0.0
P0007106,39,M,C,suv,19524,21.5,0.8659,0,0.0
P0007107,27,M,B,sedan,14609,11.4,0.6052,0,0.0
P0007108,50,F,A,suv,23011,34.4,0.5128,0,0.0
P0007109,35,F,C,suv,12632,17.0,0.6241,1,1449.8
P0007110,36,F,C,sedan,34388,21.5,0.9413,0,0.0
P0007111,20,F,B,sedan,25680,5.3,0.6984,0,0.0
P0007112,68,F,B,truck,13713,48.0,0.6007,0,0.0
P0007113,77,M,A,sedan,26472,58.3,0.6844,0,0.0
P0007114,49,F,A,sedan,35042,31.2,0.6916,0,0.0
P0007115,51,M,B,sedan,28709,36.1,0.727,0,0.0
P0007116,76,F,A,truck,29167,58.6,0.725,0,0.0
P0007117,50,F,B,suv,11761,33.1,0.649,0,0.0
P0007118,57,M,C,truck,10670,40.9,0.6497,1,2109.18
P0007119,44,F,C,truck,22406,27.2,0.8999,1,1280.47
P0007120,50,F,B,suv,13693,35.9,0.8315,0,0.0
P0007121,50,F,B,sedan,8729,37.1,0.8397,0,0.0
P0007122,62,M,C,sedan,33189,44.4,0.5953,0,0.0
P0007123,56,F,C,truck,15701,38.7,0.9959,1,7594.59
P0007124,49,M,A,truck,29841,31.5,0.5435,0,0.0
P0007125,22,M,B,truck,27680,3.5,0.8413,1,1310.23
P0007126,74,M,A,truck,9444,56.0,0.8717,0,0.0
P0007127,73,F,A,suv,10817,53.0,0.6336,0,0.0
P0007128,29,M,A,sedan,23121,9.6,0.5385,0,0.0
P0007129,36,F,B,suv,24338,18.9,0.8687,0,0.0
P0007130,79,M,C,sedan,13586,61.7,0.7828,1,1742.42
P0007131,38,F,C,sedan,9755,20.6,0.9828,0,0.0
P0007132,69,F,B,sedan,24522,55.1,0.8638,0,0.0
P0007133,67,F,B,sedan,12320,48.2,0.9648,1,3040.36
P0007134,72,M,A,sedan,10381,53.8,0.8171,0,0.0
P0007135,19,M,A,sedan,16730,5.3,0.749,1,3277.08
P0007136,48,F,A,suv,15909,27.9,0.9724,0,0.0
P0007137,53,F,C,suv,17470,36.9,0.9094,0,0.0
P0007138,70,M,A,suv,17044,53.2,0.5175,0,0.0
P0007139,32,M,C,suv,22539,15.3,0.7915,0,0.0
P0007140,37,M,A,sedan,21668,20.3,0.5747,0,0.0
P0007141,29,F,B,sedan,6157,7.2,0.974,0,0.0
P0007142,66,M,C,suv,12418,49.5,0.8379,0,0.0
P0007143,80,M,C,sedan,20641,63.6,0.7257,1,2280.63
P0007144,26,F,A,suv,27560,9.0,0.9799,0,0.0
P0007145,32,F,C,suv,5937,16.7,0.6682,0,0.0
P0007146,37,F,A,sedan,30087,19.4,0.7221,0,0.0
P0007147,74,F,C,truck,7922,58.6,0.6995,0,0.0
P0007148,46,M,A,sedan,24839,28.0,0.5659,0,0.0
P0007149,35,F,B,suv,11782,20.1,0.5749,0,0.0
P0007150,38,M,B,truck,32995,22.2,0.7955,0,0.0
P0007151,55,F,C,suv,26484,40.0,0.5348,0,0.0
P0007152,42,M,C,suv,29505,26.1,0.9655,0,0.0
P0007153,26,M,A,suv,30157,12.6,0.6638,0,0.0
P0007154,69,M,C,sedan,6364,56.9,0.6605,0,0.0
P0007155,44,M,A,suv,31254,27.6,0.5698,0,0.0
P0007156,34,F,A,suv,7626,20.1,0.6755,1,5067.36
P0007157,63,M,A,sedan,21826,42.5,0.8456,0,0.0
P0007158,64,M,A,sedan,25459,47.7,0.9787,0,0.0
P0007159,27,F,A,truck,32898,8.6,0.5963,0,0.0
P0007160,22,M,B,sedan,27378,4.4,0.5888,0,0.0
P0007161,20,F,A,truck,27070,5.1,0.5695,0,0.0
P0007162,66,M,B,sedan,35005,49.8,0.787,1,4456.55
P0007163,57,F,A,sedan,5503,38.5,0.5585,0,0.0
P0007164,67,M,B,suv,5103,48.6,0.5441,0,0.0
P0007165,57,F,A,suv,10898,38.3,0.872,0,0.0
P0007166,43,F,A,sedan,12345,27.3,0.8966,0,0.0
P0007167,55,F,B,sedan,20494,36.8,0.6573,0,0.0
P0007168,63,M,C,sedan,30784,47.2,0.7907,0,0.0
P0007169,43,F,C,suv,17175,24.0,0.8712,0,0.0
P0007170,75,M,A,sedan,32637,56.0,0.5245,0,0.0
P0007171,74,F,C,suv,24867,59.7,0.8174,0,0.0
P0007172,68,M,B,sedan,19397,50.4,0.6431,0,0.0
P0007173,80,F,C,sedan,29586,65.2,0.7046,1,13879.65
P0007174,42,M,A,sedan,19996,23.3,0.6781,0,0.0
P0007175,25,M,A,sedan,6323,10.3,0.8592,0,0.0
P0007176,48,F,A,suv,31462,30.4,0.7344,0,0.0
P0007177,64,F,C,truck,9115,45.5,0.88,0,0.0
P0007178,67,M,A,sedan,19259,49.9,0.6575,0,0.0
P0007179,42,F,A,sedan,9830,23.3,0.7706,0,0.0
P0007180,36,F,B,truck,29410,18.4,0.9535,0,0.0
P0007181,46,F,C,sedan,24753,25.9,0.719,0,0.0
P0007182,68,M,B,sedan,34410,53.2,0.7882,1,3018.73
P0007183,21,M,B,suv,31860,4.8,0.8353,0,0.0
P0007184,38,M,A,sedan,13117,24.8,0.9562,0,0.0
P0007185,32,M,C,sedan,12828,15.6,0.8181,0,0.0
P0007186,68,F,A,truck,13506,53.4,0.8062,0,0.0
P0007187,47,F,A,suv,9767,32.8,0.9168,0,0.0
P0007188,23,F,B,suv,34096,9.1,0.9959,1,3159.36
P0007189,34,F,A,sedan,7563,17.9,0.9495,0,0.0
P0007190,20,F,B,sedan,18153,2.5,0.5624,0,0.0
P0007191,47,M,B,truck,13733,29.0,0.8382,0,0.0
P0007192,80,F,A,truck,5487,61.0,0.6643,0,0.0
P0007193,53,F,A,truck,30754,34.1,0.7072,0,0.0
P0007194,72,F,A,sedan,20577,57.3,0.8227,0,0.0
P0007195,64,F,A,truck,32208,48.5,0.5726,0,0.0
P0007196,73,F,C,sedan,24119,55.6,0.8463,1,15108.21
P0007197,37,F,B,suv,20372,19.6,0.6468,0,0.0
P0007198,77,F,A,suv,12586,57.2,0.9096,0,0.0
P0007199,33,M,A,sedan,23326,16.6,0.6858,0,0.0
P0007200,45,M,C,sedan,27549,26.5,0.525,0,0.0
P0007201,60,M,C,suv,5864,43.3,0.7994,0,0.0
P0007202,36,M,C,truck,12221,18.3,0.8749,0,0.0
P0007203,34,M,A,sedan,16211,16.2,0.8084,1,1114.5
P0007204,26,M,B,sedan,8709,9.0,0.8894,0,0.0
P0007205,18,F,A,suv,7611,3.0,0.9021,0,0.0
P0007206,49,M,C,sedan,12730,31.4,0.5211,1,2847.03
P0007207,80,F,B,sedan,15567,61.7,0.5009,0,0.0
P0007208,31,F,B,sedan,21551,13.8,0.6122,0,0.0
P0007209,45,F,A,sedan,30221,33.5,0.6124,0,0.0
P0007210,76,F,C,sedan,31529,59.4,0.7815,0,0.0
P0007211,66,M,A,truck,16828,47.6,0.6145,0,0.0
P0007212,18,F,C,truck,21409,3.0,0.6824,0,0.0
P0007213,49,M,A,suv,5438,29.9,0.7268,0,0.0
P0007214,27,M,C,sedan,31318,11.2,0.8004,0,0.0
P0007215,33,F,A,suv,12276,16.6,0.9984,0,0.0
P0007216,33,F,B,sedan,6989,15.6,0.8443,0,0.0
P0007217,56,F,C,suv,23674,40.8,0.6329,0,0.0
P0007218,30,F,A,sedan,16550,11.2,0.6754,0,0.0
P0007219,33,M,A,suv,17744,13.5,0.5218,0,0.0
P0007220,32,M,A,sedan,18490,17.2,0.7098,0,0.0
P0007221,40,M,A,truck,24471,23.4,0.7946,0,0.0
P0007222,59,F,B,suv,29853,38.2,0.9747,0,0.0
P0007223,43,M,A,sedan,22724,23.8,0.634,0,0.0
P0007224,38,M,A,truck,23930,24.2,0.6218,0,0.0
P0007225,50,F,A,sedan,30069,30.7,0.5086,0,0.0
P0007226,56,F,A,sedan,29336,45.8,0.7873,0,0.0
P0007227,18,F,A,suv,10347,0.0,0.9979,0,0.0
P0007228,74,F,B,suv,15495,58.7,0.6855,0,0.0
P0007229,75,M,A,sedan,20304,57.1,0.7489,0,0.0
P0007230,55,M,C,sedan,33955,37.5,0.5291,0,0.0
P0007231,54,F,C,sedan,23813,36.7,0.7855,0,0.0
P0007232,61,M,B,sedan,30223,42.8,0.605,0,0.0
P0007233,45,F,C,sedan,29642,29.0,0.5077,0,0.0
P0007234,41,F,B,sedan,33380,25.2,0.8419,1,2533.63
P0007235,40,M,B,suv,21065,21.1,0.5739,0,0.0
P0007236,28,M,A,suv,13146,11.0,0.5506,0,0.0
P0007237,70,M,B,suv,17748,54.1,0.6141,0,0.0
P0007238,38,F,A,truck,5203,21.4,0.5688,0,0.0
P0007239,35,M,B,sedan,26196,18.5,0.8114,0,0.0
P0007240,78,M,A,sedan,24079,61.7,0.6335,1,4471.6
P0007241,49,M,B,sedan,10118,31.1,0.8355,0,0.0
P0007242,57,F,B,sedan,20269,41.7,0.773,0,0.0
P0007243,33,F,A,suv,27198,13.0,0.6768,0,0.0
P0007244,35,M,A,sedan,29147,17.6,0.5967,0,0.0
P0007245,63,M,C,suv,29053,49.7,0.8364,0,0.0
P0007246,46,M,A,truck,8022,28.4,0.7622,0,0.0
P0007247,27,M,A,sedan,16583,11.9,0.8604,0,0.0
P0007248,70,M,A,sedan,23458,53.1,0.7531,0,0.0
P0007249,43,M,C,suv,8263,26.3,0.901,0,0.0
P0007250,60,F,B,suv,11165,41.6,0.7749,0,0.0
P0007251,39,F,B,sedan,34230,20.7,0.9067,0,0.0
P0007252,53,F,C,suv,20952,35.6,0.7749,0,0.0
P0007253,66,M,B,sedan,22926,45.2,0.9809,0,0.0
P0007254,73,F,C,suv,9907,57.4,0.9266,0,0.0
P0007255,31,F,B,suv,24653,11.3,0.6271,1,109.06
P0007256,60,M,C,sedan,33282,40.2,0.8641,2,9683.79
P0007257,75,M,B,sedan,34756,57.3,0.566,0,0.0
P0007258,58,F,A,suv,10681,40.1,0.9555,0,0.0
P0007259,27,F,A,suv,11879,8.1,0.6728,0,0.0
P0007260,29,M,A,truck,22827,12.6,0.7387,0,0.0
P0007261,30,F,B,suv,32489,14.0,0.5103,0,0.0
P0007262,24,F,C,suv,5173,7.9,0.9338,0,0.0
P0007263,65,F,C,suv,11981,47.4,0.974,0,0.0
P0007264,78,F,C,suv,9849,61.9,0.7353,0,0.0
P0007265,50,M,B,sedan,29476,34.4,0.594,0,0.0
P0007266,55,F,C,sedan,20479,40.1,0.8469,0,0.0
P0007267,66,F,B,suv,27149,51.0,0.6485,0,0.0
P0007268,44,F,A,sedan,6269,28.3,0.98,0,0.0
P0007269,47,F,B,sedan,9099,31.2,0.6556,0,0.0
P0007270,55,F,B,sedan,21826,37.8,0.7879,0,0.0
P0007271,37,M,A,truck,18016,21.6,0.5247,0,0.0
P0007272,21,F,A,suv,10714,3.0,0.9949,0,0.0
P0007273,53,F,A,truck,13086,32.1,0.7881,1,2100.91
P0007274,69,F,A,truck,27522,49.5,0.9877,0,0.0
P0007275,22,M,A,suv,5425,7.1,0.6504,0,0.0
P0007276,31,F,C,suv,31917,14.6,0.7636,0,0.0
P0007277,34,M,A,sedan,9943,19.5,0.5092,0,0.0
P0007278,68,M,C,suv,28514,50.6,0.8854,0,0.0
P0007279,49,M,A,truck,24521,31.5,0.5833,0,0.0
P0007280,51,M,C,truck,6965,33.7,0.7127,1,17405.71
P0007281,58,F,C,sedan,28697,43.1,0.835,0,0.0
P0007282,35,M,C,suv,20386,19.3,0.5411,0,0.0
P0007283,62,M,B,sedan,14332,43.1,0.8918,1,6317.61
P0007284,19,F,B,sedan,8446,1.2,0.9029,0,0.0
P0007285,25,M,A,sedan,8577,9.7,0.7656,0,0.0
P0007286,69,F,B,sedan,17680,54.6,0.8025,1,9666.95
P0007287,59,M,C,sedan,14131,42.1,0.5471,0,0.0
P0007288,29,M,A,suv,31025,12.2,0.7244,0,0.0
P0007289,45,M,A,sedan,21829,30.6,0.9206,0,0.0
P0007290,21,F,C,truck,6275,4.6,0.5447,0,0.0
P0007291,60,M,A,sedan,32185,44.0,0.9944,0,0.0
P0007292,65,M,B,sedan,12801,49.2,0.743,0,0.0
P0007293,35,F,A,sedan,23801,18.9,0.5064,0,0.0
P0007294,40,M,A,sedan,30623,22.5,0.67,0,0.0
P0007295,32,M,A,sedan,25705,14.8,0.7503,0,0.0
P0007296,42,M,B,sedan,17583,22.5,0.9795,0,0.0
P0007297,35,M,C,suv,5231,17.6,0.8526,0,0.0
P0007298,33,F,C,sedan,12296,14.4,0.7905,0,0.0
P0007299,45,F,A,suv,22652,30.6,0.9833,0,0.0
P0007300,72,F,A,sedan,34431,54.7,0.6475,0,0.0
P0007301,66,F,C,sedan,6112,49.7,0.6899,0,0.0
P0007302,36,F,A,sedan,9827,17.6,0.8841,0,0.0
P0007303,77,M,A,sedan,16104,59.5,0.7972,0,0.0
P0007304,31,F,B,suv,29446,10.8,0.6095,0,0.0
P0007305,75,M,C,sedan,34450,59.9,0.8755,2,6982.81
P0007306,37,F,A,suv,10520,21.4,0.6336,0,0.0
P0007307,52,F,A,truck,22995,34.3,0.7794,0,0.0
P0007308,30,M,C,sedan,34854,13.3,0.9281,0,0.0
P0007309,66,M,C,truck,35954,50.9,0.6376,0,0.0
P0007310,38,F,B,suv,29368,20.3,0.8806,0,0.0
P0007311,72,M,B,suv,29138,56.0,0.9307,0,0.0
P0007312,23,F,C,truck,13569,5.1,0.6586,0,0.0
P0007313,49,F,B,sedan,14594,35.4,0.5983,0,0.0
P0007314,27,F,C,suv,35492,10.6,0.9329,0,0.0
P0007315,74,M,B,sedan,24305,56.7,0.7332,0,0.0
P0007316,44,F,A,suv,8548,26.7,0.6557,0,0.0
P0007317,60,M,C,sedan,7142,41.6,0.5052,0,0.0
P0007318,73,M,B,sedan,31647,56.5,0.597,0,0.0
P0007319,51,F,A,truck,9021,33.1,0.7564,0,0.0
P0007320,21,M,B,sedan,26682,4.1,0.9145,0,0.0
P0007321,31,F,C,sedan,14973,12.5,0.7512,0,0.0
P0007322,31,F,A,sedan,10390,17.1,0.6382,1,2381.99
P0007323,75,F,C,suv,8539,63.2,0.9646,0,0.0
P0007324,75,F,A,sedan,21937,55.5,0.6846,0,0.0
P0007325,48,F,B,sedan,29916,32.1,0.5814,0,0.0
P0007326,74,F,C,truck,5369,60.4,0.9727,0,0.0
P0007327,33,M,C,sedan,26818,16.3,0.6982,0,0.0
P0007328,60,F,C,sedan,22766,44.0,0.7412,0,0.0
P0007329,42,F,B,suv,29623,24.3,0.9149,0,0.0
P0007330,33,M,B,sedan,23048,15.0,0.6439,0,0.0
P0007331,33,F,B,sedan,8906,16.8,0.7644,0,0.0
P0007332,44,M,A,suv,17664,25.1,0.9331,0,0.0
P0007333,39,M,B,suv,35598,24.4,0.6281,0,0.0
P0007334,31,F,B,sedan,30556,18.7,0.9471,0,0.0
P0007335,39,F,B,suv,15893,21.7,0.5957,0,0.0
P0007336,26,F,B,truck,33853,9.5,0.9272,0,0.0
P0007337,79,F,A,suv,5228,65.8,0.6967,0,0.0
P0007338,41,F,A,suv,21546,22.8,0.7741,0,0.0
P0007339,24,M,A,truck,28991,10.4,0.7757,1,1918.79
P0007340,54,M,B,sedan,25892,37.2,0.6025,0,0.0
P0007341,73,F,A,suv,10546,54.5,0.5865,0,0.0
P0007342,40,M,C,sedan,9521,22.5,0.8557,0,0.0
P0007343,71,F,A,sedan,28049,53.6,0.9127,0,0.0
P0007344,56,M,C,truck,35941,39.9,0.5685,0,0.0
P0007345,64,M,A,sedan,28688,46.7,0.8758,0,0.0
P0007346,36,F,C,sedan,31595,18.0,0.6635,1,1789.29
P0007347,20,F,B,sedan,33222,4.3,0.7972,0,0.0
P0007348,39,F,C,suv,34419,24.3,0.7673,0,0.0
P0007349,76,M,C,truck,29488,57.4,0.8717,0,0.0
P0007350,67,F,B,sedan,29119,46.3,0.771,0,0.0
P0007351,67,M,A,truck,29481,47.0,0.5467,0,0.0
P0007352,73,F,B,sedan,15010,61.3,0.6396,0,0.0
P0007353,41,F,A,truck,21753,21.5,0.699,0,0.0
P0007354,38,M,C,truck,11872,22.3,0.786,1,2241.86
P0007355,76,F,C,sedan,21456,55.4,0.5848,0,0.0
P0007356,54,F,A,truck,20842,39.1,0.6687,0,0.0
P0007357,36,M,B,sedan,7122,21.3,0.5316,0,0.0
P0007358,35,F,A,sedan,7560,18.1,0.6613,0,0.0
P0007359,73,M,B,sedan,34473,56.8,0.7561,0,0.0
P0007360,21,M,B,sedan,22106,4.7,0.9682,1,491.91
P0007361,21,F,B,truck,6015,2.1,0.5889,0,0.0
P0007362,64,M,C,suv,16467,44.5,0.5138,0,0.0
P0007363,18,F,A,suv,32630,2.9,0.6886,0,0.0
P0007364,28,M,C,truck,27565,7.7,0.8038,0,0.0
P0007365,80,M,B,sedan,30530,65.5,0.8038,1,8707.0
P0007366,44,M,A,sedan,24396,28.2,0.6728,0,0.0
P0007367,63,M,B,truck,26712,40.9,0.5188,0,0.0
P0007368,48,F,A,sedan,12642,30.3,0.9595,0,0.0
P0007369,23,M,B,truck,31098,7.3,0.7509,0,0.0
P0007370,29,F,C,sedan,27736,11.5,0.8883,0,0.0
P0007371,65,M,A,sedan,12420,46.6,0.6985,0,0.0
P0007372,23,F,A,sedan,14644,5.3,0.9157,0,0.0
P0007373,55,F,B,sedan,28780,35.4,0.8923,0,0.0
P0007374,39,F,A,sedan,12706,23.7,0.5476,0,0.0
P0007375,41,F,A,sedan,25741,25.3,0.5256,0,0.0
P0007376,77,F,B,sedan,17975,61.8,0.5748,0,0.0
P0007377,56,F,B,suv,13900,40.7,0.9114,0,0.0
P0007378,56,M,C,sedan,9893,38.9,0.6348,1,6248.81
P0007379,40,M,B,sedan,27370,25.1,0.6979,0,0.0
P0007380,42,F,B,sedan,15079,24.4,0.7892,0,0.0
P0007381,61,M,A,sedan,22241,42.7,0.8259,0,0.0
P0007382,20,F,A,sedan,13055,5.4,0.7132,0,0.0
P0007383,32,M,B,sedan,9567,16.3,0.7246,0,0.0
P0007384,55,F,B,sedan,5673,39.0,0.6641,0,0.0
P0007385,57,M,C,truck,34122,40.4,0.547,0,0.0
P0007386,23,F,A,sedan,14327,6.3,0.5742,0,0.0
P0007387,67,F,B,sedan,22859,48.2,0.9449,1,387.5
P0007388,52,M,B,suv,19471,33.0,0.9874,0,0.0
P0007389,32,M,A,sedan,16466,16.6,0.9127,0,0.0
P0007390,65,M,C,sedan,30721,46.6,0.6529,0,0.0
P0007391,80,F,A,sedan,33236,60.3,0.5892,0,0.0
P0007392,44,F,C,suv,10594,24.6,0.7546,0,0.0
P0007393,35,M,B,truck,5961,17.6,0.5473,0,0.0
P0007394,36,F,A,sedan,15149,19.1,0.9575,0,0.0
P0007395,55,F,B,truck,8195,40.8,0.884,0,0.0
P0007396,20,F,A,suv,5910,3.8,0.9868,0,0.0
P0007397,48,F,B,suv,29955,34.0,0.928,0,0.0
P0007398,19,F,C,sedan,7328,0.0,0.7044,0,0.0
P0007399,20,F,B,truck,7181,3.5,0.6571,0,0.0
P0007400,45,M,A,sedan,16039,28.2,0.9171,0,0.0
P0007401,64,M,B,sedan,22606,48.2,0.7939,0,0.0
P0007402,73,M,B,suv,20497,58.8,0.9393,1,7416.66
P0007403,23,M,B,truck,28117,4.6,0.6626,0,0.0
P0007404,33,F,B,sedan,28196,15.0,0.7732,0,0.0
P0007405,44,M,B,sedan,5514,25.1,0.7312,0,0.0
P0007406,54,M,C,truck,28658,40.5,0.5916,0,0.0
P0007407,80,M,C,truck,6324,60.4,0.7705,0,0.0
P0007408,61,F,B,suv,33333,44.3,0.5417,0,0.0
P0007409,51,M,A,sedan,14482,32.4,0.6875,0,0.0
P0007410,21,M,B,sedan,33141,9.3,0.7667,1,5451.45
P0007411,23,M,B,truck,35976,5.2,0.5726,0,0.0
P0007412,27,M,C,sedan,8146,10.1,0.8768,0,0.0
P0007413,59,M,C,suv,16809,42.4,0.5954,0,0.0
P0007414,38,M,C,suv,8473,21.2,0.8643,0,0.0
P0007415,33,M,A,truck,35022,17.2,0.512,0,0.0
P0007416,60,M,B,suv,20400,45.8,0.8444,0,0.0
P0007417,69,M,C,sedan,30963,54.5,0.7002,0,0.0
P0007418,45,F,A,suv,23273,27.9,0.8951,0,0.0
P0007419,73,M,A,truck,31279,53.4,0.781,0,0.0
P0007420,64,F,A,truck,23534,44.8,0.69,0,0.0
P0007421,63,F,B,sedan,6502,45.5,0.8319,0,0.0
P0007422,72,F,B,sedan,20074,56.0,0.694,0,0.0
P0007423,29,F,A,suv,25299,7.9,0.6781,0,0.0
P0007424,65,F,B,suv,35417,46.6,0.7128,0,0.0
P0007425,78,F,C,sedan,30818,59.8,0.8552,0,0.0
P0007426,80,F,C,sedan,20777,65.7,0.8075,0,0.0
P0007427,54,M,C,sedan,29982,36.5,0.9583,0,0.0
P0007428,65,M,C,sedan,33994,50.5,0.5002,0,0.0
P0007429,73,M,B,sedan,32153,51.8,0.5805,0,0.0
P0007430,71,F,C,truck,35633,55.7,0.747,1,9898.52
P0007431,74,F,B,suv,16138,58.2,0.8348,1,2675.56
P0007432,70,M,C,sedan,18764,54.3,0.5448,0,0.0
P0007433,42,F,C,suv,5444,25.7,0.6471,0,0.0
P0007434,64,M,B,sedan,9146,45.7,0.9943,0,0.0
P0007435,43,M,B,suv,30313,26.0,0.6638,0,0.0
P0007436,68,F,A,truck,15103,50.9,0.6901,0,0.0
P0007437,69,F,A,sedan,18605,50.6,0.6194,0,0.0
P0007438,76,F,A,truck,16114,62.0,0.5087,0,0.0
P0007439,55,M,A,sedan,33727,36.5,0.6427,1,3016.07
P0007440,47,F,B,suv,32538,29.7,0.5805,0,0.0
P0007441,28,M,A,truck,27921,12.4,0.6905,0,0.0
P0007442,58,M,C,suv,34812,40.7,0.6162,0,0.0
P0007443,53,F,B,sedan,21947,35.8,0.7019,0,0.0
P0007444,50,F,C,sedan,10259,38.2,0.6347,0,0.0
P0007445,60,F,B,sedan,24675,40.3,0.9578,0,0.0
P0007446,71,F,A,sedan,5622,51.6,0.6457,0,0.0
P0007447,27,M,A,sedan,18013,12.6,0.5943,0,0.0
P0007448,45,M,C,sedan,30750,29.5,0.881,0,0.0
P0007449,63,M,A,suv,10586,43.3,0.9059,0,0.0
P0007450,69,F,B,sedan,22318,50.7,0.7815,0,0.0
P0007451,67,F,A,sedan,29096,49.2,0.6724,0,0.0
P0007452,68,M,A,suv,28286,50.1,0.9171,0,0.0
P0007453,71,M,A,sedan,23348,53.3,0.8349,0,0.0
P0007454,78,M,B,suv,15281,63.1,0.6905,0,0.0
P0007455,56,M,A,suv,12502,40.1,0.6958,1,520.43
P0007456,33,M,C,suv,9914,14.0,0.5012,0,0.0
P0007457,53,F,A,sedan,27836,34.7,0.5289,0,0.0
P0007458,62,F,A,suv,13204,44.4,0.5674,0,0.0
P0007459,24,M,A,suv,25145,8.3,0.6236,0,0.0
P0007460,65,F,C,suv,6502,46.0,0.963,0,0.0
P0007461,52,M,B,truck,14044,36.9,0.9108,0,0.0
P0007462,76,F,B,truck,16961,56.0,0.5204,1,2268.06
P0007463,31,F,B,sedan,28959,15.5,0.5075,0,0.0
P0007464,75,F,C,sedan,8076,59.7,0.793,0,0.0
P0007465,46,M,A,truck,19580,28.9,0.6882,0,0.0
P0007466,54,M,C,suv,19376,36.6,0.9009,0,0.0
P0007467,59,F,C,suv,14967,41.8,0.9864,0,0.0
P0007468,54,F,A,sedan,29775,39.6,0.7471,0,0.0
P0007469,74,F,A,sedan,35390,56.2,0.5887,0,0.0
P0007470,28,F,B,suv,6476,9.0,0.9464,0,0.0
P0007471,63,M,A,truck,33903,46.2,0.7111,0,0.0
P0007472,79,F,A,sedan,32798,65.1,0.7086,1,6373.97
P0007473,31,F,B,truck,31113,14.4,0.852,0,0.0
P0007474,34,F,A,suv,8817,19.3,0.685,0,0.0
P0007475,47,M,B,suv,17024,33.9,0.6174,1,1239.24
P0007476,63,M,B,truck,25335,47.1,0.8708,0,0.0
P0007477,78,M,B,sedan,11329,57.8,0.5929,0,0.0
P0007478,68,M,B,sedan,12456,51.2,0.5196,0,0.0
P0007479,68,M,B,sedan,22457,51.5,0.7488,0,0.0
P0007480,45,F,B,sedan,31192,26.6,0.517,0,0.0
P0007481,58,M,C,sedan,10045,39.8,0.8955,0,0.0
P0007482,31,M,A,suv,5320,16.9,0.9887,0,0.0
P0007483,47,F,B,truck,35874,26.3,0.9743,0,0.0
P0007484,29,M,C,sedan,18063,11.6,0.5745,0,0.0
P0007485,19,M,B,sedan,7361,0.2,0.966,0,0.0
P0007486,71,M,A,suv,34818,55.2,0.5559,0,0.0
P0007487,68,F,A,suv,13473,54.9,0.6772,0,0.0
P0007488,50,F,B,truck,8499,33.2,0.5422,0,0.0
P0007489,18,M,B,sedan,25723,3.2,0.9113,1,1293.8
P0007490,23,F,C,sedan,28579,3.7,0.6119,0,0.0
P0007491,25,F,B,truck,8923,10.8,0.8325,0,0.0
P0007492,63,F,A,sedan,27525,45.9,0.8813,0,0.0
P0007493,30,F,C,suv,16713,11.8,0.6904,0,0.0
P0007494,33,M,B,sedan,14894,15.1,0.8946,0,0.0
P0007495,72,M,C,sedan,25671,56.0,0.6628,0,0.0
P0007496,73,M,C,suv,6874,59.6,0.5741,0,0.0
P0007497,66,F,B,suv,10209,52.0,0.7299,0,0.0
P0007498,37,F,B,sedan,30825,21.5,0.8552,0,0.0
P0007499,54,F,B,truck,35554,39.8,0.5199,0,0.0
P0007500,30,F,A,truck,33051,13.2,0.9031,0,0.0
P0007501,72,M,B,suv,29281,56.5,0.6278,1,3952.52
P0007502,23,F,A,truck,8962,8.6,0.8406,0,0.0
P0007503,64,F,A,truck,14574,49.8,0.557,0,0.0
P0007504,50,M,B,suv,31282,36.2,0.6947,0,0.0
P0007505,65,M,A,suv,27106,48.1,0.7325,0,0.0
P0007506,46,F,C,truck,30829,30.5,0.7342,0,0.0
P0007507,27,M,B,truck,17734,9.9,0.6366,0,0.0
P0007508,65,F,C,suv,22887,48.2,0.7646,0,0.0
P0007509,57,M,B,sedan,27842,40.4,0.6387,0,0.0
P0007510,47,M,C,sedan,29289,28.7,0.5833,0,0.0
P0007511,41,F,B,suv,27498,26.9,0.5667,0,0.0
P0007512,39,F,C,truck,6223,20.7,0.9474,0,0.0
P0007513,48,F,B,sedan,11278,30.2,0.5653,0,0.0
P0007514,34,M,C,truck,20381,17.4,0.6976,0,0.0
P0007515,35,F,B,sedan,26669,19.6,0.626,0,0.0
P0007516,35,M,A,sedan,34976,17.9,0.808,1,2992.86
P0007517,18,F,B,truck,14330,0.1,0.6729,1,1569.49
P0007518,76,F,B,truck,29031,61.8,0.6432,0,0.0
P0007519,32,F,A,suv,25588,13.8,0.9845,0,0.0
P0007520,28,F,A,truck,13312,7.5,0.9984,0,0.0
P0007521,27,F,A,truck,10368,10.1,0.5663,0,0.0
P0007522,80,M,C,truck,24329,60.4,0.8464,2,10925.96
P0007523,48,M,B,truck,15173,30.1,0.9449,0,0.0
P0007524,38,F,A,sedan,11589,20.5,0.9854,0,0.0
P0007525,43,M,C,sedan,11777,27.4,0.649,0,0.0
P0007526,23,F,B,sedan,11885,6.7,0.8922,1,542.28
P0007527,37,M,B,sedan,7830,22.0,0.6639,0,0.0
P0007528,33,F,B,sedan,10869,14.1,0.8108,0,0.0
P0007529,68,M,A,sedan,35247,52.5,0.7565,0,0.0
P0007530,21,F,A,sedan,10889,0.5,0.8537,0,0.0
P0007531,44,F,C,suv,17673,26.1,0.9564,0,0.0
P0007532,67,M,C,sedan,20478,49.2,0.5564,0,0.0
P0007533,70,F,C,sedan,26765,55.6,0.6114,1,11078.55
P0007534,50,F,A,sedan,14603,31.7,0.7929,0,0.0
P0007535,32,F,C,sedan,30631,15.4,0.6786,1,726.33
P0007536,39,M,B,suv,29116,23.1,0.7789,0,0.0
P0007537,32,F,B,truck,20762,16.3,0.8914,1,4226.33
P0007538,59,M,A,suv,32717,44.5,0.8497,0,0.0
P0007539,36,M,C,suv,15797,19.0,0.8833,0,0.0
P0007540,57,M,C,truck,20115,40.3,0.5806,0,0.0
P0007541,59,F,A,suv,23546,44.6,0.5152,0,0.0
P0007542,77,M,C,sedan,10930,59.0,0.9359,0,0.0
P0007543,41,F,B,sedan,7539,19.7,0.7258,0,0.0
P0007544,78,M,A,suv,35937,63.8,0.8178,0,0.0
P0007545,43,F,A,suv,6502,26.2,0.5365,0,0.0
P0007546,60,M,B,truck,6457,39.7,0.8539,0,0.0
P0007547,59,M,A,sedan,8146,43.6,0.5508,0,0.0
P0007548,69,F,A,truck,22038,51.1,0.8937,0,0.0
P0007549,47,F,C,suv,13317,29.2,0.5304,0,0.0
P0007550,67,F,B,truck,11809,48.7,0.5416,0,0.0
P0007551,40,M,C,suv,31671,19.3,0.6717,0,0.0
P0007552,48,F,B,sedan,34067,34.6,0.606,0,0.0
P0007553,49,M,B,sedan,32154,31.6,0.9922,0,0.0
P0007554,62,F,C,sedan,15073,46.0,0.7257,0,0.0
P0007555,56,M,A,sedan,7644,39.1,0.7344,0,0.0
P0007556,22,F,A,truck,34699,4.9,0.5232,1,2485.31
P0007557,68,F,B,sedan,21917,51.6,0.7457,0,0.0
P0007558,65,F,C,sedan,35156,50.2,0.532,0,0.0
P0007559,24,M,A,sedan,10187,9.0,0.8141,1,2639.4
P0007560,78,F,C,suv,34232,56.7,0.9908,0,0.0
P0007561,59,F,C,sedan,14599,44.8,0.6648,0,0.0
P0007562,23,F,B,sedan,29574,3.5,0.904,0,0.0
P0007563,48,M,B,truck,8413,33.1,0.9828,0,0.0
P0007564,70,M,A,sedan,27977,52.8,0.984,0,0.0
P0007565,35,F,B,truck,19676,14.1,0.873,0,0.0
P0007566,76,F,A,sedan,34535,57.4,0.935,1,1485.48
P0007567,44,F,B,suv,9580,29.9,0.6757,0,0.0
P0007568,32,F,A,suv,11933,15.7,0.7919,0,0.0
P0007569,40,M,C,sedan,24722,23.1,0.8314,0,0.0
P0007570,51,F,A,suv,30106,31.9,0.6087,0,0.0
P0007571,61,M,B,sedan,32537,43.9,0.6567,0,0.0
P0007572,76,M,A,sedan,8518,59.3,0.6807,0,0.0
P0007573,30,M,A,truck,5215,9.6,0.5329,0,0.0
P0007574,78,F,A,truck,16218,57.8,0.7283,0,0.0
P0007575,51,M,C,sedan,8023,32.6,0.8917,0,0.0
P0007576,26,F,B,suv,17456,10.3,0.8249,0,0.0
P0007577,76,F,B,sedan,19779,64.3,0.8126,0,0.0
P0007578,39,M,C,sedan,35855,24.6,0.803,0,0.0
P0007579,57,F,A,sedan,6035,43.1,0.5113,0,0.0
P0007580,61,F,C,suv,14950,44.1,0.5016,0,0.0
P0007581,18,F,A,suv,15495,0.0,0.5846,0,0.0
P0007582,31,F,C,suv,22196,10.0,0.9566,0,0.0
P0007583,61,M,C,truck,14932,41.5,0.9286,0,0.0
P0007584,38,M,C,suv,24638,22.4,0.7884,1,1694.31
P0007585,18,M,A,sedan,31322,0.5,0.6927,0,0.0
P0007586,19,F,B,sedan,26013,1.2,0.9818,0,0.0
P0007587,70,F,C,suv,25476,56.1,0.533,0,0.0
P0007588,27,F,B,sedan,8724,11.7,0.5486,0,0.0
P0007589,24,F,A,sedan,32499,7.9,0.8105,0,0.0
P0007590,53,M,B,sedan,22332,31.7,0.7738,0,0.0
P0007591,25,M,A,sedan,10113,7.2,0.9906,1,961.25
P0007592,59,M,B,suv,24676,44.6,0.9013,0,0.0
P0007593,52,M,A,suv,20093,35.8,0.9691,0,0.0
P0007594,58,F,B,suv,33003,40.1,0.8608,0,0.0
P0007595,48,M,A,truck,25077,31.5,0.9634,0,0.0
P0007596,67,M,A,truck,34676,50.7,0.8434,0,0.0
P0007597,58,M,A,sedan,35219,39.5,0.7628,0,0.0
P0007598,44,F,C,suv,12285,24.2,0.79,0,0.0
P0007599,18,M,B,sedan,14052,0.0,0.9506,0,0.0
P0007600,35,F,B,truck,11526,18.6,0.5523,0,0.0
P0007601,26,M,C,suv,12149,9.3,0.7827,0,0.0
P0007602,18,M,B,sedan,26196,1.6,0.6961,0,0.0
P0007603,35,M,B,suv,34423,15.9,0.8315,0,0.0
P0007604,31,F,B,sedan,20173,14.8,0.8019,0,0.0
P0007605,22,F,A,truck,30061,8.8,0.6998,0,0.0
P0007606,37,M,B,sedan,28050,19.0,0.8447,0,0.0
P0007607,49,M,A,sedan,13085,30.9,0.768,0,0.0
P0007608,29,M,C,truck,31302,12.8,0.5937,0,0.0
P0007609,35,F,B,sedan,19847,14.3,0.819,0,0.0
P0007610,19,M,A,sedan,5331,3.1,0.5133,0,0.0
P0007611,21,M,B,suv,27182,1.2,0.9115,0,0.0
P0007612,27,F,A,suv,32240,12.7,0.9532,0,0.0
P0007613,46,F,B,sedan,12604,28.4,0.539,0,0.0
P0007614,59,M,C,sedan,13228,43.6,0.6284,0,0.0
P0007615,67,F,C,sedan,27702,50.1,0.5634,0,0.0
P0007616,57,M,B,sedan,35051,38.5,0.8859,0,0.0
P0007617,56,M,B,sedan,13060,40.1,0.5355,0,0.0
P0007618,76,F,B,sedan,18338,60.4,0.7706,0,0.0
P0007619,34,F,A,suv,26053,17.4,0.6941,0,0.0
P0007620,68,M,B,suv,31425,43.5,0.8754,0,0.0
P0007621,77,M,B,sedan,6042,59.6,0.8196,0,0.0
P0007622,53,M,A,sedan,11197,35.7,0.7721,0,0.0
P0007623,70,M,A,sedan,32714,52.1,0.7517,0,0.0
P0007624,26,M,A,sedan,21279,12.4,0.8875,0,0.0
P0007625,73,M,A,truck,28504,54.2,0.7386,0,0.0
P0007626,53,M,A,sedan,6961,34.6,0.7099,0,0.0
P0007627,31,M,B,truck,7818,17.6,0.5127,0,0.0
P0007628,21,F,B,suv,27780,0.0,0.6343,0,0.0
P0007629,63,F,B,truck,16653,46.0,0.6849,0,0.0
P0007630,45,M,A,truck,34205,30.2,0.7894,0,0.0
P0007631,37,F,B,truck,18359,19.4,0.8366,0,0.0
P0007632,42,M,C,suv,31136,26.8,0.9813,0,0.0
P0007633,80,M,A,sedan,21847,66.2,0.6383,0,0.0
P0007634,44,F,A,suv,26090,27.5,0.7722,0,0.0
P0007635,22,F,B,sedan,25266,5.5,0.878,0,0.0
P0007636,35,M,A,sedan,8687,21.1,0.6553,0,0.0
P0007637,27,F,A,truck,29628,11.6,0.7743,0,0.0
P0007638,61,M,B,suv,35502,46.1,0.7093,0,0.0
P0007639,68,M,A,sedan,16995,51.7,0.6986,0,0.0
P0007640,70,F,C,truck,15662,51.7,0.5313,0,0.0
P0007641,57,M,C,sedan,23514,39.7,0.5121,0,0.0
P0007642,66,F,B,truck,24615,49.1,0.6477,2,4755.52
P0007643,44,F,B,suv,16879,30.7,0.9561,0,0.0
P0007644,57,F,C,sedan,13462,40.1,0.5964,1,3471.4
P0007645,24,F,B,sedan,35110,9.2,0.5315,0,0.0
P0007646,51,M,C,truck,30646,37.4,0.8101,0,0.0
P0007647,53,F,C,sedan,22727,34.2,0.9793,0,0.0
P0007648,19,F,A,truck,16731,4.7,0.5286,1,1576.71
P0007649,52,F,A,sedan,15916,34.8,0.8727,0,0.0
P0007650,63,F,A,sedan,17111,47.0,0.5542,0,0.0
P0007651,41,F,C,suv,23381,25.9,0.5677,0,0.0
P0007652,52,M,A,sedan,5138,32.6,0.968,0,0.0
P0007653,36,F,B,sedan,25367,20.2,0.8506,0,0.0
P0007654,35,M,B,suv,22835,19.1,0.7797,0,0.0
P0007655,26,F,C,sedan,9482,10.5,0.5823,0,0.0
P0007656,38,F,C,sedan,12772,20.6,0.7795,0,0.0
P0007657,68,F,A,truck,13592,51.3,0.5311,0,0.0
P0007658,76,M,A,suv,33577,60.4,0.6972,0,0.0
P0007659,58,M,B,suv,33977,42.8,0.8522,0,0.0
P0007660,57,F,C,suv,29277,40.1,0.7842,0,0.0
P0007661,56,M,B,suv,26130,40.3,0.8376,0,0.0
P0007662,47,F,B,sedan,34514,26.6,0.5579,0,0.0
P0007663,44,M,C,truck,27766,28.1,0.8793,0,0.0
P0007664,57,M,B,sedan,17082,39.3,0.9781,0,0.0
P0007665,67,F,A,truck,16112,50.2,0.9538,0,0.0
P0007666,44,F,C,truck,25513,27.6,0.544,0,0.0
P0007667,53,F,B,suv,17668,34.2,0.5493,0,0.0
P0007668,47,M,C,sedan,19005,28.8,0.7567,0,0.0
P0007669,35,F,A,sedan,35142,16.9,0.762,0,0.0
P0007670,36,M,B,sedan,33189,17.9,0.9286,0,0.0
P0007671,22,F,A,suv,23798,8.2,0.6844,0,0.0
P0007672,45,M,B,sedan,15052,27.1,0.7572,0,0.0
P0007673,62,F,A,sedan,18710,45.5,0.6018,0,0.0
P0007674,61,M,B,suv,15184,45.0,0.9733,0,0.0
P0007675,80,F,A,sedan,17990,56.1,0.5605,0,0.0
P0007676,20,F,A,sedan,16344,5.9,0.952,0,0.0
P0007677,65,F,A,suv,18800,48.2,0.9453,0,0.0
P0007678,68,M,B,sedan,20431,51.3,0.5252,0,0.0
P0007679,45,F,B,sedan,24922,28.2,0.8877,0,0.0
P0007680,35,M,B,sedan,32519,20.0,0.6688,0,0.0
P0007681,40,M,B,suv,21386,22.5,0.6124,0,0.0
P0007682,61,F,B,truck,11431,46.2,0.7012,0,0.0
P0007683,72,F,B,sedan,10743,54.4,0.962,0,0.0
P0007684,58,F,A,suv,25190,40.7,0.6995,0,0.0
P0007685,50,F,B,sedan,35939,33.5,0.6214,0,0.0
P0007686,59,F,C,suv,14484,42.1,0.7623,1,7285.5
P0007687,22,M,B,sedan,7736,1.8,0.7048,0,0.0
P0007688,56,F,C,truck,7562,37.8,0.5095,0,0.0
P0007689,20,F,A,suv,13496,2.7,0.5931,0,0.0
P0007690,78,M,B,suv,34563,60.2,0.5086,0,0.0
P0007691,74,F,B,sedan,29200,56.9,0.7611,0,0.0
P0007692,50,M,B,truck,29359,31.9,0.8207,0,0.0
P0007693,41,M,B,sedan,15318,25.2,0.8592,0,0.0
P0007694,64,F,A,suv,34512,42.6,0.604,0,0.0
P0007695,58,F,B,suv,17636,40.6,0.9025,0,0.0
P0007696,62,M,B,suv,17408,39.3,0.7055,0,0.0
P0007697,50,M,B,truck,34073,28.6,0.5246,0,0.0
P0007698,32,M,A,suv,28466,16.0,0.9638,0,0.0
P0007699,22,M,A,suv,13953,4.5,0.8467,1,1437.89
P0007700,35,M,C,sedan,25185,17.3,0.7813,0,0.0
P0007701,51,M,A,sedan,15861,32.1,0.5201,0,0.0
P0007702,44,M,A,suv,24189,26.7,0.507,0,0.0
P0007703,49,M,A,suv,9252,29.6,0.7824,0,0.0
P0007704,35,M,B,suv,6248,21.5,0.9394,0,0.0
P0007705,77,F,B,suv,34877,61.2,0.8237,0,0.0
P0007706,41,M,C,suv,7223,24.4,0.5028,0,0.0
P0007707,71,F,B,sedan,17439,55.3,0.819,0,0.0
P0007708,42,F,A,sedan,11053,28.5,0.6743,0,0.0
P0007709,45,F,A,truck,5463,26.2,0.561,0,0.0
P0007710,56,F,A,sedan,28239,41.2,0.9058,0,0.0
P0007711,34,M,B,sedan,13775,18.3,0.7882,0,0.0
P0007712,31,F,C,suv,29748,12.5,0.8621,0,0.0
P0007713,41,M,A,sedan,22040,21.6,0.5825,0,0.0
P0007714,68,F,A,sedan,25063,52.1,0.5581,0,0.0
P0007715,27,F,B,suv,25728,12.1,0.7573,0,0.0
P0007716,45,F,B,sedan,10954,29.6,0.7639,0,0.0
P0007717,60,M,B,truck,19132,40.8,0.791,0,0.0
P0007718,62,M,B,truck,29106,42.7,0.8721,0,0.0
P0007719,45,F,A,suv,12260,27.3,0.8318,0,0.0
P0007720,23,F,B,truck,8517,5.5,0.8381,1,348.5
P0007721,19,F,A,sedan,17852,4.6,0.5875,1,311.84
P0007722,47,F,B,sedan,32714,29.1,0.7091,0,0.0
P0007723,69,F,A,suv,14978,50.4,0.8,0,0.0
P0007724,19,M,B,suv,16927,1.7,0.7593,1,890.43
P0007725,73,F,C,sedan,8914,55.6,0.6521,0,0.0
P0007726,60,F,B,sedan,27539,45.1,0.9721,0,0.0
P0007727,18,M,A,sedan,15463,0.0,0.5701,0,0.0
P0007728,39,M,C,sedan,10254,24.7,0.9873,1,2178.01
P0007729,31,F,A,sedan,8163,14.0,0.891,0,0.0
P0007730,77,M,C,truck,14742,59.1,0.7981,0,0.0
P0007731,52,M,A,truck,11307,32.7,0.5637,0,0.0
P0007732,38,F,C,suv,20353,18.9,0.782,0,0.0
P0007733,35,F,A,sedan,18218,15.7,0.544,0,0.0
P0007734,53,M,A,sedan,20387,36.6,0.966,1,6650.14
P0007735,18,M,C,sedan,16371,0.0,0.6428,0,0.0
P0007736,34,M,B,suv,8013,14.8,0.6998,0,0.0
P0007737,28,F,A,suv,29093,11.7,0.8184,0,0.0
P0007738,57,M,A,sedan,21997,40.6,0.5094,0,0.0
P0007739,60,F,A,truck,10716,41.5,0.771,0,0.0
P0007740,47,M,A,truck,7328,30.9,0.8574,0,0.0
P0007741,26,M,B,sedan,34131,11.6,0.6036,0,0.0
P0007742,41,F,B,truck,33634,23.8,0.577,0,0.0
P0007743,71,F,C,sedan,10850,58.5,0.7438,1,9305.05
P0007744,30,M,C,truck,18074,12.3,0.7683,1,2065.06
P0007745,28,M,C,suv,23053,9.7,0.7195,2,3748.08
P0007746,25,F,B,sedan,18611,8.5,0.6478,1,1697.6
P0007747,69,M,B,sedan,30925,49.7,0.7049,0,0.0
P0007748,25,F,B,suv,22886,6.3,0.6561,0,0.0
P0007749,54,F,A,truck,13227,39.0,0.6248,0,0.0
P0007750,80,F,A,truck,29231,62.9,0.7361,0,0.0
P0007751,58,M,C,sedan,32119,42.0,0.6978,0,0.0
P0007752,43,F,B,truck,7155,26.6,0.7177,0,0.0
P0007753,31,M,A,sedan,31391,11.7,0.5001,0,0.0
P0007754,18,F,B,sedan,26792,0.0,0.8464,0,0.0
P0007755,27,M,A,sedan,33452,11.4,0.5234,0,0.0
P0007756,78,M,B,truck,33226,60.6,0.6034,0,0.0
P0007757,27,F,A,suv,6534,11.5,0.9017,0,0.0
P0007758,19,F,C,sedan,18615,3.0,0.9921,0,0.0
P0007759,69,F,B,suv,7216,48.9,0.9957,1,3614.53
P0007760,44,F,B,truck,5411,21.9,0.7961,0,0.0
P0007761,40,M,B,sedan,33434,19.4,0.6297,0,0.0
P0007762,63,M,C,sedan,12668,45.4,0.9174,0,0.0
P0007763,50,F,C,sedan,6881,32.6,0.8252,0,0.0
P0007764,75,M,B,sedan,34172,56.0,0.9931,0,0.0
P0007765,47,F,A,sedan,17641,29.8,0.7746,0,0.0
P0007766,62,F,B,suv,8658,47.9,0.7631,1,1089.43
P0007767,73,F,C,sedan,12899,52.4,0.5219,0,0.0
P0007768,47,F,C,truck,5422,32.4,0.5972,0,0.0
P0007769,35,M,B,truck,25988,15.6,0.8335,0,0.0
P0007770,79,F,B,sedan,34011,60.5,0.9969,0,0.0
P0007771,32,M,A,sedan,17124,11.3,0.7378,0,0.0
P0007772,20,F,A,sedan,31753,1.3,0.5145,0,0.0
P0007773,54,M,A,suv,15633,38.2,0.6998,0,0.0
P0007774,80,F,A,sedan,19272,60.8,0.5632,0,0.0
P0007775,23,F,B,suv,11632,6.7,0.9799,0,0.0
P0007776,71,F,A,suv,5167,56.0,0.5707,0,0.0
P0007777,70,F,B,suv,10058,56.7,0.5589,0,0.0
P0007778,76,F,B,suv,23096,59.2,0.7289,0,0.0
P0007779,44,F,A,truck,8077,30.4,0.771,0,0.0
P0007780,34,M,B,truck,30319,14.1,0.8586,0,0.0
P0007781,50,F,A,suv,33435,36.1,0.684,0,0.0
P0007782,26,M,A,sedan,13868,9.8,0.9485,0,0.0
P0007783,71,M,C,suv,13386,54.7,0.7993,0,0.0
P0007784,59,F,A,truck,10354,41.7,0.5236,0,0.0
P0007785,48,M,A,suv,17708,32.7,0.5171,2,3177.41
P0007786,50,F,B,suv,33044,30.7,0.7344,0,0.0
P0007787,62,M,A,sedan,17098,44.7,0.7197,1,3325.13
P0007788,50,M,A,suv,28805,33.0,0.7262,0,0.0
P0007789,70,M,B,suv,14972,54.3,0.5286,0,0.0
P0007790,76,F,B,truck,18890,57.9,0.5266,0,0.0
P0007791,77,M,B,sedan,20298,57.2,0.5304,0,0.0
P0007792,57,F,C,sedan,33055,34.6,0.867,1,7298.58
P0007793,64,F,A,sedan,20458,48.9,0.8007,0,0.0
P0007794,37,F,B,sedan,23852,20.3,0.5682,0,0.0
P0007795,20,F,A,suv,31482,6.8,0.7155,0,0.0
P0007796,43,M,A,sedan,34266,24.6,0.9715,0,0.0
P0007797,72,M,C,suv,32743,57.7,0.5346,0,0.0
P0007798,26,F,B,suv,8197,8.4,0.5946,0,0.0
P0007799,52,M,A,suv,8473,32.5,0.6948,0,0.0
P0007800,30,M,B,suv,18528,13.8,0.618,0,0.0
P0007801,45,M,A,suv,15889,29.9,0.5793,0,0.0
P0007802,27,M,B,sedan,26055,7.4,0.9867,0,0.0
P0007803,64,F,A,sedan,18397,45.6,0.8832,1,1846.78
P0007804,69,F,C,suv,17644,54.3,0.8646,0,0.0
P0007805,65,M,A,sedan,7800,47.7,0.9662,0,0.0
P0007806,62,F,A,sedan,15842,46.7,0.5935,0,0.0
P0007807,32,M,C,truck,22713,12.9,0.9449,0,0.0
P0007808,51,M,C,suv,26558,33.8,0.9913,1,4139.44
P0007809,24,M,A,sedan,10234,3.9,0.7932,0,0.0
P0007810,41,F,B,suv,23776,25.9,0.9516,0,0.0
P0007811,49,M,C,sedan,22759,31.5,0.9081,0,0.0
P0007812,60,M,B,sedan,13758,43.0,0.6589,1,98.91
P0007813,24,F,B,sedan,32579,6.5,0.6662,1,1877.29
P0007814,69,F,B,sedan,18764,53.1,0.8379,0,0.0
P0007815,46,F,C,sedan,13182,33.5,0.7761,0,0.0
P0007816,73,F,B,suv,26913,54.6,0.6925,0,0.0
P0007817,51,M,A,sedan,10848,33.9,0.5235,0,0.0
P0007818,52,M,B,sedan,24434,36.7,0.5115,0,0.0
P0007819,61,F,B,sedan,26146,45.0,0.549,0,0.0
P0007820,69,M,B,sedan,19043,54.3,0.7021,0,0.0
P0007821,27,F,A,suv,11320,13.7,0.5137,0,0.0
P0007822,50,F,B,sedan,13060,30.9,0.5741,0,0.0
P0007823,19,F,B,suv,11872,0.9,0.984,2,829.88
P0007824,47,M,C,sedan,8552,32.7,0.7253,0,0.0
P0007825,69,M,A,sedan,35936,47.0,0.9666,1,1718.2
P0007826,72,M,B,suv,31045,57.3,0.595,0,0.0
P0007827,35,M,B,suv,21177,16.6,0.6793,0,0.0
P0007828,42,F,A,suv,30429,25.0,0.8356,0,0.0
P0007829,52,M,B,sedan,25379,37.5,0.9949,0,0.0
P0007830,42,F,A,sedan,24012,24.3,0.8499,0,0.0
P0007831,29,F,C,suv,27233,12.4,0.9511,0,0.0
P0007832,37,F,B,truck,22711,21.3,0.5246,0,0.0
P0007833,43,F,A,sedan,22369,23.4,0.6519,0,0.0
P0007834,50,F,B,suv,9226,31.8,0.9414,0,0.0
P0007835,76,F,C,sedan,23921,57.6,0.7616,0,0.0
P0007836,52,F,A,truck,18848,35.4,0.5849,0,0.0
P0007837,42,M,C,sedan,12626,24.3,0.5849,0,0.0
P0007838,59,F,A,sedan,19999,42.1,0.8793,1,3145.37
P0007839,66,F,A,sedan,30835,48.0,0.579,0,0.0
P0007840,45,M,B,suv,19303,29.9,0.7488,0,0.0
P0007841,48,M,A,suv,19769,35.7,0.5906,0,0.0
P0007842,31,F,C,suv,12504,11.3,0.6041,0,0.0
P0007843,72,M,B,suv,29983,55.0,0.6986,1,4117.55
P0007844,72,F,B,sedan,8838,53.9,0.559,0,0.0
P0007845,29,F,B,sedan,30959,13.4,0.8297,0,0.0
P0007846,39,M,B,truck,33872,22.4,0.5831,0,0.0
P0007847,35,F,B,sedan,10498,15.0,0.876,0,0.0
P0007848,76,M,B,sedan,22246,58.3,0.7607,0,0.0
P0007849,22,F,C,sedan,23163,0.6,0.6732,0,0.0
P0007850,31,M,B,sedan,31739,12.2,0.8071,0,0.0
P0007851,37,M,A,sedan,15109,21.3,0.7038,0,0.0
P0007852,53,M,B,suv,25831,35.1,0.5412,0,0.0
P0007853,33,F,B,suv,8079,12.6,0.6546,0,0.0
P0007854,51,F,A,sedan,30429,33.6,0.7623,0,0.0
P0007855,65,M,B,sedan,28496,46.7,0.5521,0,0.0
P0007856,70,M,A,truck,11695,50.2,0.8662,0,0.0
P0007857,24,F,A,suv,8876,11.7,0.6782,0,0.0
P0007858,26,F,C,truck,8287,7.6,0.6024,0,0.0
P0007859,23,M,C,sedan,30708,3.3,0.504,0,0.0
P0007860,75,M,A,truck,24029,59.5,0.5425,0,0.0
P0007861,59,M,C,truck,16506,39.9,0.6186,0,0.0
P0007862,51,M,C,sedan,22029,34.0,0.6835,1,529.21
P0007863,67,F,C,suv,22310,53.4,0.5767,0,0.0
P0007864,54,F,A,sedan,7990,35.4,0.7725,0,0.0
P0007865,32,M,A,suv,18626,15.0,0.5972,0,0.0
P0007866,50,M,B,suv,23950,33.1,0.9773,0,0.0
P0007867,62,F,B,sedan,23828,43.7,0.7824,0,0.0
P0007868,20,M,B,sedan,10638,4.9,0.8983,0,0.0
P0007869,56,F,B,sedan,33771,37.5,0.7109,0,0.0
P0007870,49,F,C,suv,8353,33.8,0.6024,1,4216.91
P0007871,22,M,C,suv,31725,2.0,0.7248,0,0.0
P0007872,34,F,B,sedan,35542,14.7,0.7062,0,0.0
P0007873,46,F,C,truck,28280,25.9,0.8118,0,0.0
P0007874,39,M,C,sedan,22227,21.1,0.9553,0,0.0
P0007875,36,F,A,sedan,10975,19.8,0.6186,0,0.0
P0007876,58,F,C,sedan,15222,42.4,0.5483,0,0.0
P0007877,43,M,A,truck,22013,27.6,0.8576,0,0.0
P0007878,49,F,A,suv,8039,32.3,0.5002,0,0.0
P0007879,68,M,C,suv,26939,52.4,0.8973,0,0.0
P0007880,23,F,B,truck,33418,5.4,0.8639,0,0.0
P0007881,40,F,B,sedan,28014,24.6,0.9129,0,0.0
P0007882,22,M,C,sedan,34219,6.2,0.5453,0,0.0
P0007883,76,F,A,suv,19702,59.8,0.6019,0,0.0
P0007884,29,M,A,sedan,12965,13.6,0.7758,0,0.0
P0007885,69,M,A,suv,5520,52.7,0.6636,0,0.0
P0007886,30,M,B,sedan,18485,11.8,0.9229,0,0.0
P0007887,38,F,A,sedan,8574,22.8,0.7292,0,0.0
P0007888,56,F,A,sedan,25011,41.4,0.7147,0,0.0
P0007889,70,M,C,sedan,29869,53.4,0.5924,0,0.0
P0007890,29,F,A,truck,8445,14.3,0.781,0,0.0
P0007891,31,M,B,sedan,21012,11.3,0.673,0,0.0
P0007892,73,M,A,truck,21645,57.4,0.7253,0,0.0
P0007893,38,F,B,sedan,14647,20.9,0.6356,0,0.0
P0007894,31,F,B,truck,11777,13.1,0.8044,0,0.0
P0007895,64,M,B,suv,27121,49.5,0.919,0,0.0
P0007896,23,M,A,sedan,11983,7.7,0.5103,0,0.0
P0007897,72,F,A,sedan,5989,56.3,0.6155,0,0.0
P0007898,73,M,A,sedan,23694,54.4,0.8387,0,0.0
P0007899,71,M,A,suv,7092,50.3,0.8533,0,0.0
P0007900,36,F,B,sedan,14612,15.3,0.6471,0,0.0
P0007901,25,F,A,sedan,7709,5.5,0.6431,0,0.0
P0007902,44,M,A,suv,22060,29.5,0.8734,1,6195.32
P0007903,39,M,A,suv,11745,23.8,0.7792,0,0.0
P0007904,78,M,C,sedan,13131,58.2,0.6945,0,0.0
P0007905,57,F,B,sedan,17385,36.9,0.5277,0,0.0
P0007906,77,M,B,suv,20118,58.4,0.8265,0,0.0
P0007907,65,M,B,sedan,27292,46.4,0.6465,1,994.25
P0007908,63,M,A,suv,33899,46.9,0.7885,1,1983.41
P0007909,25,F,A,sedan,23698,4.6,0.8612,0,0.0
P0007910,22,F,A,truck,20026,6.5,0.7316,0,0.0
P0007911,20,F,B,suv,23100,6.2,0.6266,0,0.0
P0007912,55,F,A,suv,20541,36.4,0.6071,0,0.0
P0007913,30,F,A,truck,5173,14.2,0.8525,0,0.0
P0007914,80,M,C,truck,20278,65.6,0.9458,0,0.0
P0007915,26,F,B,suv,28061,7.2,0.99,0,0.0
P0007916,77,M,A,suv,31553,63.7,0.9016,0,0.0
P0007917,60,F,C,truck,7851,42.1,0.8014,0,0.0
P0007918,24,M,A,sedan,26133,7.9,0.9322,0,0.0
P0007919,21,F,A,suv,8417,0.8,0.6948,0,0.0
P0007920,42,M,A,suv,5949,24.1,0.9411,0,0.0
P0007921,39,M,C,suv,6425,19.9,0.7151,0,0.0
P0007922,37,M,A,truck,8656,22.2,0.7977,0,0.0
P0007923,51,F,C,suv,7604,37.4,0.585,0,0.0
P0007924,26,F,B,suv,22914,9.7,0.7486,0,0.0
P0007925,26,M,B,truck,33536,7.8,0.6707,0,0.0
P0007926,61,F,A,suv,28565,43.9,0.6833,0,0.0
P0007927,80,M,A,sedan,27662,60.7,0.7991,1,3015.95
P0007928,35,F,B,sedan,8627,16.9,0.9409,0,0.0
P0007929,76,F,A,suv,34085,61.1,0.913,0,0.0
P0007930,39,M,B,sedan,20586,21.1,0.6745,0,0.0
P0007931,39,M,A,suv,5971,21.7,0.8669,0,0.0
P0007932,23,M,C,truck,24917,3.5,0.7738,1,1876.35
P0007933,44,F,B,sedan,26844,28.9,0.6741,0,0.0
P0007934,49,M,B,truck,17424,33.3,0.954,0,0.0
P0007935,59,M,B,suv,27177,41.2,0.5806,0,0.0
P0007936,27,F,A,truck,26498,7.2,0.9026,0,0.0
P0007937,29,F,A,sedan,23007,12.4,0.6061,0,0.0
P0007938,45,F,A,sedan,15621,26.8,0.9462,0,0.0
P0007939,22,M,B,suv,35957,4.9,0.8607,0,0.0
P0007940,27,F,A,suv,24313,10.1,0.7325,1,2933.55
P0007941,57,M,A,truck,19322,37.7,0.5387,0,0.0
P0007942,78,F,A,truck,28737,60.8,0.5901,0,0.0
P0007943,54,M,A,sedan,12524,37.9,0.5825,0,0.0
P0007944,27,M,B,sedan,34630,11.0,0.8808,0,0.0
P0007945,80,F,B,suv,27812,63.6,0.811,1,6903.93
P0007946,50,F,B,sedan,24805,34.4,0.6088,0,0.0
P0007947,63,F,B,truck,13258,46.5,0.6838,1,4326.45
P0007948,30,F,B,suv,15898,12.9,0.6547,0,0.0
P0007949,54,F,B,truck,34437,36.4,0.8262,0,0.0
P0007950,22,M,C,truck,27358,7.0,0.6652,1,2022.96
P0007951,57,F,C,sedan,8445,40.8,0.8843,0,0.0
P0007952,30,F,C,sedan,29938,13.7,0.8475,1,3332.44
P0007953,75,F,C,suv,8678,59.5,0.6213,0,0.0
P0007954,21,M,C,truck,17853,5.2,0.6619,0,0.0
P0007955,59,M,B,suv,17927,40.2,0.7747,0,0.0
P0007956,26,F,B,sedan,16239,6.3,0.9539,0,0.0
P0007957,61,F,B,suv,20357,44.6,0.5557,0,0.0
P0007958,49,F,A,sedan,9726,33.4,0.6793,0,0.0
P0007959,78,M,A,sedan,25499,61.2,0.7996,0,0.0
P0007960,59,M,C,truck,25983,41.8,0.6623,0,0.0
P0007961,41,F,B,sedan,31401,22.6,0.6448,0,0.0
P0007962,23,M,A,sedan,18790,6.8,0.716,0,0.0
P0007963,55,M,B,sedan,21450,39.1,0.5963,0,0.0
P0007964,45,M,A,truck,9120,23.1,0.8017,0,0.0
P0007965,21,F,A,sedan,15769,6.6,0.9392,0,0.0
P0007966,54,M,B,sedan,22405,35.2,0.9554,0,0.0
P0007967,31,M,B,sedan,17911,11.0,0.7357,0,0.0
P0007968,32,F,B,suv,35686,15.5,0.6467,0,0.0
P0007969,18,F,A,sedan,13597,0.1,0.6912,0,0.0
P0007970,41,F,B,truck,6591,27.4,0.6142,0,0.0
P0007971,31,F,A,truck,31891,14.0,0.7993,1,283.49
P0007972,22,F,B,suv,20981,2.7,0.5674,0,0.0
P0007973,45,M,B,sedan,7202,27.8,0.6591,0,0.0
P0007974,31,M,A,suv,34010,13.9,0.5853,0,0.0
P0007975,26,F,C,sedan,11430,5.5,0.6026,0,0.0
P0007976,47,F,B,sedan,34732,28.4,0.8357,0,0.0
P0007977,21,M,A,suv,15673,2.6,0.9964,0,0.0
P0007978,80,F,A,sedan,15593,64.6,0.8377,0,0.0
P0007979,47,F,A,sedan,11563,34.9,0.6221,0,0.0
P0007980,80,M,A,sedan,10319,62.3,0.7038,0,0.0
P0007981,73,F,C,sedan,29811,56.0,0.814,0,0.0
P0007982,79,F,B,sedan,18042,60.5,0.9337,1,12755.24
P0007983,52,M,C,sedan,22247,34.8,0.8571,0,0.0
P0007984,44,M,B,suv,14874,26.9,0.5727,1,4676.44
P0007985,63,F,C,sedan,18131,45.9,0.802,0,0.0
P0007986,23,M,C,sedan,19960,8.2,0.5986,0,0.0
P0007987,70,M,A,truck,14621,56.7,0.6872,0,0.0
P0007988,38,F,A,suv,23474,22.8,0.9824,1,3934.18
P0007989,18,M,A,truck,19427,3.2,0.946,1,5701.46
P0007990,32,F,A,sedan,28815,15.1,0.6284,0,0.0
P0007991,33,F,B,sedan,29104,19.3,0.8643,0,0.0
P0007992,18,F,A,sedan,24658,2.0,0.6648,0,0.0
P0007993,60,F,C,suv,8205,39.1,0.5039,0,0.0
P0007994,23,F,A,truck,32653,6.1,0.9251,0,0.0
P0007995,71,M,C,sedan,26562,53.9,0.9112,0,0.0
P0007996,46,F,A,sedan,27807,29.0,0.6471,1,3686.59
P0007997,63,M,A,sedan,25130,45.6,0.886,0,0.0
P0007998,39,F,C,sedan,21078,23.1,0.5157,0,0.0
P0007999,26,M,B,sedan,22476,9.3,0.7699,1,615.22
P0008000,29,M,B,truck,8698,13.1,0.9908,0,0.0
P0008001,58,F,C,sedan,33482,44.0,0.8942,0,0.0
P0008002,63,M,A,sedan,29916,43.7,0.7878,0,0.0
P0008003,34,M,A,suv,33196,18.8,0.6829,0,0.0
P0008004,40,F,A,sedan,27139,19.8,0.8677,0,0.0
P0008005,77,F,A,truck,13214,61.5,0.9877,0,0.0
P0008006,71,M,C,sedan,15421,56.7,0.5961,0,0.0
P0008007,44,M,C,truck,31870,23.1,0.5248,0,0.0
P0008008,33,F,A,sedan,12190,19.0,0.6886,0,0.0
P0008009,36,M,B,sedan,24058,23.5,0.7584,0,0.0
P0008010,51,F,C,suv,25400,36.9,0.6226,0,0.0
P0008011,53,F,A,truck,10677,36.3,0.8083,0,0.0
P0008012,29,M,A,sedan,7610,14.7,0.6529,0,0.0
P0008013,22,M,C,sedan,6042,6.1,0.991,0,0.0
P0008014,49,F,B,sedan,29404,36.1,0.6327,0,0.0
P0008015,68,F,A,sedan,14014,48.8,0.9015,0,0.0
P0008016,27,F,B,truck,12033,9.2,0.9823,1,2250.16
P0008017,43,M,A,truck,33179,28.5,0.7498,0,0.0
P0008018,28,F,B,suv,23397,15.6,0.5996,0,0.0
P0008019,33,F,B,sedan,5756,17.8,0.9452,0,0.0
P0008020,56,F,A,suv,14410,37.7,0.7012,0,0.0
P0008021,36,M,C,suv,19731,16.8,0.7721,0,0.0
P0008022,34,F,B,sedan,19794,17.5,0.5245,0,0.0
P0008023,80,M,B,sedan,29294,64.0,0.6741,0,0.0
P0008024,28,F,B,suv,29819,12.2,0.778,0,0.0
P0008025,29,F,B,truck,5982,11.4,0.8465,0,0.0
P0008026,76,F,A,sedan,13897,57.2,0.9756,0,0.0
P0008027,52,F,A,truck,23613,35.3,0.7917,0,0.0
P0008028,20,F,B,suv,6025,3.7,0.6357,0,0.0
P0008029,44,F,B,truck,22693,25.4,0.7786,0,0.0
P0008030,53,F,A,truck,7399,33.0,0.5355,0,0.0
P0008031,33,F,C,sedan,22763,16.6,0.574,0,0.0
P0008032,52,F,C,sedan,7308,34.8,0.6759,0,0.0
P0008033,58,F,A,suv,27899,42.5,0.5111,0,0.0
P0008034,33,F,A,truck,19229,15.8,0.5377,0,0.0
P0008035,69,F,B,sedan,34489,53.9,0.5037,0,0.0
P0008036,46,M,A,suv,7581,26.2,0.5909,0,0.0
P0008037,78,M,C,truck,31961,59.2,0.9128,1,10465.48
P0008038,23,M,B,sedan,17792,2.5,0.6757,0,0.0
P0008039,38,F,A,sedan,20116,22.1,0.9512,0,0.0
P0008040,63,M,B,sedan,26633,41.9,0.9425,0,0.0
P0008041,74,M,A,sedan,24286,56.5,0.9317,0,0.0
P0008042,31,F,B,suv,32275,14.3,0.6059,0,0.0
P0008043,79,F,A,sedan,30774,59.5,0.6712,0,0.0
P0008044,30,M,C,suv,11864,15.0,0.7342,0,0.0
P0008045,44,M,B,sedan,13515,26.9,0.7158,0,0.0
P0008046,37,M,C,truck,32176,20.3,0.54,0,0.0
P0008047,44,M,A,sedan,30112,26.2,0.6194,0,0.0
P0008048,74,M,A,suv,35320,57.9,0.8101,0,0.0
P0008049,64,M,C,sedan,33393,48.1,0.8383,0,0.0
P0008050,68,F,A,suv,24396,51.8,0.6823,0,0.0
P0008051,34,F,A,sedan,34835,17.6,0.6485,0,0.0
P0008052,77,M,C,suv,27853,59.8,0.793,1,5741.67
P0008053,45,F,C,sedan,32511,25.4,0.8317,1,3307.77
P0008054,59,F,C,sedan,19974,46.3,0.8555,0,0.0
P0008055,61,F,B,suv,34925,42.5,0.9055,0,0.0
P0008056,59,F,B,sedan,7320,42.9,0.7919,0,0.0
P0008057,55,F,B,truck,33137,38.4,0.6894,0,0.0
P0008058,48,M,B,suv,34758,33.2,0.6739,0,0.0
P0008059,58,F,A,sedan,29462,40.9,0.5172,0,0.0
P0008060,75,M,C,truck,34303,58.8,0.7082,0,0.0
P0008061,42,F,A,sedan,18039,25.4,0.9344,0,0.0
P0008062,50,M,B,truck,15006,31.8,0.8138,0,0.0
P0008063,29,M,C,sedan,9151,10.7,0.7965,0,0.0
P0008064,40,M,C,suv,11067,20.2,0.6119,0,0.0
P0008065,66,F,A,truck,31862,50.2,0.798,0,0.0
P0008066,58,F,B,sedan,7030,39.6,0.5902,0,0.0
P0008067,31,M,B,suv,11205,12.7,0.6705,0,0.0
P0008068,52,M,A,sedan,20432,34.8,0.7922,0,0.0
P0008069,69,F,A,suv,16149,48.6,0.5227,0,0.0
P0008070,25,M,B,sedan,33667,9.3,0.6557,0,0.0
P0008071,21,M,C,sedan,5922,3.7,0.5443,0,0.0
P0008072,42,F,C,sedan,6269,24.4,0.582,1,5871.01
P0008073,59,M,A,suv,13432,44.4,0.6761,0,0.0
P0008074,37,F,A,truck,23957,17.5,0.8464,0,0.0
P0008075,69,F,A,truck,16033,52.2,0.6337,0,0.0
P0008076,71,M,C,suv,30902,53.1,0.51,1,4181.82
P0008077,51,F,C,truck,7975,30.8,0.6995,0,0.0
P0008078,41,M,C,truck,16770,23.6,0.6105,0,0.0
P0008079,20,M,B,suv,25121,2.9,0.8891,1,4243.17
P0008080,69,M,A,sedan,23971,51.9,0.911,1,1811.6
P0008081,74,F,B,suv,21047,59.0,0.8355,0,0.0
P0008082,45,F,A,sedan,18758,28.8,0.8065,0,0.0
P0008083,50,F,A,truck,7915,33.3,0.8653,0,0.0
P0008084,65,M,A,sedan,7027,47.8,0.688,0,0.0
P0008085,61,F,A,sedan,6693,41.2,0.8256,0,0.0
P0008086,26,M,A,truck,20638,7.1,0.7099,0,0.0
P0008087,60,F,C,sedan,32433,44.2,0.7149,0,0.0
P0008088,76,F,B,truck,7760,59.0,0.8944,0,0.0
P0008089,65,M,C,truck,7021,45.2,0.8955,1,5556.39
P0008090,48,M,A,suv,26234,34.4,0.7002,0,0.0
P0008091,50,F,B,suv,20514,33.5,0.9686,0,0.0
P0008092,34,M,B,sedan,14613,19.6,0.7708,0,0.0
P0008093,59,F,A,sedan,5555,37.1,0.7436,0,0.0
P0008094,33,M,A,truck,29877,14.5,0.7508,0,0.0
P0008095,39,F,A,sedan,25438,23.0,0.8897,0,0.0
P0008096,34,M,C,sedan,23198,17.1,0.9838,0,0.0
P0008097,39,F,C,sedan,12259,23.6,0.845,0,0.0
P0008098,41,F,A,suv,33985,20.0,0.6706,0,0.0
P0008099,23,M,B,suv,6946,10.6,0.7584,0,0.0
P0008100,63,F,A,sedan,27870,45.3,0.6536,0,0.0
P0008101,45,F,A,sedan,27556,28.1,0.8268,0,0.0
P0008102,77,F,B,truck,27470,62.1,0.9996,0,0.0
P0008103,29,F,C,sedan,23660,12.5,0.9325,1,388.73
P0008104,60,M,C,sedan,14442,46.2,0.7364,2,16245.43
P0008105,29,F,A,sedan,19127,8.9,0.6711,0,0.0
P0008106,52,M,B,suv,18699,34.9,0.7264,0,0.0
P0008107,48,M,A,sedan,31854,29.2,0.6581,0,0.0
P0008108,46,F,A,sedan,28112,30.0,0.9958,0,0.0
P0008109,59,M,A,suv,19766,39.3,0.601,0,0.0
P0008110,70,F,A,sedan,27382,52.9,0.9049,0,0.0
P0008111,37,F,A,truck,35053,17.9,0.7072,0,0.0
P0008112,71,F,A,truck,26460,52.9,0.8258,1,3956.27
P0008113,29,F,B,suv,16046,12.1,0.9614,0,0.0
P0008114,36,F,A,sedan,5246,17.0,0.796,0,0.0
P0008115,37,F,A,sedan,32227,11.6,0.8084,0,0.0
P0008116,78,M,C,suv,5536,63.3,0.518,0,0.0
P0008117,25,M,C,sedan,20781,8.2,0.5644,1,1741.9
P0008118,42,M,A,suv,7091,27.6,0.7703,0,0.0
P0008119,44,M,A,sedan,32263,26.2,0.6853,0,0.0
P0008120,68,M,A,suv,5979,50.5,0.8046,0,0.0
P0008121,48,F,C,sedan,26189,27.1,0.6921,0,0.0
P0008122,78,M,A,suv,28958,61.5,0.5875,0,0.0
P0008123,64,F,A,sedan,27708,45.1,0.8984,0,0.0
P0008124,62,M,B,sedan,21953,49.2,0.9226,0,0.0
P0008125,65,M,B,sedan,23315,47.7,0.984,1,4067.9
P0008126,28,F,A,sedan,20651,12.7,0.6004,0,0.0
P0008127,46,M,A,truck,28470,27.8,0.6557,0,0.0
P0008128,54,M,B,sedan,7653,34.7,0.6404,1,4104.34
P0008129,31,M,A,sedan,32593,15.2,0.9651,0,0.0
P0008130,25,F,A,suv,29013,6.9,0.7987,0,0.0
P0008131,26,M,C,sedan,35028,9.7,0.9612,0,0.0
P0008132,67,M,C,truck,7878,49.9,0.9452,0,0.0
P0008133,59,F,B,sedan,11482,41.2,0.6226,0,0.0
P0008134,35,F,B,truck,11876,20.0,0.7139,0,0.0
P0008135,64,F,B,suv,17787,49.0,0.7068,0,0.0
P0008136,61,M,A,sedan,30386,42.3,0.7435,0,0.0
P0008137,69,F,B,sedan,29389,53.4,0.9988,0,0.0
P0008138,75,F,A,sedan,26469,55.4,0.5869,0,0.0
P0008139,73,F,A,suv,17280,59.6,0.8862,0,0.0
P0008140,29,M,A,sedan,7871,10.1,0.6138,0,0.0
P0008141,66,M,B,suv,26527,49.0,0.8697,0,0.0
P0008142,42,F,B,suv,7290,25.2,0.6014,0,0.0
P0008143,43,F,B,suv,11326,25.7,0.7635,0,0.0
P0008144,58,M,B,suv,17601,43.9,0.8339,0,0.0
P0008145,55,F,C,truck,29073,35.8,0.7159,0,0.0
P0008146,44,F,A,sedan,23705,27.9,0.9831,0,0.0
P0008147,80,M,A,sedan,8215,64.7,0.8528,0,0.0
P0008148,29,F,C,sedan,12649,7.7,0.5787,0,0.0
P0008149,24,F,B,sedan,31326,7.7,0.6861,0,0.0
P0008150,19,F,B,sedan,23140,3.7,0.657,0,0.0
P0008151,69,M,A,sedan,25383,50.4,0.6478,0,0.0
P0008152,43,M,C,suv,16141,25.5,0.6059,0,0.0
P0008153,45,F,B,sedan,30267,26.0,0.5929,0,0.0
P0008154,58,M,C,suv,23247,40.8,0.9351,0,0.0
P0008155,45,M,C,sedan,7514,26.1,0.9947,0,0.0
P0008156,54,M,C,sedan,27490,32.9,0.58,0,0.0
P0008157,21,F,A,sedan,13940,5.5,0.8956,0,0.0
P0008158,27,F,B,sedan,31138,10.9,0.6138,1,704.06
P0008159,76,M,A,sedan,24788,62.2,0.7608,0,0.0
P0008160,46,F,A,sedan,11071,28.2,0.5986,0,0.0
P0008161,28,F,A,suv,5908,10.7,0.6356,1,3018.36
P0008162,41,F,A,sedan,7638,21.5,0.7053,0,0.0
P0008163,39,M,B,sedan,12636,22.1,0.8525,0,0.0
P0008164,35,F,B,sedan,8669,18.2,0.737,0,0.0
P0008165,36,F,A,sedan,25411,18.6,0.905,0,0.0
P0008166,63,M,A,sedan,10126,46.5,0.5483,0,0.0
P0008167,24,F,A,sedan,18838,6.3,0.7859,0,0.0
P0008168,37,F,B,suv,15054,19.5,0.5534,0,0.0
P0008169,47,F,A,suv,25391,28.9,0.5589,0,0.0
P0008170,52,F,B,truck,5887,35.5,0.6545,0,0.0
P0008171,73,M,A,truck,17468,54.9,0.5525,0,0.0
P0008172,76,F,B,sedan,30808,57.8,0.8877,0,0.0
P0008173,36,M,C,sedan,12633,19.7,0.7537,2,11734.44
P0008174,51,F,B,truck,31320,34.2,0.8223,0,0.0
P0008175,19,F,B,sedan,10327,2.4,0.5281,1,1774.48
P0008176,56,F,C,sedan,27107,41.5,0.6124,0,0.0
P0008177,27,F,A,suv,13742,11.0,0.7616,0,0.0
P0008178,22,F,A,suv,16050,3.5,0.541,0,0.0
P0008179,60,F,C,sedan,21184,41.3,0.5803,0,0.0
P0008180,29,M,C,sedan,26909,11.3,0.5109,0,0.0
P0008181,48,F,B,sedan,21326,33.0,0.9557,0,0.0
P0008182,24,M,A,sedan,22812,5.0,0.7156,0,0.0
P0008183,64,F,A,sedan,13966,43.3,0.5225,0,0.0
P0008184,66,F,C,suv,25532,47.8,0.7302,0,0.0
P0008185,54,M,B,sedan,7195,37.0,0.9438,0,0.0
P0008186,70,F,A,sedan,7724,54.7,0.595,0,0.0
P0008187,45,F,A,sedan,9946,28.0,0.6189,0,0.0
P0008188,29,F,C,truck,32116,13.0,0.9911,1,239.86
P0008189,27,F,B,sedan,24006,10.4,0.927,0,0.0
P0008190,31,M,C,sedan,15809,11.4,0.7743,0,0.0
P0008191,30,F,B,suv,24381,11.2,0.593,0,0.0
P0008192,38,M,A,sedan,13345,21.7,0.6098,0,0.0
P0008193,31,F,A,sedan,27711,13.8,0.9307,0,0.0
P0008194,55,F,B,sedan,17115,38.0,0.8378,0,0.0
P0008195,27,F,A,truck,24182,10.9,0.6755,0,0.0
P0008196,57,F,A,suv,12666,42.7,0.513,0,0.0
P0008197,39,M,A,suv,6096,20.3,0.568,0,0.0
P0008198,61,M,A,truck,35819,41.6,0.8646,0,0.0
P0008199,50,F,C,suv,25251,34.2,0.8244,0,0.0
P0008200,75,F,A,sedan,25032,59.3,0.6794,0,0.0
P0008201,45,M,B,sedan,23700,26.2,0.796,1,1577.98
P0008202,36,F,B,sedan,32788,20.3,0.8776,0,0.0
P0008203,55,M,A,sedan,5577,40.8,0.8219,0,0.0
P0008204,59,F,B,suv,34481,42.9,0.6198,0,0.0
P0008205,45,F,C,sedan,19233,25.3,0.9758,0,0.0
P0008206,53,F,B,sedan,23018,37.0,0.5118,0,0.0
P0008207,47,F,B,sedan,34074,31.3,0.7781,0,0.0
P0008208,37,M,C,sedan,29816,20.9,0.6117,0,0.0
P0008209,37,M,C,truck,15851,22.3,0.8538,0,0.0
P0008210,75,M,C,sedan,33063,60.6,0.7809,1,5484.67
P0008211,60,M,B,sedan,7580,43.5,0.5979,1,863.35
P0008212,24,F,B,suv,9650,9.8,0.7529,0,0.0
P0008213,78,F,B,suv,12045,61.8,0.7599,2,12982.59
P0008214,62,F,A,sedan,13343,44.5,0.7102,1,2360.64
P0008215,21,M,B,sedan,25873,3.2,0.5211,0,0.0
P0008216,63,F,C,suv,17450,46.3,0.6034,0,0.0
P0008217,55,M,A,sedan,31359,40.4,0.9844,0,0.0
P0008218,75,M,C,suv,24308,58.8,0.5942,0,0.0
P0008219,48,M,C,suv,23766,30.3,0.7294,0,0.0
P0008220,50,F,A,truck,28817,31.8,0.647,0,0.0
P0008221,37,M,A,truck,17722,20.5,0.8784,0,0.0
P0008222,38,M,C,truck,15695,22.4,0.789,0,0.0
P0008223,56,M,A,sedan,8350,38.8,0.8577,0,0.0
P0008224,70,F,C,truck,31123,53.7,0.8185,0,0.0
P0008225,74,M,A,suv,12220,59.0,0.7518,1,308.56
P0008226,66,F,A,sedan,25285,48.4,0.9803,0,0.0
P0008227,56,M,A,truck,29507,39.0,0.8516,0,0.0
P0008228,49,M,A,truck,16532,34.2,0.8444,0,0.0
P0008229,39,F,C,suv,10070,23.3,0.8452,0,0.0
P0008230,66,M,A,sedan,26102,49.4,0.7334,0,0.0
P0008231,38,F,A,sedan,15083,24.0,0.8213,0,0.0
P0008232,34,M,B,truck,31413,18.5,0.8023,0,0.0
P0008233,72,M,C,truck,18810,53.7,0.9441,0,0.0
P0008234,55,M,A,sedan,15414,39.0,0.9894,0,0.0
P0008235,40,M,C,sedan,27538,24.6,0.7415,0,0.0
P0008236,72,F,A,suv,16996,52.8,0.8004,0,0.0
P0008237,78,F,C,sedan,29705,60.3,0.6451,0,0.0
P0008238,38,M,B,suv,26446,19.6,0.9227,0,0.0
P0008239,50,F,C,truck,32416,34.6,0.8553,0,0.0
P0008240,48,F,B,sedan,18324,31.6,0.962,0,0.0
P0008241,62,F,C,suv,7692,45.0,0.8025,0,0.0
P0008242,77,F,A,suv,10507,59.5,0.8543,0,0.0
P0008243,52,M,B,sedan,5156,30.4,0.5476,0,0.0
P0008244,68,F,B,sedan,31479,50.8,0.8034,0,0.0
P0008245,55,F,A,suv,12541,35.8,0.6884,0,0.0
P0008246,73,M,C,suv,11247,51.4,0.754,0,0.0
P0008247,43,M,C,suv,23788,22.6,0.6633,0,0.0
P0008248,42,F,C,truck,12636,24.7,0.6436,0,0.0
P0008249,44,M,A,sedan,35353,24.7,0.9104,0,0.0
P0008250,80,F,C,truck,31902,62.7,0.7788,0,0.0
P0008251,56,M,A,suv,18976,39.1,0.6266,0,0.0
P0008252,27,F,C,sedan,24900,8.3,0.8834,0,0.0
P0008253,20,F,A,sedan,16991,1.2,0.5374,0,0.0
P0008254,50,F,B,sedan,18379,32.0,0.6466,0,0.0
P0008255,68,M,A,sedan,19895,51.3,0.6682,0,0.0
P0008256,48,F,B,truck,16836,32.0,0.5888,0,0.0
P0008257,53,F,A,suv,18532,38.4,0.9213,0,0.0
P0008258,68,M,C,sedan,10680,50.7,0.8369,0,0.0
P0008259,50,F,C,sedan,25205,32.5,0.8352,0,0.0
P0008260,75,M,A,sedan,7105,56.3,0.7964,0,0.0
P0008261,58,F,C,truck,33190,43.9,0.6891,0,0.0
P0008262,64,F,B,suv,33192,46.8,0.8295,0,0.0
P0008263,67,F,B,sedan,11448,50.4,0.8681,0,0.0
P0008264,57,F,A,sedan,6386,40.1,0.7692,0,0.0
P0008265,21,F,A,sedan,19863,1.5,0.7354,0,0.0
P0008266,44,F,A,suv,6912,24.4,0.6118,0,0.0
P0008267,26,M,B,sedan,17504,7.0,0.542,0,0.0
P0008268,50,F,B,sedan,28315,32.8,0.5207,0,0.0
P0008269,27,F,B,truck,14597,10.4,0.8571,0,0.0
P0008270,50,M,C,sedan,32706,30.6,0.6743,0,0.0
P0008271,39,F,A,truck,5448,18.6,0.8542,0,0.0
P0008272,19,M,C,suv,27001,0.0,0.754,1,6605.43
P0008273,25,M,C,sedan,20611,7.0,0.7234,0,0.0
P0008274,49,F,C,sedan,12504,31.9,0.8145,0,0.0
P0008275,22,M,B,suv,18332,3.6,0.5916,1,402.84
P0008276,71,M,A,suv,13390,52.5,0.9898,0,0.0
P0008277,65,M,C,sedan,24220,48.8,0.6651,0,0.0
P0008278,62,M,B,truck,34802,45.4,0.8846,1,2674.65
P0008279,28,F,C,suv,20536,4.9,0.6239,0,0.0
P0008280,68,M,A,suv,26702,51.8,0.734,0,0.0
P0008281,57,F,B,sedan,23951,38.3,0.7497,0,0.0
P0008282,42,F,B,sedan,30661,26.0,0.6533,0,0.0
P0008283,18,M,B,sedan,22440,1.2,0.6743,0,0.0
P0008284,51,F,C,sedan,18837,35.8,0.7176,0,0.0
P0008285,68,M,A,truck,8699,52.8,0.9181,0,0.0
P0008286,20,M,A,sedan,29072,1.8,0.75,1,2275.57
P0008287,21,M,A,sedan,32836,3.0,0.5443,0,0.0
P0008288,42,M,A,suv,35403,21.3,0.6083,0,0.0
P0008289,50,M,A,suv,27627,32.9,0.993,0,0.0
P0008290,47,M,A,sedan,16058,29.7,0.5449,0,0.0
P0008291,44,M,A,suv,26805,27.1,0.8239,0,0.0
P0008292,34,M,B,suv,14936,18.9,0.6056,0,0.0
P0008293,21,M,C,sedan,32863,2.8,0.716,0,0.0
P0008294,19,F,A,sedan,6331,2.3,0.6785,0,0.0
P0008295,24,F,A,suv,32845,9.9,0.9886,0,0.0
P0008296,61,F,C,suv,27847,41.8,0.7756,0,0.0
P0008297,67,F,A,sedan,32565,51.1,0.625,0,0.0
P0008298,45,F,A,sedan,12460,27.3,0.8018,0,0.0
P0008299,22,F,B,suv,20752,4.3,0.5357,1,2555.34
P0008300,44,M,C,sedan,12871,26.6,0.9633,0,0.0
P0008301,80,M,A,truck,27034,65.0,0.6721,0,0.0
P0008302,33,M,C,sedan,24592,13.2,0.9417,0,0.0
P0008303,48,M,A,suv,26439,32.5,0.9046,0,0.0
P0008304,51,M,A,truck,27903,38.9,0.5934,0,0.0
P0008305,38,M,A,sedan,6393,19.3,0.9811,0,0.0
P0008306,45,F,C,suv,17631,26.4,0.9958,0,0.0
P0008307,47,M,B,sedan,12831,32.4,0.9026,1,1253.96
P0008308,47,F,B,suv,34280,30.0,0.7257,0,0.0
P0008309,63,F,C,truck,21412,43.8,0.8363,0,0.0
P0008310,54,F,B,truck,10013,34.2,0.5403,0,0.0
P0008311,21,M,A,sedan,17159,2.8,0.9606,0,0.0
P0008312,18,M,B,truck,21347,0.0,0.6109,0,0.0
P0008313,43,F,A,truck,15069,24.6,0.8584,0,0.0
P0008314,75,M,B,sedan,24137,58.3,0.9008,0,0.0
P0008315,20,F,C,truck,28847,5.2,0.9848,4,6863.97
P0008316,22,F,B,sedan,24138,5.5,0.9119,0,0.0
P0008317,60,F,A,truck,22942,40.8,0.909,0,0.0
P0008318,46,F,B,truck,25362,26.8,0.8527,0,0.0
P0008319,32,M,A,suv,13916,14.6,0.7883,1,3263.71
P0008320,31,F,A,sedan,24650,14.7,0.5209,0,0.0
P0008321,59,F,B,truck,6590,38.5,0.9864,1,2341.48
P0008322,50,F,A,sedan,29542,32.8,0.7245,0,0.0
P0008323,58,M,A,sedan,16784,39.7,0.8984,0,0.0
P0008324,35,M,B,sedan,30236,20.4,0.6886,0,0.0
P0008325,51,M,B,sedan,12866,34.1,0.728,0,0.0
P0008326,72,M,A,sedan,35300,52.8,0.7312,0,0.0
P0008327,37,M,C,sedan,21130,22.7,0.995,0,0.0
P0008328,42,F,A,truck,34130,25.1,0.6057,0,0.0
P0008329,28,F,A,truck,14064,10.2,0.7509,0,0.0
P0008330,58,F,C,truck,21117,38.1,0.5773,0,0.0
P0008331,20,F,A,suv,27132,1.0,0.7471,0,0.0
P0008332,33,F,C,suv,26884,12.6,0.773,0,0.0
P0008333,62,F,B,suv,12836,43.3,0.5683,0,0.0
P0008334,19,F,B,suv,17475,0.2,0.8491,0,0.0
P0008335,80,F,A,truck,12137,64.9,0.914,0,0.0
P0008336,43,F,A,sedan,25170,28.0,0.908,0,0.0
P0008337,43,F,C,truck,17867,22.6,0.8646,0,0.0
P0008338,51,M,A,truck,5230,34.9,0.5704,0,0.0
P0008339,58,M,C,sedan,14071,42.1,0.8107,0,0.0
P0008340,46,F,C,truck,16395,33.6,0.8492,0,0.0
P0008341,73,F,B,truck,22380,53.9,0.8797,0,0.0
P0008342,78,F,A,sedan,33350,63.2,0.8547,1,3177.08
P0008343,30,F,B,sedan,35488,14.6,0.8144,0,0.0
P0008344,62,F,B,suv,25925,42.8,0.8639,0,0.0
P0008345,36,F,A,suv,33037,23.4,0.9262,0,0.0
P0008346,80,M,C,sedan,5535,60.3,0.7847,0,0.0
P0008347,33,M,A,sedan,31669,17.7,0.5726,0,0.0
P0008348,36,M,C,suv,21203,19.3,0.908,0,0.0
P0008349,62,M,A,sedan,16551,46.6,0.8305,0,0.0
P0008350,67,M,A,sedan,16342,52.7,0.8433,0,0.0
P0008351,26,M,B,sedan,15828,10.5,0.6471,0,0.0
P0008352,53,M,A,truck,30072,37.7,0.5748,0,0.0
P0008353,39,M,A,sedan,19225,24.5,0.8904,0,0.0
P0008354,56,M,A,suv,8560,35.9,0.5247,1,3552.91
P0008355,53,M,C,suv,32933,37.9,0.7012,0,0.0
P0008356,80,M,A,truck,23725,66.8,0.7544,0,0.0
P0008357,76,F,B,truck,17119,63.1,0.5087,0,0.0
P0008358,59,F,B,truck,27074,41.1,0.7985,0,0.0
P0008359,60,F,B,suv,15877,46.5,0.5598,0,0.0
P0008360,74,F,A,sedan,23459,57.4,0.6207,0,0.0
P0008361,29,F,A,sedan,5245,8.1,0.9968,0,0.0
P0008362,63,F,C,sedan,13507,45.6,0.7801,0,0.0
P0008363,66,F,C,sedan,15606,48.4,0.9841,0,0.0
P0008364,26,M,C,sedan,29588,10.1,0.7463,0,0.0
P0008365,73,F,B,sedan,28389,56.0,0.9017,0,0.0
P0008366,62,F,C,sedan,29601,45.4,0.519,0,0.0
P0008367,39,F,C,suv,19840,21.4,0.6456,1,6900.76
P0008368,48,F,B,truck,16188,27.7,0.6416,0,0.0
P0008369,48,M,C,sedan,21378,31.9,0.5349,0,0.0
P0008370,75,M,A,sedan,13266,59.6,0.9761,0,0.0
P0008371,79,F,A,suv,21388,62.2,0.7523,0,0.0
P0008372,68,F,B,sedan,25580,49.1,0.7965,1,4821.42
P0008373,59,F,B,truck,35047,42.7,0.7602,0,0.0
P0008374,24,M,B,sedan,16402,6.5,0.6243,0,0.0
P0008375,75,M,B,sedan,8511,57.0,0.9622,0,0.0
P0008376,26,M,B,suv,15705,4.7,0.8345,0,0.0
P0008377,28,F,C,sedan,30620,9.2,0.5618,0,0.0
P0008378,22,M,A,suv,18967,6.7,0.7309,0,0.0
P0008379,77,M,A,sedan,17914,64.4,0.5007,1,2122.36
P0008380,49,M,B,sedan,19200,31.7,0.8374,0,0.0
P0008381,32,F,B,sedan,12837,16.4,0.7618,0,0.0
P0008382,23,F,C,suv,30718,7.0,0.9521,0,0.0
P0008383,43,F,A,sedan,25812,28.0,0.9737,1,3938.1
P0008384,63,F,A,sedan,34537,47.0,0.5491,0,0.0
P0008385,80,M,C,suv,8042,64.1,0.5447,0,0.0
P0008386,52,F,A,suv,27117,35.2,0.9495,0,0.0
P0008387,56,F,B,sedan,7505,40.3,0.7561,1,4902.24
P0008388,70,M,A,truck,7735,54.4,0.7348,0,0.0
P0008389,74,F,B,suv,31209,55.9,0.7854,0,0.0
P0008390,35,M,C,truck,15471,18.0,0.7332,0,0.0
P0008391,80,M,B,sedan,14791,63.0,0.8071,0,0.0
P0008392,50,M,A,suv,10878,33.1,0.9745,0,0.0
P0008393,76,M,C,sedan,8362,60.8,0.803,1,9477.68
P0008394,25,F,A,sedan,25561,5.1,0.6604,1,1123.04
P0008395,24,F,A,sedan,21223,2.9,0.6067,0,0.0
P0008396,73,M,B,sedan,23542,53.5,0.9831,0,0.0
P0008397,60,F,B,truck,9782,46.5,0.7897,0,0.0
P0008398,29,F,B,truck,35456,13.3,0.7833,0,0.0
P0008399,74,M,A,sedan,5243,55.6,0.5167,0,0.0
P0008400,24,F,A,sedan,18878,8.5,0.9592,0,0.0
P0008401,60,F,A,sedan,21178,44.4,0.7348,0,0.0
P0008402,30,F,C,suv,8269,15.7,0.9999,1,5520.47
P0008403,22,F,A,sedan,22941,5.7,0.5839,0,0.0
P0008404,68,M,C,suv,23550,52.6,0.6631,0,0.0
P0008405,71,F,A,sedan,21448,58.8,0.605,0,0.0
P0008406,24,F,A,suv,16375,4.7,0.6895,0,0.0
P0008407,23,F,B,truck,33829,5.2,0.9883,0,0.0
P0008408,56,M,A,sedan,10517,41.7,0.7074,0,0.0
P0008409,19,F,B,truck,28068,0.3,0.9136,0,0.0
P0008410,65,F,C,truck,16500,47.7,0.8776,1,3202.49
P0008411,75,M,C,suv,17004,55.7,0.649,0,0.0
P0008412,65,F,B,sedan,12383,46.5,0.79,0,0.0
P0008413,32,M,B,suv,25913,16.6,0.9259,0,0.0
P0008414,29,F,A,sedan,11113,10.7,0.8057,0,0.0
P0008415,60,F,C,truck,16555,41.6,0.6325,0,0.0
P0008416,21,F,A,suv,19992,1.9,0.9316,0,0.0
P0008417,51,M,A,suv,5299,32.0,0.7781,0,0.0
P0008418,46,F,B,suv,30110,24.8,0.99,0,0.0
P0008419,64,F,A,sedan,15273,45.1,0.8278,0,0.0
P0008420,30,M,B,suv,32455,14.6,0.7244,1,1020.36
P0008421,66,F,A,truck,25105,48.6,0.718,0,0.0
P0008422,62,M,A,sedan,13069,47.1,0.9401,0,0.0
P0008423,33,M,B,sedan,25526,13.6,0.9903,0,0.0
P0008424,40,M,B,truck,18900,24.7,0.7052,0,0.0
P0008425,22,F,C,sedan,20081,0.5,0.5815,0,0.0
P0008426,46,F,A,truck,31129,29.6,0.5199,0,0.0
P0008427,34,M,A,sedan,24873,17.1,0.6612,0,0.0
P0008428,25,F,A,suv,35648,8.9,0.671,0,0.0
P0008429,53,F,B,suv,33769,37.4,0.7129,0,0.0
P0008430,53,M,A,sedan,31347,37.1,0.5725,0,0.0
P0008431,23,M,C,sedan,19438,5.5,0.7463,0,0.0
P0008432,29,F,A,sedan,20315,12.0,0.9717,0,0.0
P0008433,23,F,C,suv,32348,6.9,0.6162,0,0.0
P0008434,60,M,B,sedan,31974,42.4,0.8424,1,6826.54
P0008435,39,M,B,sedan,16487,23.1,0.519,0,0.0
P0008436,22,F,A,suv,26905,5.0,0.8219,0,0.0
P0008437,30,F,A,truck,23579,9.5,0.9688,0,0.0
P0008438,79,F,A,sedan,8518,63.1,0.6412,0,0.0
P0008439,34,F,B,suv,8824,17.6,0.9081,0,0.0
P0008440,61,F,B,truck,7608,46.3,0.5412,0,0.0
P0008441,47,M,A,suv,12941,30.7,0.6791,0,0.0
P0008442,29,F,A,truck,34024,11.3,0.5034,0,0.0
P0008443,37,F,C,suv,14831,21.1,0.6776,0,0.0
P0008444,18,M,A,suv,33657,3.3,0.6549,0,0.0
P0008445,65,F,A,suv,18653,47.3,0.8464,0,0.0
P0008446,39,F,A,sedan,19209,21.1,0.6473,0,0.0
P0008447,49,M,A,suv,12934,30.8,0.9115,0,0.0
P0008448,27,F,B,suv,25516,12.5,0.6457,0,0.0
P0008449,69,M,B,sedan,23268,49.3,0.6117,0,0.0
P0008450,31,F,B,sedan,14448,15.0,0.7473,1,1912.99
P0008451,53,F,B,suv,29329,38.0,0.8282,0,0.0
P0008452,72,M,A,sedan,26743,53.0,0.9444,0,0.0
P0008453,62,F,A,sedan,27046,42.3,0.9068,0,0.0
P0008454,56,M,C,sedan,18831,39.6,0.7623,0,0.0
P0008455,73,F,A,sedan,25066,57.7,0.9891,0,0.0
P0008456,29,M,A,suv,15802,11.1,0.6483,0,0.0
P0008457,78,F,B,sedan,35980,63.7,0.9997,0,0.0
P0008458,53,M,B,sedan,18658,30.9,0.6926,0,0.0
P0008459,43,M,A,sedan,13497,28.1,0.6312,0,0.0
P0008460,34,F,C,truck,19122,16.3,0.6914,0,0.0
P0008461,64,F,A,truck,34182,47.3,0.7929,0,0.0
P0008462,79,F,C,sedan,34225,63.8,0.737,0,0.0
P0008463,61,M,A,sedan,16024,45.9,0.5251,0,0.0
P0008464,20,F,B,sedan,32434,0.7,0.678,0,0.0
P0008465,47,M,A,sedan,14476,29.3,0.7459,0,0.0
P0008466,64,F,C,suv,11027,48.4,0.8316,0,0.0
P0008467,43,F,B,suv,11871,27.1,0.9765,0,0.0
P0008468,66,M,C,suv,13632,50.6,0.978,0,0.0
P0008469,62,F,C,truck,14075,43.2,0.757,0,0.0
P0008470,22,F,B,truck,14280,3.2,0.7845,1,2010.62
P0008471,53,M,A,sedan,16882,34.9,0.849,0,0.0
P0008472,28,M,A,suv,5358,10.5,0.9177,0,0.0
P0008473,48,F,C,sedan,16699,29.7,0.8726,0,0.0
P0008474,42,F,C,suv,21443,28.3,0.8603,0,0.0
P0008475,68,F,A,sedan,17421,50.4,0.7236,0,0.0
P0008476,72,M,A,sedan,19963,52.9,0.9345,0,0.0
P0008477,47,F,A,sedan,11978,29.5,0.8313,0,0.0
P0008478,51,M,A,sedan,8862,33.9,0.5796,0,0.0
P0008479,57,M,A,sedan,32907,41.3,0.7992,0,0.0
P0008480,59,M,C,suv,35697,43.1,0.6553,0,0.0
P0008481,58,F,A,sedan,17638,42.0,0.6015,0,0.0
P0008482,67,F,C,truck,28599,49.6,0.8244,0,0.0
P0008483,79,F,C,sedan,9356,63.0,0.8211,0,0.0
P0008484,70,F,A,truck,10675,56.6,0.9774,0,0.0
P0008485,26,F,B,sedan,21113,7.4,0.9881,0,0.0
P0008486,48,M,B,sedan,26865,30.0,0.7044,0,0.0
P0008487,47,F,A,sedan,26743,29.3,0.5893,0,0.0
P0008488,50,F,B,sedan,15559,34.9,0.5702,0,0.0
P0008489,51,M,B,sedan,32175,35.0,0.9871,1,1016.15
P0008490,63,M,A,suv,24618,45.0,0.6979,0,0.0
P0008491,44,F,C,sedan,14817,26.9,0.6714,0,0.0
P0008492,34,M,A,sedan,19585,18.4,0.8106,0,0.0
P0008493,46,M,A,sedan,14241,26.4,0.5287,0,0.0
P0008494,71,F,C,suv,9304,55.7,0.8234,0,0.0
P0008495,37,M,A,sedan,5178,26.0,0.9379,1,777.31
P0008496,19,F,A,sedan,19262,1.8,0.8621,0,0.0
P0008497,79,F,A,sedan,5193,61.7,0.7087,0,0.0
P0008498,30,F,A,suv,34812,12.9,0.5581,0,0.0
P0008499,55,F,B,suv,32205,37.2,0.6206,0,0.0
P0008500,68,M,B,sedan,28192,52.1,0.6327,0,0.0
P0008501,35,M,A,suv,28257,15.9,0.6925,1,991.82
P0008502,39,F,B,sedan,24424,24.7,0.5667,0,0.0
P0008503,35,M,A,sedan,27706,18.0,0.7878,0,0.0
P0008504,27,F,A,suv,31149,11.3,0.6832,0,0.0
P0008505,27,F,C,suv,20891,8.0,0.7482,0,0.0
P0008506,29,M,C,sedan,30690,13.6,0.6426,1,1594.76
P0008507,46,F,B,suv,12358,28.9,0.7269,0,0.0
P0008508,51,M,A,sedan,32534,33.8,0.8563,1,1661.95
P0008509,19,F,B,suv,26902,1.6,0.5441,0,0.0
P0008510,71,M,C,suv,8374,55.5,0.755,0,0.0
P0008511,60,F,C,suv,10641,42.3,0.8092,0,0.0
P0008512,22,F,B,sedan,9012,4.9,0.8338,0,0.0
P0008513,71,M,B,sedan,12515,53.3,0.9614,0,0.0
P0008514,19,F,A,sedan,29765,0.0,0.8906,0,0.0
P0008515,53,F,A,sedan,30624,35.8,0.8695,0,0.0
P0008516,47,M,A,sedan,35855,32.0,0.934,0,0.0
P0008517,49,F,A,suv,8994,28.1,0.9572,1,419.27
P0008518,78,F,A,suv,22438,59.0,0.9197,0,0.0
P0008519,76,F,B,suv,30470,57.7,0.807,1,7451.66
P0008520,35,M,B,suv,34892,18.4,0.9215,1,6980.15
P0008521,54,M,B,sedan,8043,35.5,0.6632,0,0.0
P0008522,78,M,B,sedan,25547,65.1,0.976,0,0.0
P0008523,63,M,A,sedan,7478,42.9,0.5867,0,0.0
P0008524,73,F,B,suv,7644,54.2,0.6146,0,0.0
P0008525,45,F,C,sedan,30877,28.4,0.5793,0,0.0
P0008526,35,F,B,sedan,33713,16.3,0.8885,0,0.0
P0008527,50,M,C,sedan,10746,31.8,0.7172,0,0.0
P0008528,69,F,A,suv,31015,54.0,0.869,0,0.0
P0008529,76,M,B,truck,33259,58.6,0.755,0,0.0
P0008530,61,M,B,truck,21611,43.2,0.7016,0,0.0
P0008531,62,M,B,sedan,10313,45.3,0.9482,0,0.0
P0008532,50,F,C,suv,28061,33.4,0.7161,1,1350.01
P0008533,38,F,B,sedan,22002,19.2,0.8092,0,0.0
P0008534,44,M,C,suv,15898,26.6,0.9293,1,3022.1
P0008535,49,M,C,sedan,31821,28.2,0.6063,0,0.0
P0008536,69,F,C,sedan,24089,53.3,0.7014,0,0.0
P0008537,52,M,A,sedan,13193,34.2,0.5725,0,0.0
P0008538,67,M,A,sedan,17810,51.8,0.7713,0,0.0
P0008539,19,F,C,truck,14584,0.6,0.8948,1,4260.01
P0008540,65,M,B,sedan,21341,50.2,0.5275,0,0.0
P0008541,49,F,C,truck,13401,31.4,0.5302,0,0.0
P0008542,80,M,A,sedan,24733,60.6,0.8706,0,0.0
P0008543,47,F,C,sedan,18891,29.9,0.8548,0,0.0
P0008544,48,F,C,suv,6669,33.0,0.7011,0,0.0
P0008545,26,F,C,suv,5175,7.1,0.6803,0,0.0
P0008546,68,M,B,truck,7976,50.3,0.641,0,0.0
P0008547,62,M,A,suv,9979,45.2,0.5309,0,0.0
P0008548,72,F,B,suv,7554,56.9,0.7568,0,0.0
P0008549,23,F,B,sedan,25507,9.2,0.808,0,0.0
P0008550,31,F,A,truck,23442,9.5,0.9327,0,0.0
P0008551,73,F,A,suv,5650,57.1,0.7709,0,0.0
P0008552,20,M,C,suv,17800,5.0,0.576,0,0.0
P0008553,50,F,A,suv,14106,32.4,0.6541,0,0.0
P0008554,43,M,B,sedan,20501,28.0,0.8925,0,0.0
P0008555,77,M,B,truck,23139,59.0,0.8091,1,10369.06
P0008556,71,F,C,suv,20508,51.3,0.8856,1,3416.85
P0008557,74,M,B,truck,17362,59.1,0.7067,0,0.0
P0008558,36,M,A,suv,6254,19.6,0.5338,0,0.0
P0008559,55,M,A,sedan,29568,37.1,0.9461,0,0.0
P0008560,62,M,A,suv,29677,47.4,0.6746,0,0.0
P0008561,78,F,A,suv,31647,62.8,0.5417,0,0.0
P0008562,18,F,C,sedan,26721,1.2,0.7934,0,0.0
P0008563,79,M,A,suv,15149,58.1,0.872,0,0.0
P0008564,40,F,A,suv,26324,24.7,0.739,0,0.0
P0008565,26,M,C,truck,32946,9.6,0.8069,0,0.0
P0008566,56,M,A,truck,6061,34.0,0.7086,0,0.0
P0008567,67,F,A,sedan,20722,48.4,0.9068,0,0.0
P0008568,26,F,B,sedan,25203,12.4,0.8919,0,0.0
P0008569,20,F,A,sedan,35538,3.5,0.86,0,0.0
P0008570,74,M,A,suv,20514,55.8,0.5099,0,0.0
P0008571,76,F,C,truck,32266,56.1,0.7582,0,0.0
P0008572,27,F,C,suv,28577,7.2,0.8927,0,0.0
P0008573,74,M,C,truck,29488,55.9,0.6224,0,0.0
P0008574,75,M,B,suv,8003,56.6,0.6296,1,8498.99
P0008575,80,M,A,suv,20630,65.6,0.9521,0,0.0
P0008576,31,M,C,truck,28147,15.4,0.9209,1,869.65
P0008577,54,F,B,sedan,8866,39.6,0.9941,0,0.0
P0008578,80,M,A,sedan,34812,60.9,0.7487,1,200.08
P0008579,74,M,A,sedan,26212,56.2,0.5621,0,0.0
P0008580,56,F,B,sedan,31380,38.8,0.5041,0,0.0
P0008581,30,F,A,suv,24616,9.9,0.8531,0,0.0
P0008582,23,F,A,sedan,32719,4.9,0.9083,0,0.0
P0008583,34,M,A,sedan,32905,14.7,0.7141,0,0.0
P0008584,22,M,B,sedan,7349,3.5,0.7129,0,0.0
P0008585,30,M,A,sedan,34055,11.3,0.9201,0,0.0
P0008586,22,M,B,sedan,21418,7.1,0.593,0,0.0
P0008587,66,F,A,truck,20152,47.1,0.5317,0,0.0
P0008588,55,M,B,suv,12646,37.1,0.9828,1,2218.81
P0008589,50,M,A,suv,17533,33.8,0.7712,0,0.0
P0008590,69,F,B,sedan,21892,50.6,0.8862,0,0.0
P0008591,43,F,B,sedan,21516,23.4,0.9774,0,0.0
P0008592,43,M,B,suv,26904,26.2,0.9052,0,0.0
P0008593,31,M,A,sedan,26055,15.5,0.7338,0,0.0
P0008594,46,F,B,sedan,28151,30.4,0.8241,0,0.0
P0008595,28,M,C,suv,22932,13.8,0.8161,0,0.0
P0008596,55,F,A,suv,35739,38.3,0.9628,0,0.0
P0008597,80,F,B,truck,32234,61.8,0.5705,0,0.0
P0008598,51,M,B,sedan,34686,30.5,0.8479,0,0.0
P0008599,36,F,C,suv,27447,20.6,0.9314,0,0.0
P0008600,61,M,B,sedan,12661,43.3,0.6795,0,0.0
P0008601,69,M,C,suv,34904,52.0,0.8541,0,0.0
P0008602,47,F,B,truck,33384,30.0,0.6249,0,0.0
P0008603,33,F,B,suv,14199,19.1,0.544,0,0.0
P0008604,62,F,A,sedan,32404,47.0,0.5127,0,0.0
P0008605,29,F,B,suv,21185,8.4,0.765,0,0.0
P0008606,80,M,A,suv,27426,61.0,0.5258,0,0.0
P0008607,38,F,B,truck,15606,20.4,0.7962,1,8398.82
P0008608,40,M,A,suv,12987,22.1,0.6878,0,0.0
P0008609,63,F,B,truck,17465,44.5,0.5034,0,0.0
P0008610,18,F,C,sedan,10835,1.9,0.6132,0,0.0
P0008611,30,M,C,suv,9379,13.8,0.8692,1,2491.32
P0008612,25,F,A,sedan,18503,9.2,0.6894,0,0.0
P0008613,42,M,C,suv,34380,24.7,0.8628,0,0.0
P0008614,52,M,C,truck,6210,37.3,0.9075,0,0.0
P0008615,29,M,C,suv,15142,13.3,0.8985,0,0.0
P0008616,39,F,B,suv,13801,21.0,0.8353,0,0.0
P0008617,66,F,A,sedan,11438,49.7,0.8733,0,0.0
P0008618,77,M,C,sedan,7274,63.5,0.7849,0,0.0
P0008619,18,F,B,suv,10449,1.8,0.7324,0,0.0
P0008620,57,M,B,sedan,21259,38.9,0.5309,0,0.0
P0008621,19,M,A,sedan,18235,1.8,0.9876,0,0.0
P0008622,50,M,A,suv,24112,36.4,0.9201,0,0.0
P0008623,73,M,A,suv,31545,53.9,0.836,1,14968.64
P0008624,68,M,B,sedan,8450,51.5,0.822,0,0.0
P0008625,32,F,B,sedan,15238,14.3,0.7884,0,0.0
P0008626,34,M,C,sedan,32091,14.9,0.5472,0,0.0
P0008627,67,M,A,suv,12310,50.2,0.6597,0,0.0
P0008628,69,F,A,truck,8000,55.8,0.6698,0,0.0
P0008629,35,M,A,sedan,12424,14.5,0.8969,0,0.0
P0008630,18,F,A,sedan,17282,5.4,0.8025,0,0.0
P0008631,46,F,B,truck,12932,29.7,0.6991,0,0.0
P0008632,57,M,B,sedan,20530,37.4,0.664,0,0.0
P0008633,45,M,C,suv,11327,29.4,0.9269,0,0.0
P0008634,76,F,A,sedan,23045,60.3,0.8928,0,0.0
P0008635,69,M,A,truck,31835,52.4,0.9065,1,1249.06
P0008636,67,F,C,suv,14892,50.4,0.6977,1,2816.51
P0008637,19,F,A,sedan,21813,3.7,0.7396,1,2197.0
P0008638,71,F,B,sedan,27105,55.3,0.7866,0,0.0
P0008639,65,M,B,sedan,7056,45.9,0.5959,0,0.0
P0008640,43,F,C,sedan,15582,27.1,0.6811,0,0.0
P0008641,55,F,A,sedan,24663,37.0,0.7456,0,0.0
P0008642,69,M,C,suv,12833,53.8,0.8352,0,0.0
P0008643,75,F,C,suv,17768,55.2,0.7247,0,0.0
P0008644,52,F,A,sedan,19048,33.1,0.5773,0,0.0
P0008645,20,F,B,sedan,34032,3.2,0.7126,0,0.0
P0008646,56,M,B,truck,8516,37.7,0.7657,0,0.0
P0008647,60,M,A,sedan,24659,40.0,0.8254,0,0.0
P0008648,21,M,C,suv,34950,6.0,0.9269,0,0.0
P0008649,69,F,A,suv,33066,54.1,0.6162,0,0.0
P0008650,30,F,A,suv,22053,12.3,0.7799,0,0.0
P0008651,74,M,A,suv,17033,59.6,0.7087,0,0.0
P0008652,52,F,B,truck,9465,38.1,0.8435,0,0.0
P0008653,38,F,C,sedan,13113,24.2,0.9371,0,0.0
P0008654,21,F,B,sedan,29678,3.7,0.7385,0,0.0
P0008655,19,F,B,sedan,5831,6.1,0.9221,0,0.0
P0008656,64,F,A,sedan,27331,47.8,0.501,0,0.0
P0008657,41,M,B,sedan,33817,30.9,0.9561,0,0.0
P0008658,70,F,B,sedan,18345,52.1,0.8942,0,0.0
P0008659,32,M,B,suv,30081,14.0,0.5669,1,4724.29
P0008660,75,F,B,sedan,35494,58.4,0.8377,0,0.0
P0008661,77,M,C,truck,28613,57.6,0.7571,0,0.0
P0008662,24,M,B,sedan,20519,5.4,0.9854,0,0.0
P0008663,58,M,B,suv,22493,42.6,0.6522,0,0.0
P0008664,77,F,B,sedan,11595,61.8,0.8045,0,0.0
P0008665,38,M,A,sedan,9087,19.2,0.7614,0,0.0
P0008666,22,F,B,suv,29528,3.6,0.6106,0,0.0
P0008667,73,M,B,sedan,21103,56.5,0.9068,0,0.0
P0008668,47,M,B,suv,33791,33.5,0.8715,0,0.0
P0008669,19,M,B,suv,28030,0.1,0.7721,0,0.0
P0008670,70,M,A,suv,13133,52.9,0.972,0,0.0
P0008671,60,M,A,suv,34841,43.1,0.9633,0,0.0
P0008672,22,M,A,truck,5208,10.7,0.909,0,0.0
P0008673,34,F,B,sedan,7964,15.9,0.5762,1,2791.86
P0008674,19,F,C,truck,23887,2.1,0.9471,0,0.0
P0008675,78,M,B,sedan,23733,62.1,0.6529,0,0.0
P0008676,19,M,B,sedan,27716,3.7,0.785,0,0.0
P0008677,68,F,B,truck,25059,50.8,0.9874,0,0.0
P0008678,50,F,A,sedan,13086,32.1,0.6155,0,0.0
P0008679,54,M,A,truck,9603,37.8,0.5999,0,0.0
P0008680,69,F,A,suv,34873,50.9,0.926,0,0.0
P0008681,74,F,C,truck,15486,59.3,0.5065,0,0.0
P0008682,26,F,A,sedan,10196,10.3,0.5871,0,0.0
P0008683,19,F,B,suv,7144,0.6,0.6637,0,0.0
P0008684,25,M,A,sedan,29835,8.8,0.8691,0,0.0
P0008685,60,F,B,sedan,31185,39.6,0.7402,0,0.0
P0008686,53,F,A,suv,32165,35.4,0.6967,0,0.0
P0008687,23,F,C,suv,31433,8.3,0.9594,0,0.0
P0008688,32,F,A,suv,10297,18.1,0.878,0,0.0
P0008689,51,F,C,suv,5444,32.4,0.8164,0,0.0
P0008690,64,F,B,suv,20541,48.2,0.67,0,0.0
P0008691,39,F,B,sedan,20741,20.2,0.9294,0,0.0
P0008692,77,M,B,sedan,5869,61.1,0.6265,0,0.0
P0008693,80,F,B,suv,32169,62.5,0.973,0,0.0
P0008694,66,F,A,suv,24898,49.7,0.6302,0,0.0
P0008695,46,F,B,sedan,26133,28.5,0.91,0,0.0
P0008696,73,F,B,sedan,21940,54.5,0.9571,0,0.0
P0008697,63,F,B,sedan,35795,46.0,0.6133,0,0.0
P0008698,50,F,B,suv,29126,31.7,0.6147,0,0.0
P0008699,45,F,B,sedan,22925,31.4,0.5393,0,0.0
P0008700,70,F,A,suv,20539,52.2,0.6707,1,2333.0
P0008701,53,M,A,suv,30876,36.0,0.7501,0,0.0
P0008702,29,F,A,truck,15970,12.5,0.543,0,0.0
P0008703,80,F,B,sedan,31692,67.8,0.5732,0,0.0
P0008704,22,M,A,truck,9236,8.3,0.7111,1,6774.83
P0008705,61,F,A,suv,6116,43.5,0.5901,0,0.0
P0008706,59,M,C,sedan,6583,41.3,0.8867,0,0.0
P0008707,54,F,A,sedan,16361,36.2,0.6612,0,0.0
P0008708,21,F,A,sedan,21393,4.0,0.5232,0,0.0
P0008709,49,M,C,sedan,32785,34.4,0.5773,0,0.0
P0008710,74,F,B,sedan,33485,59.1,0.6536,0,0.0
P0008711,33,F,C,sedan,5970,20.2,0.5729,0,0.0
P0008712,61,M,A,truck,28746,43.8,0.6078,0,0.0
P0008713,72,M,B,sedan,11240,51.2,0.6033,0,0.0
P0008714,77,F,C,sedan,17186,60.2,0.7093,1,4496.42
P0008715,50,M,A,suv,31607,34.5,0.762,1,1636.1
P0008716,37,F,A,truck,35495,19.9,0.8113,0,0.0
P0008717,62,M,A,truck,29607,45.3,0.9547,0,0.0
P0008718,48,F,C,truck,10704,34.5,0.844,0,0.0
P0008719,57,M,A,truck,6177,39.5,0.5993,0,0.0
P0008720,64,F,B,sedan,35926,47.2,0.7246,0,0.0
P0008721,62,M,B,suv,12297,45.3,0.8648,0,0.0
P0008722,33,F,C,sedan,12134,12.0,0.7776,0,0.0
P0008723,65,M,A,truck,21172,48.2,0.5847,0,0.0
P0008724,52,M,B,sedan,10214,31.4,0.8938,0,0.0
P0008725,76,M,C,suv,25641,60.7,0.5983,0,0.0
P0008726,59,M,A,sedan,31608,45.0,0.6722,0,0.0
P0008727,74,F,B,truck,15729,58.6,0.8668,0,0.0
P0008728,79,M,A,sedan,19534,59.7,0.9847,0,0.0
P0008729,80,F,A,truck,32894,64.5,0.9452,0,0.0
P0008730,64,M,A,truck,32647,49.9,0.9849,0,0.0
P0008731,55,M,A,sedan,7896,37.3,0.6984,0,0.0
P0008732,25,F,A,suv,28189,8.8,0.7179,0,0.0
P0008733,42,F,C,sedan,5619,23.9,0.5814,1,3594.74
P0008734,47,M,B,sedan,9858,31.3,0.7363,0,0.0
P0008735,67,M,B,sedan,24446,51.8,0.8902,1,6040.51
P0008736,55,M,B,suv,8779,34.7,0.5345,0,0.0
P0008737,45,F,C,sedan,10704,29.7,0.6595,0,0.0
P0008738,27,F,A,suv,18849,11.7,0.9628,0,0.0
P0008739,63,M,A,suv,17885,45.1,0.5913,0,0.0
P0008740,45,M,A,sedan,22407,33.6,0.6486,0,0.0
P0008741,20,M,C,sedan,33533,1.5,0.9675,1,1178.04
P0008742,35,M,C,sedan,18119,14.4,0.6724,0,0.0
P0008743,73,M,B,sedan,14493,54.3,0.9155,1,1492.79
P0008744,25,M,A,truck,11571,10.1,0.6435,0,0.0
P0008745,43,M,B,sedan,32186,27.4,0.6285,0,0.0
P0008746,50,M,B,suv,11743,32.9,0.5935,0,0.0
P0008747,23,M,A,truck,5126,5.3,0.5313,0,0.0
P0008748,28,F,A,sedan,20807,7.8,0.7077,1,2967.81
P0008749,77,F,A,suv,27682,56.9,0.8567,0,0.0
P0008750,55,M,B,truck,5443,38.4,0.7527,0,0.0
P0008751,31,M,C,suv,24735,15.1,0.7037,0,0.0
P0008752,28,M,A,sedan,18607,12.6,0.6022,0,0.0
P0008753,44,M,C,suv,29072,25.7,0.8418,0,0.0
P0008754,63,F,B,truck,6029,43.8,0.6264,0,0.0
P0008755,64,F,B,suv,32810,46.9,0.516,0,0.0
P0008756,30,M,C,suv,32067,13.0,0.9823,0,0.0
P0008757,63,M,B,suv,26281,41.8,0.9712,0,0.0
P0008758,74,F,A,suv,24223,55.6,0.6072,0,0.0
P0008759,32,F,A,sedan,26827,19.1,0.6193,0,0.0
P0008760,19,F,C,truck,9965,2.1,0.7901,0,0.0
P0008761,78,F,B,sedan,32802,60.6,0.7137,0,0.0
P0008762,50,F,A,truck,28825,33.5,0.9439,0,0.0
P0008763,66,F,B,sedan,28413,46.5,0.7135,0,0.0
P0008764,38,F,A,suv,20271,21.7,0.5679,0,0.0
P0008765,36,M,A,truck,9367,21.0,0.7733,0,0.0
P0008766,32,M,C,suv,20831,16.4,0.5566,0,0.0
P0008767,31,M,B,sedan,21893,12.7,0.7236,0,0.0
P0008768,47,F,A,suv,12939,32.7,0.7886,0,0.0
P0008769,24,F,B,sedan,33649,8.0,0.9727,0,0.0
P0008770,71,F,C,sedan,17206,52.3,0.6467,0,0.0
P0008771,50,M,A,suv,34575,35.7,0.8247,0,0.0
P0008772,75,F,A,truck,32222,60.1,0.5001,0,0.0
P0008773,49,M,A,truck,7318,35.4,0.9357,0,0.0
P0008774,37,M,A,suv,9563,21.8,0.6585,0,0.0
P0008775,50,M,A,suv,17171,34.0,0.6204,0,0.0
P0008776,27,F,A,sedan,24334,10.5,0.5513,0,0.0
P0008777,69,F,A,sedan,8520,53.8,0.8926,0,0.0
P0008778,63,M,B,suv,11723,46.8,0.5283,0,0.0
P0008779,27,F,A,suv,31544,8.0,0.8089,1,77.08
P0008780,54,M,A,suv,18788,36.3,0.6578,0,0.0
P0008781,51,F,B,sedan,22235,29.7,0.8556,0,0.0
P0008782,30,M,A,sedan,21523,14.3,0.9829,1,654.45
P0008783,25,M,A,sedan,35039,8.9,0.6374,0,0.0
P0008784,65,F,C,suv,8775,47.7,0.8099,0,0.0
P0008785,34,M,B,sedan,21160,18.0,0.6853,0,0.0
P0008786,50,M,B,sedan,7433,33.1,0.7547,0,0.0
P0008787,33,M,B,suv,6440,19.8,0.5416,0,0.0
P0008788,59,F,C,sedan,20005,42.7,0.6022,0,0.0
P0008789,21,F,A,sedan,33008,2.2,0.8971,0,0.0
P0008790,40,M,A,suv,17689,19.2,0.6725,0,0.0
P0008791,52,F,C,sedan,27228,32.1,0.5005,0,0.0
P0008792,45,M,A,suv,33550,27.7,0.6604,0,0.0
P0008793,56,F,B,truck,5190,38.0,0.8348,0,0.0
P0008794,29,M,A,sedan,26637,11.3,0.9858,0,0.0
P0008795,45,F,A,sedan,32853,29.1,0.9271,0,0.0
P0008796,65,M,B,suv,32801,49.9,0.8784,0,0.0
P0008797,39,F,B,suv,27811,21.5,0.9647,0,0.0
P0008798,27,F,B,truck,33777,10.2,0.8297,0,0.0
P0008799,71,F,A,sedan,23660,52.3,0.7596,0,0.0
P0008800,67,M,A,truck,5591,54.8,0.7698,1,1441.5
P0008801,60,F,B,sedan,35442,43.3,0.9721,1,1854.37
P0008802,68,M,A,sedan,32275,48.6,0.5011,0,0.0
P0008803,67,F,B,suv,10894,48.8,0.7578,0,0.0
P0008804,65,M,B,sedan,34712,50.0,0.8845,0,0.0
P0008805,50,M,A,sedan,25200,35.6,0.5191,0,0.0
P0008806,19,F,A,sedan,19031,2.1,0.9116,1,2455.99
P0008807,55,F,C,sedan,30375,36.4,0.922,0,0.0
P0008808,35,F,A,suv,24715,17.0,0.7618,0,0.0
P0008809,66,M,A,sedan,29457,48.8,0.9144,0,0.0
P0008810,47,M,C,sedan,15725,28.7,0.5713,0,0.0
P0008811,75,F,A,sedan,17084,57.5,0.9715,0,0.0
P0008812,55,M,C,suv,8058,36.8,0.5244,0,0.0
P0008813,52,M,A,truck,32566,33.1,0.5186,0,0.0
P0008814,75,M,A,sedan,13140,58.9,0.762,0,0.0
P0008815,47,F,B,truck,9261,31.8,0.8676,0,0.0
P0008816,41,M,A,suv,7496,22.5,0.85,0,0.0
P0008817,41,F,B,truck,16967,25.0,0.7751,0,0.0
P0008818,73,M,A,suv,20090,59.9,0.8918,0,0.0
P0008819,65,F,B,sedan,30868,45.1,0.8039,0,0.0
P0008820,28,M,C,suv,25261,10.5,0.9251,0,0.0
P0008821,49,M,B,suv,29990,31.6,0.5579,0,0.0
P0008822,41,M,B,truck,5162,24.4,0.9907,0,0.0
P0008823,58,F,A,truck,5907,39.3,0.9404,0,0.0
P0008824,21,M,A,suv,12094,6.6,0.9476,0,0.0
P0008825,62,F,C,suv,16956,45.0,0.6818,0,0.0
P0008826,64,M,B,sedan,7286,46.4,0.9734,0,0.0
P0008827,32,F,B,suv,31899,13.9,0.5708,0,0.0
P0008828,27,M,B,suv,34938,13.4,0.5389,0,0.0
P0008829,57,F,A,suv,20031,38.8,0.6994,0,0.0
P0008830,34,F,A,sedan,29896,17.8,0.9665,0,0.0
P0008831,77,F,A,truck,10911,61.3,0.9839,0,0.0
P0008832,66,F,B,sedan,5960,52.1,0.7468,0,0.0
P0008833,78,F,A,sedan,32858,56.5,0.876,0,0.0
P0008834,51,M,A,sedan,30233,34.3,0.7691,1,4617.54
P0008835,77,M,B,sedan,28487,59.5,0.5567,0,0.0
P0008836,18,M,B,sedan,30645,3.1,0.8266,0,0.0
P0008837,36,M,B,sedan,27018,22.1,0.5734,0,0.0
P0008838,18,F,C,sedan,29962,0.0,0.8281,1,1783.96
P0008839,60,F,B,sedan,34983,45.7,0.6202,0,0.0
P0008840,50,F,A,sedan,32230,30.4,0.6317,0,0.0
P0008841,36,F,C,truck,32594,15.4,0.8375,0,0.0
P0008842,37,M,B,suv,19521,21.6,0.7325,0,0.0
P0008843,58,M,B,sedan,30373,41.9,0.9151,1,7296.62
P0008844,29,M,C,suv,12421,17.1,0.8401,0,0.0
P0008845,50,M,A,suv,14734,36.5,0.6475,0,0.0
P0008846,56,F,B,suv,31983,37.7,0.8886,0,0.0
P0008847,33,M,A,sedan,16265,13.5,0.5323,0,0.0
P0008848,32,F,A,suv,30874,16.6,0.8674,0,0.0
P0008849,40,M,B,sedan,20358,24.3,0.6927,0,0.0
P0008850,55,F,A,sedan,13515,41.2,0.6511,0,0.0
P0008851,34,F,A,truck,17760,19.3,0.7613,0,0.0
P0008852,41,F,B,sedan,23002,21.3,0.9536,0,0.0
P0008853,52,F,A,sedan,6964,34.4,0.6284,0,0.0
P0008854,29,F,B,sedan,22265,15.6,0.9997,0,0.0
P0008855,53,F,A,suv,8257,34.9,0.7944,0,0.0
P0008856,26,M,B,sedan,20113,4.3,0.6261,0,0.0
P0008857,26,M,B,sedan,15022,9.8,0.8456,0,0.0
P0008858,32,F,B,sedan,23866,16.3,0.8677,0,0.0
P0008859,36,F,B,sedan,31012,17.8,0.7658,0,0.0
P0008860,19,M,C,sedan,7603,0.0,0.5653,0,0.0
P0008861,78,F,A,sedan,7637,59.4,0.9076,0,0.0
P0008862,37,M,A,sedan,19093,20.6,0.9051,1,5438.78
P0008863,68,F,C,sedan,28370,51.8,0.8826,0,0.0
P0008864,74,F,B,truck,13676,60.4,0.8779,0,0.0
P0008865,68,F,C,suv,29257,53.5,0.6907,0,0.0
P0008866,70,F,B,sedan,5073,52.3,0.7464,0,0.0
P0008867,24,M,B,sedan,14142,8.1,0.8307,0,0.0
P0008868,41,M,A,suv,21094,23.5,0.5828,0,0.0
P0008869,65,F,A,suv,24410,48.5,0.8021,0,0.0
P0008870,54,M,B,sedan,16305,36.9,0.5551,0,0.0
P0008871,18,F,B,sedan,32343,1.0,0.9239,0,0.0
P0008872,53,F,C,suv,18368,34.5,0.5599,0,0.0
P0008873,68,M,C,sedan,24707,49.3,0.8862,0,0.0
P0008874,70,M,A,sedan,8451,53.0,0.611,0,0.0
P0008875,42,M,B,sedan,33808,25.4,0.9642,2,5336.12
P0008876,32,F,C,suv,20674,15.1,0.829,0,0.0
P0008877,37,F,C,sedan,19573,21.6,0.7156,0,0.0
P0008878,36,F,C,sedan,13373,16.8,0.5218,0,0.0
P0008879,39,M,B,sedan,23838,23.1,0.8036,0,0.0
P0008880,37,F,C,suv,5018,20.3,0.689,0,0.0
P0008881,46,M,A,suv,19008,28.6,0.8991,1,1198.26
P0008882,20,F,A,suv,29180,2.4,0.8964,0,0.0
P0008883,35,F,A,suv,29108,17.5,0.8435,0,0.0
P0008884,37,F,B,sedan,24462,20.3,0.6339,0,0.0
P0008885,27,F,C,sedan,16609,6.7,0.5865,0,0.0
P0008886,73,M,B,truck,21365,55.8,0.7485,0,0.0
P0008887,60,M,B,truck,10238,43.5,0.7262,0,0.0
P0008888,75,M,A,sedan,24283,54.4,0.8365,1,486.57
P0008889,53,M,B,suv,11704,37.6,0.7664,0,0.0
P0008890,24,F,A,sedan,15033,3.4,0.7475,0,0.0
P0008891,74,M,B,sedan,27757,61.0,0.7404,0,0.0
P0008892,46,M,A,sedan,8814,29.8,0.7521,0,0.0
P0008893,61,M,B,suv,15231,47.3,0.9361,0,0.0
P0008894,42,F,B,truck,16064,27.7,0.5854,0,0.0
P0008895,49,F,B,suv,34335,31.1,0.5094,0,0.0
P0008896,48,M,B,suv,29455,30.4,0.6109,0,0.0
P0008897,35,F,C,sedan,16546,19.2,0.6551,0,0.0
P0008898,52,F,C,truck,23856,31.7,0.8062,0,0.0
P0008899,64,F,A,sedan,12437,44.7,0.9213,0,0.0
P0008900,19,M,A,truck,29528,2.1,0.8565,0,0.0
P0008901,26,F,A,sedan,15687,12.6,0.9991,0,0.0
P0008902,71,M,A,sedan,32970,52.1,0.5004,0,0.0
P0008903,53,M,A,suv,32617,37.0,0.5951,0,0.0
P0008904,79,F,C,sedan,12739,61.4,0.5435,0,0.0
P0008905,56,F,C,sedan,17686,37.4,0.8318,0,0.0
P0008906,59,M,A,suv,33347,42.8,0.7135,1,2743.05
P0008907,74,F,C,suv,7979,54.4,0.6556,2,13478.85
P0008908,59,F,C,sedan,25540,42.8,0.6563,0,0.0
P0008909,38,F,A,suv,21003,19.9,0.9465,0,0.0
P0008910,51,F,C,suv,22384,32.5,0.5378,0,0.0
P0008911,32,M,C,sedan,22743,13.2,0.6567,0,0.0
P0008912,39,F,C,sedan,20599,18.5,0.7499,0,0.0
P0008913,60,M,B,suv,15627,44.6,0.7058,0,0.0
P0008914,27,F,A,truck,19530,12.3,0.8438,0,0.0
P0008915,60,M,A,sedan,35326,43.6,0.8037,0,0.0
P0008916,54,M,C,suv,7290,30.9,0.9002,0,0.0
P0008917,37,F,A,suv,9976,17.3,0.9221,0,0.0
P0008918,20,M,B,suv,6693,4.1,0.7,1,1646.48
P0008919,62,F,A,suv,24393,45.7,0.933,0,0.0
P0008920,69,M,B,suv,15260,52.0,0.8161,0,0.0
P0008921,63,M,A,sedan,6392,45.5,0.9302,0,0.0
P0008922,44,F,C,truck,11310,25.7,0.7327,0,0.0
P0008923,59,F,B,suv,13063,40.6,0.5128,0,0.0
P0008924,44,M,B,suv,7684,24.6,0.829,0,0.0
P0008925,40,M,A,suv,28776,19.0,0.983,0,0.0
P0008926,38,F,B,sedan,5757,21.3,0.9651,1,468.72
P0008927,31,F,C,sedan,32366,14.4,0.576,0,0.0
P0008928,79,F,C,suv,35330,62.7,0.7448,0,0.0
P0008929,59,M,C,sedan,33431,42.6,0.9364,0,0.0
P0008930,29,M,B,sedan,11574,11.3,0.7083,0,0.0
P0008931,72,M,C,suv,12080,53.7,0.7591,0,0.0
P0008932,27,M,B,sedan,35525,6.5,0.9988,0,0.0
P0008933,55,M,B,suv,24310,39.4,0.7413,0,0.0
P0008934,28,F,B,sedan,21879,10.3,0.595,0,0.0
P0008935,40,M,A,suv,31809,24.7,0.5193,0,0.0
P0008936,59,F,B,sedan,10946,41.2,0.7307,0,0.0
P0008937,80,M,B,suv,17590,57.7,0.7573,1,3356.44
P0008938,80,F,A,suv,9504,63.3,0.96,0,0.0
P0008939,74,M,B,sedan,29768,52.1,0.896,0,0.0
P0008940,32,M,A,truck,11224,16.7,0.5314,0,0.0
P0008941,23,M,B,sedan,9083,6.9,0.9084,0,0.0
P0008942,75,F,C,sedan,16277,58.7,0.5348,0,0.0
P0008943,76,M,A,suv,22496,58.7,0.507,0,0.0
P0008944,35,F,A,suv,11354,18.3,0.7735,0,0.0
P0008945,19,F,B,suv,32900,0.5,0.7649,0,0.0
P0008946,58,M,A,truck,30668,46.5,0.6582,0,0.0
P0008947,22,M,A,suv,33516,7.0,0.7303,0,0.0
P0008948,20,F,B,sedan,16377,0.0,0.9602,0,0.0
P0008949,77,M,A,sedan,17045,62.8,0.8382,0,0.0
P0008950,49,F,B,truck,21335,32.7,0.6712,0,0.0
P0008951,25,M,A,sedan,33199,6.8,0.967,0,0.0
P0008952,59,M,A,suv,20538,42.1,0.5815,0,0.0
P0008953,41,M,A,truck,17042,25.7,0.5876,0,0.0
P0008954,51,M,C,suv,25445,33.1,0.6165,0,0.0
P0008955,74,M,B,sedan,9110,55.3,0.6162,0,0.0
P0008956,32,M,A,suv,35919,16.2,0.5355,0,0.0
P0008957,58,F,B,sedan,26350,40.2,0.6548,0,0.0
P0008958,70,F,B,truck,18750,51.3,0.7743,0,0.0
P0008959,44,M,B,suv,7798,24.8,0.6114,0,0.0
P0008960,79,F,A,suv,15002,61.3,0.5534,1,8642.36
P0008961,46,M,A,sedan,22763,25.6,0.8252,0,0.0
P0008962,46,F,B,sedan,35196,28.9,0.71,0,0.0
P0008963,73,M,B,sedan,20100,58.0,0.8267,0,0.0
P0008964,58,F,C,suv,35926,41.4,0.624,0,0.0
P0008965,72,M,B,suv,21055,52.6,0.878,0,0.0
P0008966,67,M,B,truck,29208,51.8,0.9864,0,0.0
P0008967,62,F,B,sedan,8038,49.5,0.6306,0,0.0
P0008968,33,M,B,sedan,29727,15.1,0.8197,0,0.0
P0008969,43,F,B,suv,12505,26.9,0.8825,0,0.0
P0008970,72,M,A,suv,17627,50.5,0.7716,1,895.89
P0008971,56,M,C,suv,15025,38.5,0.6456,0,0.0
P0008972,35,F,A,sedan,21705,15.5,0.6072,0,0.0
P0008973,38,F,B,sedan,24048,22.0,0.8233,1,1967.35
P0008974,66,F,B,suv,15906,47.8,0.7399,0,0.0
P0008975,29,F,C,truck,6777,11.3,0.9186,0,0.0
P0008976,25,M,A,truck,24184,5.2,0.5447,0,0.0
P0008977,66,F,C,suv,18023,48.6,0.5164,0,0.0
P0008978,36,M,A,suv,30597,20.0,0.6854,0,0.0
P0008979,66,M,A,suv,26552,46.9,0.7372,0,0.0
P0008980,51,M,C,suv,16596,35.4,0.8198,0,0.0
P0008981,80,M,A,sedan,6608,64.6,0.557,0,0.0
P0008982,51,F,B,sedan,21590,34.1,0.7936,0,0.0
P0008983,72,M,B,truck,29646,55.7,0.9065,0,0.0
P0008984,71,M,C,truck,29024,54.0,0.9548,0,0.0
P0008985,31,M,C,suv,15378,15.3,0.9499,0,0.0
P0008986,80,F,A,sedan,11474,60.8,0.7592,1,2387.61
P0008987,64,F,C,suv,7279,44.8,0.9496,1,3381.69
P0008988,24,M,A,sedan,23921,5.3,0.7688,0,0.0
P0008989,18,M,B,sedan,13138,0.0,0.5367,0,0.0
P0008990,35,F,C,suv,29048,21.7,0.9868,0,0.0
P0008991,19,M,B,suv,23508,1.8,0.5013,0,0.0
P0008992,40,F,B,sedan,6616,21.3,0.6429,0,0.0
P0008993,80,M,C,suv,26424,60.3,0.5232,0,0.0
P0008994,48,F,B,suv,12865,31.4,0.7718,0,0.0
P0008995,19,F,C,sedan,32033,0.0,0.7837,0,0.0
P0008996,49,F,A,sedan,5782,31.4,0.819,0,0.0
P0008997,31,F,A,suv,16362,19.2,0.5702,0,0.0
P0008998,71,F,C,truck,5198,54.2,0.5087,0,0.0
P0008999,23,F,A,truck,24625,7.7,0.6328,0,0.0
P0009000,66,F,B,sedan,19806,50.2,0.5257,0,0.0
P0009001,46,M,C,suv,21523,26.9,0.5176,0,0.0
P0009002,19,M,B,truck,26720,1.4,0.632,0,0.0
P0009003,60,M,A,sedan,32774,44.0,0.9994,0,0.0
P0009004,46,F,A,suv,16874,30.4,0.9017,1,4525.7
P0009005,66,F,A,sedan,22679,48.1,0.6809,0,0.0
P0009006,56,M,A,suv,24253,39.4,0.688,0,0.0
P0009007,67,M,A,sedan,32322,48.6,0.9649,0,0.0
P0009008,47,M,C,sedan,10936,31.7,0.831,0,0.0
P0009009,18,M,A,sedan,21230,1.8,0.9185,0,0.0
P0009010,26,M,C,sedan,30929,11.2,0.9322,0,0.0
P0009011,46,M,C,sedan,13724,30.1,0.5846,0,0.0
P0009012,43,F,A,sedan,16240,21.6,0.5081,0,0.0
P0009013,68,M,C,suv,18919,52.5,0.6341,0,0.0
P0009014,43,M,A,sedan,26923,26.9,0.7972,0,0.0
P0009015,72,M,B,sedan,25786,56.6,0.9543,0,0.0
P0009016,29,F,C,sedan,9028,12.4,0.6543,0,0.0
P0009017,42,F,C,truck,11385,25.1,0.9251,0,0.0
P0009018,65,F,A,sedan,30361,45.6,0.8311,0,0.0
P0009019,25,F,A,suv,25883,8.8,0.8273,0,0.0
P0009020,38,M,A,sedan,21059,20.8,0.8581,0,0.0
P0009021,65,M,C,sedan,18031,51.7,0.7558,0,0.0
P0009022,55,F,A,truck,35078,39.7,0.8368,0,0.0
P0009023,67,M,B,suv,32356,47.8,0.8966,0,0.0
P0009024,50,F,A,suv,17566,34.7,0.7947,0,0.0
P0009025,72,M,A,sedan,15898,53.5,0.5196,0,0.0
P0009026,73,F,B,sedan,32062,57.9,0.7553,0,0.0
P0009027,79,M,A,sedan,15724,62.3,0.7985,0,0.0
P0009028,25,M,B,sedan,17775,4.6,0.9377,0,0.0
P0009029,55,M,B,truck,33424,36.5,0.5026,0,0.0
P0009030,25,M,B,sedan,8344,11.9,0.5243,0,0.0
P0009031,32,F,B,sedan,26807,8.6,0.684,0,0.0
P0009032,36,M,A,sedan,26316,21.1,0.9015,0,0.0
P0009033,58,F,C,sedan,16754,37.3,0.7422,0,0.0
P0009034,45,F,B,sedan,10671,28.9,0.6526,0,0.0
P0009035,72,M,B,sedan,31691,57.5,0.8466,0,0.0
P0009036,36,M,A,truck,29795,19.9,0.7522,0,0.0
P0009037,56,M,A,suv,31606,40.3,0.7869,0,0.0
P0009038,66,F,C,sedan,15380,50.1,0.7142,1,14567.07
P0009039,79,M,C,sedan,34849,61.9,0.8625,0,0.0
P0009040,33,F,A,suv,28449,15.0,0.5078,0,0.0
P0009041,64,M,A,sedan,12439,44.2,0.5008,0,0.0
P0009042,23,M,A,truck,19924,5.6,0.8414,0,0.0
P0009043,52,M,B,suv,14809,34.8,0.5133,0,0.0
P0009044,44,M,A,sedan,21647,28.4,0.6686,0,0.0
P0009045,78,M,C,suv,10837,61.6,0.6832,0,0.0
P0009046,66,F,A,sedan,27773,50.0,0.8069,0,0.0
P0009047,76,M,C,sedan,19245,61.7,0.8862,0,0.0
P0009048,71,M,A,suv,25616,48.9,0.9109,1,1981.23
P0009049,43,F,A,sedan,24893,25.5,0.6401,0,0.0
P0009050,64,F,A,sedan,25590,46.5,0.5812,1,853.25
P0009051,19,F,A,truck,28559,0.0,0.9904,1,688.62
P0009052,53,M,C,suv,25427,41.2,0.5219,0,0.0
P0009053,20,M,B,sedan,20983,0.0,0.9069,0,0.0
P0009054,63,M,A,truck,23143,47.7,0.5101,0,0.0
P0009055,78,F,C,sedan,24564,62.8,0.7426,0,0.0
P0009056,60,F,A,truck,30022,44.1,0.8207,0,0.0
P0009057,70,F,A,sedan,19749,51.0,0.7389,0,0.0
P0009058,32,F,A,suv,14300,10.7,0.7824,0,0.0
P0009059,80,F,B,suv,12827,59.7,0.5127,1,1935.75
P0009060,52,F,C,sedan,10628,36.0,0.5771,0,0.0
P0009061,60,F,A,truck,23683,46.6,0.7766,0,0.0
P0009062,66,F,B,sedan,27789,49.8,0.9139,1,3325.54
P0009063,58,M,A,truck,14830,42.3,0.7742,0,0.0
P0009064,37,F,A,sedan,21734,23.3,0.7497,0,0.0
P0009065,56,F,B,sedan,16534,37.8,0.9941,0,0.0
P0009066,59,M,B,sedan,32918,42.0,0.6949,0,0.0
P0009067,72,M,B,sedan,33090,54.0,0.6927,0,0.0
P0009068,48,M,A,suv,34917,29.5,0.537,0,0.0
P0009069,49,M,A,suv,31692,30.6,0.8916,0,0.0
P0009070,49,M,B,truck,31881,32.1,0.5339,0,0.0
P0009071,25,M,B,suv,22274,4.7,0.5681,0,0.0
P0009072,23,M,B,suv,21974,7.0,0.5284,0,0.0
P0009073,19,F,A,sedan,14350,3.3,0.5962,0,0.0
P0009074,59,M,C,suv,28377,42.5,0.7194,1,7882.25
P0009075,44,F,A,truck,14920,25.9,0.521,0,0.0
P0009076,72,F,B,sedan,15364,53.6,0.7057,0,0.0
P0009077,62,F,B,sedan,34315,45.7,0.7405,0,0.0
P0009078,26,F,A,sedan,5457,9.6,0.5554,0,0.0
P0009079,24,F,B,sedan,8662,4.4,0.5276,0,0.0
P0009080,41,M,B,suv,29194,26.6,0.6572,0,0.0
P0009081,76,F,B,sedan,26239,53.5,0.8253,1,2868.72
P0009082,21,F,C,truck,29226,4.6,0.8036,0,0.0
P0009083,29,F,B,sedan,19472,12.4,0.5633,0,0.0
P0009084,19,F,A,sedan,5249,1.3,0.546,0,0.0
P0009085,44,M,A,sedan,14222,25.9,0.5934,0,0.0
P0009086,80,F,B,sedan,31771,64.3,0.9372,0,0.0
P0009087,61,F,A,suv,25648,43.3,0.9658,0,0.0
P0009088,49,F,C,truck,32324,33.9,0.7608,0,0.0
P0009089,27,F,A,sedan,5291,11.2,0.9511,0,0.0
P0009090,40,F,A,sedan,14940,26.2,0.5657,0,0.0
P0009091,51,F,A,suv,26297,33.7,0.8286,0,0.0
P0009092,35,M,C,suv,5534,18.4,0.8244,0,0.0
P0009093,62,M,B,suv,18936,49.0,0.7247,0,0.0
P0009094,79,M,B,sedan,32156,63.4,0.8689,0,0.0
P0009095,30,F,A,suv,10011,13.1,0.7375,0,0.0
P0009096,33,F,C,sedan,7186,14.3,0.9282,0,0.0
P0009097,25,M,C,sedan,24746,10.6,0.5679,0,0.0
P0009098,63,F,A,truck,12198,46.6,0.5087,0,0.0
P0009099,47,M,C,sedan,10701,32.2,0.6891,0,0.0
P0009100,35,M,C,sedan,21819,16.5,0.5643,0,0.0
P0009101,31,F,A,sedan,23791,15.3,0.5896,0,0.0
P0009102,22,F,A,sedan,30312,4.0,0.5239,0,0.0
P0009103,47,M,B,truck,8223,30.7,0.7153,0,0.0
P0009104,61,M,B,sedan,29236,47.4,0.8686,0,0.0
P0009105,32,M,C,sedan,25775,15.1,0.7783,0,0.0
P0009106,18,F,B,truck,26116,3.4,0.6783,0,0.0
P0009107,47,M,A,sedan,12396,27.8,0.5059,0,0.0
P0009108,60,F,A,sedan,30688,39.4,0.7545,0,0.0
P0009109,39,F,B,sedan,8819,20.7,0.6639,0,0.0
P0009110,33,M,A,sedan,26248,17.3,0.6194,0,0.0
P0009111,27,M,A,sedan,9172,10.0,0.7258,0,0.0
P0009112,65,F,A,suv,24768,47.4,0.585,0,0.0
P0009113,72,F,C,sedan,18998,52.8,0.6608,0,0.0
P0009114,66,F,A,suv,10198,49.4,0.9631,0,0.0
P0009115,50,F,A,truck,11027,32.2,0.8054,0,0.0
P0009116,63,F,C,sedan,18637,49.4,0.9949,0,0.0
P0009117,43,M,A,sedan,16349,25.5,0.8139,0,0.0
P0009118,19,F,B,sedan,18992,3.7,0.5485,1,753.78
P0009119,41,M,A,sedan,18429,23.9,0.8329,0,0.0
P0009120,62,F,C,sedan,5573,47.1,0.9329,0,0.0
P0009121,58,F,A,sedan,18310,40.2,0.9564,0,0.0
P0009122,80,F,A,sedan,17571,61.7,0.7773,0,0.0
P0009123,80,F,A,sedan,17127,63.5,0.5601,0,0.0
P0009124,33,M,C,sedan,12039,17.7,0.8215,0,0.0
P0009125,18,M,C,suv,10963,0.0,0.5715,0,0.0
P0009126,35,M,A,sedan,7779,14.9,0.528,0,0.0
P0009127,73,F,A,suv,24374,52.2,0.6059,0,0.0
P0009128,69,M,A,suv,21935,51.2,0.5485,0,0.0
P0009129,24,M,A,sedan,30167,6.4,0.7227,0,0.0
P0009130,28,F,A,suv,12347,13.6,0.972,0,0.0
P0009131,53,M,C,sedan,17644,33.4,0.8302,0,0.0
P0009132,59,M,A,suv,10901,46.6,0.8472,0,0.0
P0009133,79,M,C,sedan,34150,59.6,0.9018,0,0.0
P0009134,65,M,A,suv,29390,47.9,0.6196,0,0.0
P0009135,31,M,C,suv,9611,18.9,0.7862,0,0.0
P0009136,20,F,B,suv,30112,2.3,0.8565,0,0.0
P0009137,57,M,A,suv,33629,40.3,0.652,0,0.0
P0009138,52,M,C,sedan,25486,35.9,0.6938,0,0.0
P0009139,76,F,A,sedan,35711,59.5,0.8507,0,0.0
P0009140,54,M,C,sedan,10879,37.0,0.9042,0,0.0
P0009141,49,F,C,sedan,13951,32.0,0.6808,0,0.0
P0009142,37,F,C,sedan,24613,23.0,0.8128,0,0.0
P0009143,23,M,C,suv,21689,5.2,0.8322,0,0.0
P0009144,73,M,A,suv,27112,56.8,0.9644,0,0.0
P0009145,70,M,B,truck,34929,49.8,0.8937,0,0.0
P0009146,28,M,B,suv,12232,9.3,0.5973,0,0.0
P0009147,62,F,A,suv,32044,43.1,0.8128,0,0.0
P0009148,40,M,B,truck,9121,19.3,0.9789,0,0.0
P0009149,45,M,A,sedan,19241,26.5,0.6891,0,0.0
P0009150,71,M,B,suv,18439,54.3,0.8826,0,0.0
P0009151,71,F,A,sedan,29994,59.1,0.7696,0,0.0
P0009152,30,F,A,sedan,18153,12.5,0.7189,0,0.0
P0009153,37,M,C,truck,30741,16.5,0.7851,0,0.0
P0009154,69,F,C,sedan,9752,50.2,0.7126,0,0.0
P0009155,75,F,A,truck,35794,59.0,0.659,0,0.0
P0009156,22,M,A,truck,10943,4.9,0.8806,0,0.0
P0009157,70,M,B,truck,23342,54.1,0.7663,0,0.0
P0009158,48,M,A,suv,20488,30.4,0.9674,0,0.0
P0009159,55,M,B,suv,7806,39.0,0.5044,0,0.0
P0009160,22,M,C,sedan,21350,2.1,0.8847,1,3923.78
P0009161,60,F,A,sedan,32077,42.8,0.5787,1,767.73
P0009162,60,M,A,truck,21673,42.5,0.8806,0,0.0
P0009163,59,M,A,sedan,26787,43.7,0.9351,1,2604.56
P0009164,67,M,A,sedan,35443,50.8,0.892,0,0.0
P0009165,77,F,B,truck,14391,62.3,0.7969,0,0.0
P0009166,71,F,A,sedan,6227,51.2,0.5614,0,0.0
P0009167,64,M,C,truck,26363,48.0,0.9802,1,6886.23
P0009168,79,M,B,sedan,29375,61.7,0.6632,0,0.0
P0009169,60,M,A,sedan,9420,46.1,0.5141,1,972.27
P0009170,60,M,B,suv,15906,45.5,0.5009,0,0.0
P0009171,52,M,A,sedan,16110,35.5,0.8693,0,0.0
P0009172,66,F,A,suv,28340,49.6,0.9165,0,0.0
P0009173,22,M,B,sedan,32153,4.5,0.9015,2,4835.42
P0009174,49,M,A,sedan,27798,28.0,0.7795,0,0.0
P0009175,44,F,A,truck,14194,31.0,0.8159,0,0.0
P0009176,75,F,A,sedan,24215,56.0,0.9534,0,0.0
P0009177,22,M,A,suv,13341,4.0,0.8318,0,0.0
P0009178,58,M,B,sedan,24565,42.2,0.6756,0,0.0
P0009179,29,F,C,truck,34917,12.9,0.9752,0,0.0
P0009180,73,F,B,truck,25571,53.8,0.9828,0,0.0
P0009181,71,F,C,suv,29338,54.1,0.8139,0,0.0
P0009182,32,M,B,sedan,28175,15.6,0.7831,0,0.0
P0009183,72,M,A,truck,19771,57.1,0.9684,0,0.0
P0009184,49,F,C,truck,9080,33.7,0.889,0,0.0
P0009185,79,M,A,suv,35245,64.4,0.5594,0,0.0
P0009186,63,F,A,suv,16186,44.2,0.9791,0,0.0
P0009187,20,F,C,sedan,32482,4.6,0.8622,0,0.0
P0009188,30,F,B,sedan,31102,15.4,0.8695,0,0.0
P0009189,43,M,C,suv,26198,25.7,0.7005,0,0.0
P0009190,31,M,A,suv,21984,15.6,0.5042,0,0.0
P0009191,26,F,C,suv,13490,5.9,0.6359,0,0.0
P0009192,79,M,A,truck,9245,61.9,0.6656,0,0.0
P0009193,72,M,A,sedan,32056,54.6,0.7279,0,0.0
P0009194,45,M,C,truck,34811,27.6,0.8507,0,0.0
P0009195,31,M,B,sedan,25862,12.9,0.7253,1,1304.18
P0009196,29,M,B,truck,35622,10.6,0.6861,0,0.0
P0009197,75,F,C,sedan,11710,57.9,0.6241,0,0.0
P0009198,38,F,C,sedan,20892,23.0,0.8842,0,0.0
P0009199,18,M,A,suv,10412,1.3,0.8938,0,0.0
P0009200,43,M,A,sedan,21529,25.9,0.6816,0,0.0
P0009201,46,M,C,sedan,32629,32.3,0.6088,0,0.0
P0009202,57,M,B,suv,14052,44.2,0.61,0,0.0
P0009203,39,M,B,sedan,18050,24.4,0.8314,0,0.0
P0009204,76,M,A,truck,21001,62.9,0.8863,0,0.0
P0009205,58,M,A,sedan,19378,42.0,0.8925,0,0.0
P0009206,80,F,C,sedan,35032,64.5,0.9353,1,7659.34
P0009207,41,M,B,sedan,18218,23.8,0.8772,0,0.0
P0009208,59,M,C,sedan,12891,40.6,0.743,0,0.0
P0009209,41,F,A,sedan,15153,23.4,0.6337,0,0.0
P0009210,62,F,A,sedan,14443,44.1,0.6869,1,561.44
P0009211,64,M,B,sedan,14766,45.1,0.6419,0,0.0
P0009212,38,M,C,sedan,32822,21.7,0.5497,1,1316.06
P0009213,77,F,A,suv,20895,65.2,0.572,0,0.0
P0009214,72,F,A,sedan,16916,58.5,0.5063,0,0.0
P0009215,74,F,B,sedan,9382,56.0,0.5984,0,0.0
P0009216,31,F,A,sedan,35148,13.6,0.9176,0,0.0
P0009217,63,M,A,truck,9749,44.6,0.7686,0,0.0
P0009218,24,M,B,sedan,15837,1.3,0.6947,0,0.0
P0009219,24,M,A,truck,26679,6.6,0.6187,0,0.0
P0009220,79,F,B,sedan,5143,62.2,0.7949,0,0.0
P0009221,27,F,A,truck,14806,9.3,0.9867,0,0.0
P0009222,72,F,B,sedan,34565,57.4,0.674,0,0.0
P0009223,45,M,C,suv,5745,26.5,0.9238,0,0.0
P0009224,37,M,C,sedan,12346,20.3,0.9696,0,0.0
P0009225,22,F,B,truck,7668,1.6,0.8935,0,0.0
P0009226,60,M,B,sedan,26517,46.2,0.7957,0,0.0
P0009227,63,F,A,suv,5359,46.0,0.651,0,0.0
P0009228,47,F,B,sedan,6468,31.3,0.5167,0,0.0
P0009229,69,M,A,suv,19650,54.1,0.8683,0,0.0
P0009230,38,F,B,suv,28195,19.8,0.978,2,2763.01
P0009231,52,M,A,sedan,33042,35.6,0.8446,1,1097.18
P0009232,36,F,B,suv,11822,16.3,0.5181,0,0.0
P0009233,54,M,B,suv,22726,38.1,0.5697,0,0.0
P0009234,26,F,B,suv,29807,9.8,0.6965,0,0.0
P0009235,47,F,A,sedan,27615,26.0,0.9946,0,0.0
P0009236,52,F,B,sedan,34964,37.7,0.5424,0,0.0
P0009237,53,M,B,suv,7347,37.6,0.6589,0,0.0
P0009238,46,M,C,sedan,6402,35.2,0.7759,0,0.0
P0009239,58,M,B,suv,26268,41.9,0.556,0,0.0
P0009240,50,F,A,sedan,16407,31.6,0.5588,0,0.0
P0009241,35,F,C,truck,27892,17.2,0.5343,0,0.0
P0009242,31,F,A,suv,27189,13.7,0.7514,0,0.0
P0009243,58,M,A,sedan,18718,42.8,0.6433,0,0.0
P0009244,77,F,A,truck,35889,60.4,0.5198,1,11490.52
P0009245,65,F,B,suv,32334,48.8,0.7509,0,0.0
P0009246,58,M,B,sedan,16254,41.0,0.8652,0,0.0
P0009247,76,M,B,sedan,5163,58.7,0.8344,0,0.0
P0009248,74,F,C,sedan,35844,57.7,0.8422,0,0.0
P0009249,49,F,B,sedan,35017,32.0,0.7753,0,0.0
P0009250,24,F,A,sedan,32874,7.2,0.8906,0,0.0
P0009251,57,M,B,sedan,6732,41.3,0.5312,0,0.0
P0009252,57,F,B,sedan,27298,39.8,0.5954,0,0.0
P0009253,35,M,B,sedan,34778,20.6,0.8517,0,0.0
P0009254,71,F,B,sedan,16838,53.6,0.6679,0,0.0
P0009255,72,M,B,sedan,28388,57.2,0.6194,0,0.0
P0009256,38,M,B,suv,21644,21.1,0.5135,0,0.0
P0009257,48,F,A,sedan,19362,30.1,0.9342,0,0.0
P0009258,30,F,C,sedan,27330,14.9,0.919,0,0.0
P0009259,29,F,A,truck,22990,9.9,0.5302,0,0.0
P0009260,34,M,A,suv,26257,13.4,0.6522,0,0.0
P0009261,41,M,B,truck,11935,25.3,0.6073,0,0.0
P0009262,35,M,C,truck,13940,18.3,0.6034,0,0.0
P0009263,27,F,B,suv,24839,7.6,0.629,0,0.0
P0009264,46,F,B,suv,22273,32.6,0.6485,0,0.0
P0009265,57,M,C,sedan,16879,39.9,0.8533,0,0.0
P0009266,38,M,A,suv,30885,21.6,0.9849,0,0.0
P0009267,51,M,B,suv,15584,32.2,0.5227,0,0.0
P0009268,35,M,B,suv,19727,18.5,0.6614,0,0.0
P0009269,62,M,B,sedan,14797,44.1,0.8337,0,0.0
P0009270,58,M,B,truck,22553,42.6,0.653,0,0.0
P0009271,78,M,C,sedan,22433,59.1,0.5956,0,0.0
P0009272,21,M,A,suv,15153,6.2,0.5839,0,0.0
P0009273,71,M,A,truck,28983,52.3,0.799,0,0.0
P0009274,39,M,B,truck,9963,21.8,0.5755,0,0.0
P0009275,22,F,B,sedan,28872,9.7,0.5483,1,2037.11
P0009276,61,M,B,sedan,7045,43.9,0.8748,0,0.0
P0009277,28,M,C,suv,12770,9.8,0.6719,0,0.0
P0009278,29,F,B,suv,17587,14.5,0.9473,0,0.0
P0009279,79,M,C,sedan,18129,63.7,0.7482,0,0.0
P0009280,31,F,A,suv,24584,13.8,0.5659,0,0.0
P0009281,52,F,A,truck,34093,36.0,0.5964,0,0.0
P0009282,30,F,A,sedan,28560,12.3,0.9407,0,0.0
P0009283,25,M,C,sedan,21874,8.4,0.5628,0,0.0
P0009284,18,M,A,suv,7605,3.6,0.6578,0,0.0
P0009285,19,M,A,suv,35758,0.0,0.6517,0,0.0
P0009286,47,F,B,truck,14873,30.7,0.9939,0,0.0
P0009287,45,M,A,suv,24222,27.8,0.9872,0,0.0
P0009288,20,F,B,sedan,30045,0.0,0.846,0,0.0
P0009289,40,F,C,suv,26684,21.3,0.6178,0,0.0
P0009290,35,F,A,truck,8479,16.9,0.5896,0,0.0
P0009291,53,M,B,sedan,13051,33.9,0.53,0,0.0
P0009292,80,F,A,sedan,35791,61.9,0.5307,0,0.0
P0009293,61,M,A,suv,28805,42.9,0.9704,0,0.0
P0009294,75,M,A,sedan,24613,56.9,0.8018,0,0.0
P0009295,30,F,B,truck,18826,13.3,0.5992,1,772.52
P0009296,31,M,B,sedan,34140,11.9,0.8907,0,0.0
P0009297,65,F,B,sedan,27533,46.7,0.5382,0,0.0
P0009298,37,F,C,truck,27638,24.6,0.7612,0,0.0
P0009299,71,F,A,sedan,33405,52.3,0.5979,0,0.0
P0009300,47,M,B,sedan,34880,31.6,0.7243,0,0.0
P0009301,30,M,B,sedan,31644,12.5,0.6145,1,1197.15
P0009302,71,M,A,truck,25625,57.3,0.5683,1,2494.3
P0009303,52,M,A,truck,12089,36.2,0.9634,0,0.0
P0009304,68,F,A,sedan,13310,51.7,0.96,0,0.0
P0009305,46,M,A,suv,9775,27.9,0.7466,1,4583.91
P0009306,25,F,A,suv,29808,9.2,0.8931,0,0.0
P0009307,60,F,A,sedan,15371,47.3,0.6009,0,0.0
P0009308,25,M,C,sedan,12008,9.0,0.6985,0,0.0
P0009309,59,F,C,truck,27503,42.8,0.6128,0,0.0
P0009310,44,F,B,sedan,22515,25.7,0.5419,0,0.0
P0009311,67,F,B,suv,12623,49.7,0.7119,0,0.0
P0009312,72,F,C,sedan,16564,56.5,0.8725,0,0.0
P0009313,43,M,B,suv,19911,25.4,0.8724,0,0.0
P0009314,73,F,B,sedan,29772,52.3,0.7217,0,0.0
P0009315,24,M,B,sedan,5206,4.7,0.7232,0,0.0
P0009316,24,F,C,sedan,28544,10.8,0.8015,0,0.0
P0009317,80,M,C,truck,7443,58.0,0.9666,1,8499.23
P0009318,54,M,A,sedan,31780,34.6,0.575,0,0.0
P0009319,46,M,B,sedan,8654,25.8,0.7025,0,0.0
P0009320,27,M,A,sedan,12655,13.0,0.9528,0,0.0
P0009321,36,M,A,sedan,16444,19.8,0.7744,0,0.0
P0009322,61,M,B,suv,35924,42.8,0.8964,0,0.0
P0009323,69,M,B,sedan,17343,54.2,0.7313,1,3428.39
P0009324,75,F,A,suv,29966,56.9,0.9605,1,5222.62
P0009325,43,F,A,suv,12949,22.7,0.9451,0,0.0
P0009326,46,M,B,truck,16987,29.7,0.723,0,0.0
P0009327,28,F,A,truck,21031,7.6,0.5025,0,0.0
P0009328,23,F,C,sedan,8957,4.6,0.7831,0,0.0
P0009329,45,M,B,suv,5932,31.7,0.602,0,0.0
P0009330,54,F,B,suv,15832,38.7,0.6203,0,0.0
P0009331,24,F,A,truck,29373,4.8,0.7149,1,3757.88
P0009332,43,M,C,truck,8291,28.1,0.725,0,0.0
P0009333,58,F,C,suv,30369,38.8,0.9303,0,0.0
P0009334,69,F,A,sedan,24076,50.8,0.5156,0,0.0
P0009335,77,F,B,sedan,13498,59.4,0.6475,0,0.0
P0009336,39,F,C,truck,8500,23.2,0.8162,0,0.0
P0009337,42,F,A,truck,22070,24.4,0.811,0,0.0
P0009338,73,M,B,sedan,18345,52.6,0.6589,0,0.0
P0009339,61,F,C,suv,8369,44.8,0.589,0,0.0
P0009340,35,F,B,sedan,25694,16.8,0.6385,0,0.0
P0009341,61,M,C,sedan,30950,40.0,0.9462,1,15001.71
P0009342,27,F,A,sedan,19045,9.5,0.6314,0,0.0
P0009343,46,F,C,sedan,18994,30.0,0.7459,0,0.0
P0009344,37,F,C,suv,32331,21.0,0.9712,0,0.0
P0009345,80,F,A,sedan,17009,67.2,0.5592,0,0.0
P0009346,20,F,B,suv,12470,5.4,0.9354,0,0.0
P0009347,71,F,B,suv,31261,53.3,0.8717,0,0.0
P0009348,35,M,C,suv,21240,16.1,0.7427,0,0.0
P0009349,20,M,A,sedan,34070,3.9,0.9745,0,0.0
P0009350,59,M,A,sedan,33308,40.1,0.5372,0,0.0
P0009351,60,F,C,suv,30138,41.2,0.9273,0,0.0
P0009352,26,M,B,suv,15949,10.5,0.5988,0,0.0
P0009353,20,M,B,sedan,27249,4.2,0.6771,0,0.0
P0009354,25,F,B,sedan,19653,10.7,0.5612,1,5299.63
P0009355,43,M,C,truck,28692,24.5,0.7476,0,0.0
P0009356,26,M,A,sedan,33918,9.0,0.5845,0,0.0
P0009357,62,F,C,sedan,27709,43.2,0.6276,0,0.0
P0009358,22,M,B,truck,20478,5.1,0.5298,1,2101.13
P0009359,67,F,C,truck,35770,51.9,0.6525,0,0.0
P0009360,73,F,A,sedan,31791,54.4,0.5819,0,0.0
P0009361,63,F,B,truck,12589,50.0,0.8427,0,0.0
P0009362,77,F,C,sedan,34154,60.7,0.8191,0,0.0
P0009363,77,M,C,truck,19870,61.5,0.8327,2,11922.51
P0009364,20,M,A,suv,12939,0.0,0.838,0,0.0
P0009365,39,F,B,sedan,14141,18.5,0.5516,0,0.0
P0009366,65,M,A,truck,29361,47.2,0.6069,0,0.0
P0009367,39,M,A,truck,16942,23.2,0.8687,0,0.0
P0009368,64,M,B,sedan,25266,43.6,0.7411,0,0.0
P0009369,66,M,C,suv,18788,50.4,0.815,1,7961.73
P0009370,80,M,B,suv,35588,65.8,0.5283,2,8077.64
P0009371,38,M,A,suv,9231,25.0,0.6932,0,0.0
P0009372,39,F,A,sedan,23152,21.8,0.719,0,0.0
P0009373,19,M,A,sedan,16026,5.4,0.8462,0,0.0
P0009374,35,F,A,truck,29576,15.2,0.956,0,0.0
P0009375,35,F,C,sedan,34231,19.2,0.7873,0,0.0
P0009376,46,F,A,suv,15716,31.6,0.8806,0,0.0
P0009377,44,F,A,suv,33139,24.8,0.8217,1,2860.42
P0009378,71,M,B,sedan,23798,52.2,0.955,0,0.0
P0009379,66,M,A,sedan,6708,45.7,0.9054,0,0.0
P0009380,63,F,B,sedan,29135,49.4,0.6237,0,0.0
P0009381,18,M,B,sedan,22094,4.8,0.6112,0,0.0
P0009382,47,F,A,truck,34974,26.9,0.9559,0,0.0
P0009383,63,M,B,sedan,19227,51.6,0.7987,0,0.0
P0009384,33,F,B,sedan,12807,18.4,0.7248,0,0.0
P0009385,44,F,B,suv,10356,26.9,0.8501,0,0.0
P0009386,63,M,A,truck,7445,48.7,0.6409,0,0.0
P0009387,68,M,A,sedan,26870,50.6,0.9043,0,0.0
P0009388,71,F,B,sedan,35265,56.3,0.7639,0,0.0
P0009389,45,F,A,suv,25054,25.4,0.9355,0,0.0
P0009390,43,F,A,suv,23681,24.6,0.8218,0,0.0
P0009391,42,M,A,suv,5875,24.4,0.6301,0,0.0
P0009392,60,F,A,sedan,5534,43.7,0.9827,0,0.0
P0009393,44,F,A,truck,20472,29.1,0.7012,0,0.0
P0009394,43,M,C,suv,21119,26.3,0.883,0,0.0
P0009395,28,M,B,truck,18195,13.5,0.6278,0,0.0
P0009396,48,F,B,truck,34017,27.2,0.7085,0,0.0
P0009397,32,M,A,suv,15230,14.4,0.8691,0,0.0
P0009398,51,F,A,sedan,35517,35.7,0.8481,0,0.0
P0009399,73,F,C,suv,13168,52.9,0.9695,1,14348.83
P0009400,66,M,B,suv,15097,49.1,0.8989,0,0.0
P0009401,48,F,C,sedan,14277,28.2,0.6621,0,0.0
P0009402,79,F,A,sedan,29239,59.3,0.9316,0,0.0
P0009403,79,M,A,sedan,15262,61.1,0.9605,0,0.0
P0009404,45,M,B,truck,19219,30.5,0.977,0,0.0
P0009405,66,M,A,suv,8456,50.2,0.9502,0,0.0
P0009406,39,M,A,suv,17338,14.8,0.8477,0,0.0
P0009407,73,F,A,suv,11199,57.1,0.8979,0,0.0
P0009408,41,M,A,suv,28503,24.5,0.8239,0,0.0
P0009409,34,F,C,truck,30197,17.9,0.6599,0,0.0
P0009410,26,M,C,sedan,13368,10.9,0.908,0,0.0
P0009411,71,F,B,sedan,35631,52.6,0.6138,0,0.0
P0009412,36,F,A,suv,18217,21.7,0.7157,0,0.0
P0009413,69,F,C,truck,30879,53.7,0.6718,2,3586.39
P0009414,23,M,B,truck,12642,5.4,0.5861,0,0.0
P0009415,49,F,C,truck,31628,32.5,0.8995,0,0.0
P0009416,44,M,B,suv,9421,26.7,0.736,0,0.0
P0009417,45,M,C,sedan,16214,28.1,0.7635,0,0.0
P0009418,28,M,A,sedan,16758,13.3,0.751,0,0.0
P0009419,22,F,B,sedan,10773,2.1,0.8447,0,0.0
P0009420,39,F,C,suv,34736,19.7,0.5879,0,0.0
P0009421,47,M,C,suv,14107,31.9,0.7504,0,0.0
P0009422,67,M,C,sedan,17985,49.0,0.6301,0,0.0
P0009423,47,F,A,sedan,5517,31.0,0.9858,0,0.0
P0009424,33,M,B,truck,26179,13.8,0.5301,0,0.0
P0009425,34,F,A,sedan,10565,15.3,0.9642,0,0.0
P0009426,56,F,B,suv,13837,36.5,0.53,0,0.0
P0009427,45,F,A,sedan,33429,29.9,0.5546,0,0.0
P0009428,74,F,B,suv,31826,59.7,0.9531,0,0.0
P0009429,45,F,C,suv,8557,31.7,0.8239,0,0.0
P0009430,53,M,C,sedan,24371,30.6,0.6622,0,0.0
P0009431,22,F,B,suv,28167,3.2,0.7942,0,0.0
P0009432,30,M,A,suv,34464,10.5,0.5831,0,0.0
P0009433,71,M,A,sedan,12467,56.9,0.5324,0,0.0
P0009434,39,M,A,truck,15104,20.7,0.5246,0,0.0
P0009435,44,F,A,suv,12343,30.4,0.635,0,0.0
P0009436,55,M,C,suv,21679,37.1,0.5897,0,0.0
P0009437,21,F,B,sedan,23698,4.0,0.7017,0,0.0
P0009438,49,M,A,sedan,10922,32.6,0.9383,0,0.0
P0009439,39,F,B,sedan,5703,23.1,0.6893,0,0.0
P0009440,27,M,A,sedan,9212,7.6,0.6993,1,298.95
P0009441,44,F,A,suv,11469,28.0,0.5604,0,0.0
P0009442,46,M,A,truck,23146,26.3,0.9944,0,0.0
P0009443,29,F,A,sedan,11211,12.1,0.5726,0,0.0
P0009444,52,F,B,suv,29905,34.3,0.6692,0,0.0
P0009445,65,M,B,suv,24908,46.9,0.9729,0,0.0
P0009446,34,F,B,suv,11193,16.1,0.7275,0,0.0
P0009447,78,M,C,truck,35706,60.5,0.6691,0,0.0
P0009448,56,M,C,sedan,26790,34.7,0.8576,1,6985.32
P0009449,66,M,C,suv,31970,46.7,0.5165,0,0.0
P0009450,22,M,C,sedan,25818,10.1,0.6606,0,0.0
P0009451,66,M,C,sedan,25468,49.4,0.7901,0,0.0
P0009452,39,M,C,suv,19959,19.0,0.9955,0,0.0
P0009453,62,F,A,sedan,25337,46.6,0.9838,0,0.0
P0009454,68,M,A,sedan,28774,51.0,0.8131,1,7324.99
P0009455,33,M,B,sedan,35575,15.8,0.6701,0,0.0
P0009456,34,F,C,sedan,23411,13.8,0.775,0,0.0
P0009457,21,F,C,sedan,28365,6.1,0.9669,1,1392.85
P0009458,56,F,B,sedan,34341,40.8,0.8336,0,0.0
P0009459,66,M,C,sedan,23923,48.0,0.5746,0,0.0
P0009460,43,F,B,suv,28674,25.3,0.9858,0,0.0
P0009461,28,M,B,suv,10855,10.0,0.9511,1,3462.27
P0009462,37,M,A,truck,32484,19.4,0.6084,0,0.0
P0009463,43,M,B,truck,35348,26.2,0.8284,0,0.0
P0009464,75,F,A,truck,16202,56.9,0.9391,0,0.0
P0009465,25,M,A,suv,32510,7.6,0.6103,0,0.0
P0009466,39,M,B,sedan,30140,22.5,0.9618,0,0.0
P0009467,58,F,A,sedan,12222,41.1,0.59,0,0.0
P0009468,32,F,C,truck,35752,16.1,0.6786,0,0.0
P0009469,73,F,B,truck,23124,57.4,0.9716,0,0.0
P0009470,75,M,B,suv,10067,56.9,0.9733,0,0.0
P0009471,41,F,A,suv,8350,26.6,0.5116,0,0.0
P0009472,64,F,C,sedan,20846,45.6,0.9332,0,0.0
P0009473,65,F,B,sedan,21139,48.5,0.8469,0,0.0
P0009474,60,F,B,suv,31732,43.2,0.9359,0,0.0
P0009475,29,F,B,sedan,20823,12.4,0.731,0,0.0
P0009476,21,M,B,sedan,17295,3.0,0.9908,0,0.0
P0009477,39,F,B,suv,14817,19.0,0.8741,0,0.0
P0009478,26,M,B,truck,20755,5.4,0.8797,0,0.0
P0009479,36,F,C,truck,13246,16.9,0.7135,0,0.0
P0009480,58,F,A,sedan,28176,40.8,0.6962,0,0.0
P0009481,55,M,C,sedan,9208,36.4,0.6028,0,0.0
P0009482,31,M,A,suv,30565,18.0,0.5291,0,0.0
P0009483,19,M,A,suv,11699,0.8,0.9507,0,0.0
P0009484,32,F,A,truck,11185,14.2,0.7953,0,0.0
P0009485,46,F,A,sedan,35196,32.1,0.7791,0,0.0
P0009486,67,M,A,sedan,17124,51.2,0.669,0,0.0
P0009487,41,F,C,sedan,26080,23.4,0.8698,0,0.0
P0009488,36,M,B,suv,17229,18.2,0.7034,0,0.0
P0009489,52,F,C,sedan,35436,33.1,0.9047,1,7307.75
P0009490,22,F,A,sedan,9737,1.7,0.5399,0,0.0
P0009491,32,M,B,sedan,19439,15.3,0.6237,0,0.0
P0009492,20,M,A,sedan,7825,5.3,0.6417,0,0.0
P0009493,51,M,B,suv,22708,32.4,0.5117,0,0.0
P0009494,45,M,A,sedan,28085,25.4,0.8317,1,2697.27
P0009495,54,F,B,truck,19523,34.5,0.8508,0,0.0
P0009496,56,M,B,suv,31411,38.1,0.7067,0,0.0
P0009497,42,M,A,sedan,28820,21.0,0.8977,0,0.0
P0009498,72,F,A,sedan,34509,55.5,0.9769,0,0.0
P0009499,75,F,B,sedan,35868,54.8,0.8684,0,0.0
P0009500,24,M,A,sedan,34645,9.3,0.8366,0,0.0
P0009501,75,F,B,suv,18427,62.5,0.7248,0,0.0
P0009502,30,M,B,truck,35835,15.4,0.7767,0,0.0
P0009503,33,F,C,sedan,25491,17.1,0.6441,0,0.0
P0009504,51,M,C,sedan,7572,34.0,0.6221,1,11328.07
P0009505,19,M,A,truck,7552,3.9,0.5131,0,0.0
P0009506,40,M,C,suv,17300,22.7,0.7404,1,2620.28
P0009507,30,M,C,sedan,22249,11.7,0.6125,0,0.0
P0009508,48,F,A,sedan,7546,30.3,0.7337,0,0.0
P0009509,69,M,C,sedan,22875,52.3,0.9062,0,0.0
P0009510,76,M,B,sedan,26014,56.6,0.6836,0,0.0
P0009511,31,M,B,truck,26494,15.6,0.6609,0,0.0
P0009512,52,M,B,suv,35144,35.5,0.7234,1,5001.59
P0009513,47,M,C,sedan,16284,31.1,0.7477,0,0.0
P0009514,44,M,C,truck,6137,25.7,0.6363,0,0.0
P0009515,57,M,C,sedan,34691,40.9,0.8,0,0.0
P0009516,80,M,A,sedan,21316,62.2,0.5145,0,0.0
P0009517,43,M,C,truck,24542,24.4,0.7431,0,0.0
P0009518,22,F,B,suv,21531,6.0,0.8245,0,0.0
P0009519,75,F,C,suv,20092,61.2,0.7331,0,0.0
P0009520,76,M,C,sedan,10061,59.5,0.9891,0,0.0
P0009521,38,F,A,sedan,22484,22.6,0.5775,0,0.0
P0009522,49,F,A,truck,30837,33.3,0.7265,0,0.0
P0009523,72,F,C,sedan,8512,59.9,0.6459,0,0.0
P0009524,49,M,C,truck,17236,35.2,0.9516,0,0.0
P0009525,48,M,C,suv,33988,29.4,0.5898,0,0.0
P0009526,76,M,B,sedan,18034,60.9,0.7607,0,0.0
P0009527,70,M,A,truck,10011,50.7,0.7122,1,106.03
P0009528,49,M,B,truck,34820,33.4,0.9586,0,0.0
P0009529,28,F,A,truck,9244,10.0,0.7788,0,0.0
P0009530,45,F,C,sedan,12668,28.5,0.7328,0,0.0
P0009531,60,F,B,suv,19416,41.7,0.7933,0,0.0
P0009532,35,F,A,sedan,16949,18.5,0.8557,0,0.0
P0009533,51,M,B,sedan,17907,33.6,0.516,0,0.0
P0009534,59,F,C,truck,28874,39.5,0.6234,1,13097.32
P0009535,23,M,B,truck,22259,5.1,0.6179,1,2318.76
P0009536,53,M,A,sedan,19879,37.4,0.7078,0,0.0
P0009537,64,F,B,suv,26804,50.7,0.7882,0,0.0
P0009538,31,M,B,truck,23706,14.2,0.9579,0,0.0
P0009539,52,M,A,suv,24490,34.1,0.7829,0,0.0
P0009540,62,M,B,sedan,19812,44.7,0.5907,0,0.0
P0009541,20,M,A,sedan,22186,4.8,0.7629,0,0.0
P0009542,58,M,B,suv,13783,40.7,0.7143,0,0.0
P0009543,34,M,B,truck,17823,15.7,0.8229,0,0.0
P0009544,43,M,B,sedan,10044,23.2,0.8184,0,0.0
P0009545,58,F,B,sedan,7547,41.5,0.8301,0,0.0
P0009546,18,M,B,suv,31354,0.0,0.9986,0,0.0
P0009547,19,F,A,truck,30018,0.0,0.5138,0,0.0
P0009548,46,F,A,truck,13531,28.7,0.8811,0,0.0
P0009549,77,F,C,truck,19290,59.5,0.9274,0,0.0
P0009550,18,F,C,suv,35918,0.0,0.6226,1,2618.81
P0009551,67,F,A,truck,21461,51.9,0.8787,0,0.0
P0009552,22,F,A,suv,5311,6.6,0.5525,0,0.0
P0009553,48,F,C,suv,22897,33.6,0.7713,0,0.0
P0009554,45,M,A,sedan,32340,28.5,0.6612,0,0.0
P0009555,47,M,C,sedan,12151,31.7,0.614,0,0.0
P0009556,23,M,C,sedan,34368,6.7,0.8236,0,0.0
P0009557,65,F,A,truck,28657,48.1,0.7013,1,5911.23
P0009558,35,M,A,sedan,6819,20.8,0.583,1,3681.85
P0009559,66,F,C,sedan,35619,46.3,0.8033,1,4041.99
P0009560,59,F,A,truck,24454,39.6,0.7534,0,0.0
P0009561,52,F,B,suv,11690,35.9,0.5211,0,0.0
P0009562,37,M,A,suv,29263,17.0,0.9104,1,3971.67
P0009563,59,M,B,suv,30462,41.2,0.9934,0,0.0
P0009564,80,M,C,sedan,24076,60.8,0.6711,0,0.0
P0009565,76,M,B,sedan,34888,61.7,0.9936,0,0.0
P0009566,75,M,A,suv,32283,58.7,0.9979,0,0.0
P0009567,31,M,B,truck,14660,12.7,0.7322,1,1887.74
P0009568,54,F,B,sedan,9106,37.3,0.9603,0,0.0
P0009569,43,F,A,sedan,30029,26.4,0.8911,0,0.0
P0009570,78,M,C,sedan,34411,61.2,0.9172,0,0.0
P0009571,77,M,B,suv,14124,59.3,0.5613,0,0.0
P0009572,72,F,A,sedan,22065,54.8,0.8902,0,0.0
P0009573,28,F,C,sedan,20822,7.9,0.6183,0,0.0
P0009574,38,F,B,sedan,15675,23.0,0.8737,0,0.0
P0009575,62,F,A,suv,21684,44.8,0.6179,0,0.0
P0009576,65,F,A,suv,21280,46.6,0.892,0,0.0
P0009577,40,M,A,sedan,35545,25.5,0.9469,0,0.0
P0009578,26,F,A,sedan,15518,9.7,0.7509,0,0.0
P0009579,26,F,A,sedan,9617,8.7,0.7166,0,0.0
P0009580,61,F,C,suv,19118,41.0,0.5728,0,0.0
P0009581,46,M,B,sedan,9390,28.7,0.618,0,0.0
P0009582,48,F,A,truck,9850,29.5,0.9961,1,6484.21
P0009583,69,F,B,sedan,24686,50.4,0.8654,0,0.0
P0009584,19,M,B,suv,31184,7.5,0.8845,0,0.0
P0009585,65,M,B,sedan,8586,47.8,0.907,0,0.0
P0009586,35,F,C,suv,17078,18.9,0.7918,0,0.0
P0009587,76,M,A,suv,10680,56.0,0.7206,0,0.0
P0009588,78,F,A,sedan,19477,59.6,0.674,0,0.0
P0009589,49,M,A,sedan,23311,30.3,0.5136,0,0.0
P0009590,37,F,A,sedan,33196,19.0,0.9049,0,0.0
P0009591,32,M,B,suv,32722,14.8,0.9324,1,3791.03
P0009592,29,M,A,truck,33117,10.3,0.6715,0,0.0
P0009593,80,M,B,suv,18095,63.0,0.7575,0,0.0
P0009594,29,M,C,suv,29430,9.4,0.789,0,0.0
P0009595,46,F,C,sedan,14010,31.1,0.8287,1,1244.82
P0009596,48,M,B,sedan,5930,28.9,0.8249,0,0.0
P0009597,60,F,B,suv,33826,43.7,0.5984,0,0.0
P0009598,71,F,B,sedan,33097,52.6,0.8433,0,0.0
P0009599,53,M,B,sedan,10612,39.1,0.8763,0,0.0
P0009600,65,M,B,sedan,10850,47.5,0.5086,0,0.0
P0009601,53,M,A,sedan,33118,36.3,0.8089,0,0.0
P0009602,45,M,A,truck,18587,28.1,0.7084,0,0.0
P0009603,27,M,B,sedan,29483,13.5,0.9426,1,712.64
P0009604,31,M,B,sedan,32992,13.9,0.9719,0,0.0
P0009605,45,M,A,sedan,21911,27.7,0.7919,0,0.0
P0009606,20,M,A,sedan,7946,6.6,0.6998,0,0.0
P0009607,37,F,C,sedan,23600,22.3,0.969,0,0.0
P0009608,47,M,A,sedan,9126,29.7,0.6349,0,0.0
P0009609,47,M,B,sedan,26326,29.2,0.7463,1,5165.85
P0009610,69,M,A,sedan,22857,52.1,0.6766,0,0.0
P0009611,78,F,A,suv,18555,60.9,0.5768,0,0.0
P0009612,63,F,C,suv,19499,45.9,0.9471,0,0.0
P0009613,23,F,A,suv,34827,7.1,0.6252,0,0.0
P0009614,43,F,A,sedan,17079,26.4,0.8977,0,0.0
P0009615,63,M,C,sedan,31318,48.8,0.8766,0,0.0
P0009616,55,F,B,truck,30099,39.2,0.8334,0,0.0
P0009617,46,F,B,sedan,35878,29.1,0.5545,0,0.0
P0009618,45,M,B,sedan,32735,25.5,0.7003,0,0.0
P0009619,43,F,A,sedan,24259,26.2,0.9634,0,0.0
P0009620,54,F,A,sedan,35734,32.9,0.683,0,0.0
P0009621,29,M,B,suv,26713,8.1,0.5102,0,0.0
P0009622,50,M,A,suv,8811,32.9,0.8628,0,0.0
P0009623,30,M,A,sedan,7986,13.8,0.8438,0,0.0
P0009624,60,M,B,sedan,25963,38.5,0.7901,0,0.0
P0009625,72,M,A,sedan,21419,53.5,0.6814,0,0.0
P0009626,49,F,A,sedan,32011,31.1,0.6614,0,0.0
P0009627,42,M,B,truck,21679,26.4,0.6148,0,0.0
P0009628,77,M,B,suv,12456,60.9,0.7959,0,0.0
P0009629,59,M,B,sedan,31571,44.0,0.9981,0,0.0
P0009630,44,F,A,sedan,19881,24.0,0.8917,0,0.0
P0009631,19,F,B,suv,34576,1.0,0.8274,0,0.0
P0009632,19,F,C,sedan,5222,2.6,0.7848,0,0.0
P0009633,31,M,B,truck,5566,14.9,0.8527,0,0.0
P0009634,32,M,C,truck,9172,17.0,0.751,0,0.0
P0009635,63,F,A,sedan,34669,46.1,0.9237,0,0.0
P0009636,49,M,A,truck,8892,31.7,0.7909,0,0.0
P0009637,80,M,A,sedan,27092,67.6,0.6237,0,0.0
P0009638,52,M,B,sedan,26934,36.9,0.7817,0,0.0
P0009639,74,F,C,truck,32276,58.4,0.6227,2,5599.15
P0009640,52,M,A,suv,24289,32.8,0.7678,0,0.0
P0009641,40,M,A,sedan,5649,24.1,0.9023,0,0.0
P0009642,63,M,C,truck,6199,49.6,0.8638,1,8835.06
P0009643,46,M,A,sedan,5437,31.2,0.6352,0,0.0
P0009644,35,M,B,suv,23466,14.6,0.8646,0,0.0
P0009645,47,F,A,truck,18337,30.7,0.5619,0,0.0
P0009646,59,M,C,truck,7112,44.1,0.8227,0,0.0
P0009647,41,F,A,sedan,5646,27.3,0.6574,0,0.0
P0009648,62,M,B,sedan,11268,45.0,0.8086,0,0.0
P0009649,79,M,B,truck,19873,61.7,0.9312,0,0.0
P0009650,43,M,C,sedan,32942,25.1,0.5669,0,0.0
P0009651,36,M,C,truck,30643,13.5,0.8482,0,0.0
P0009652,43,F,C,sedan,18865,28.5,0.8417,0,0.0
P0009653,70,F,A,sedan,13890,53.7,0.8785,0,0.0
P0009654,29,M,B,sedan,29221,11.4,0.9846,0,0.0
P0009655,79,F,C,suv,34052,62.9,0.7415,0,0.0
P0009656,44,F,B,sedan,14743,31.1,0.5682,0,0.0
P0009657,71,M,C,sedan,20432,53.0,0.848,1,2822.42
P0009658,67,F,C,truck,8434,51.3,0.7727,0,0.0
P0009659,67,F,A,sedan,9020,52.1,0.906,0,0.0
P0009660,75,F,A,suv,32533,59.8,0.8965,0,0.0
P0009661,29,M,A,sedan,12007,8.9,0.8666,0,0.0
P0009662,55,F,B,suv,10078,35.4,0.6985,0,0.0
P0009663,24,M,B,sedan,14888,9.2,0.7378,1,1967.81
P0009664,36,F,A,truck,15838,22.5,0.958,0,0.0
P0009665,20,F,B,sedan,11317,1.2,0.718,0,0.0
P0009666,60,F,A,suv,26738,38.9,0.7933,0,0.0
P0009667,56,F,B,sedan,22791,34.3,0.8418,0,0.0
P0009668,64,M,B,sedan,23345,49.8,0.5579,0,0.0
P0009669,29,F,B,sedan,35550,9.3,0.8847,0,0.0
P0009670,38,F,A,suv,33767,21.0,0.5075,0,0.0
P0009671,60,F,B,sedan,13750,46.9,0.991,0,0.0
P0009672,70,F,C,suv,35617,54.7,0.7842,0,0.0
P0009673,73,M,B,sedan,26032,57.6,0.584,0,0.0
P0009674,22,F,C,suv,9545,4.0,0.8921,1,1327.12
P0009675,43,M,A,sedan,14893,28.7,0.9223,0,0.0
P0009676,18,F,A,suv,12024,0.0,0.6024,0,0.0
P0009677,69,M,A,truck,29775,51.0,0.5206,0,0.0
P0009678,25,M,B,sedan,24814,6.0,0.7622,0,0.0
P0009679,69,F,A,sedan,29150,53.3,0.8203,0,0.0
P0009680,27,M,C,suv,9548,9.2,0.5841,1,931.69
P0009681,18,M,B,sedan,20986,3.1,0.7808,1,3623.91
P0009682,73,M,C,sedan,21808,54.6,0.7632,0,0.0
P0009683,45,M,B,sedan,26108,28.5,0.9318,0,0.0
P0009684,44,M,B,sedan,16557,27.3,0.9079,0,0.0
P0009685,58,F,B,truck,6951,41.1,0.566,0,0.0
P0009686,35,M,B,sedan,32532,21.5,0.8535,0,0.0
P0009687,61,F,C,sedan,18216,41.6,0.7514,0,0.0
P0009688,45,M,A,sedan,33460,27.8,0.7331,0,0.0
P0009689,35,M,C,sedan,17842,15.6,0.5812,0,0.0
P0009690,42,M,B,suv,13023,22.8,0.8738,1,1193.81
P0009691,18,M,B,suv,19389,2.6,0.9342,1,937.61
P0009692,36,F,A,truck,7965,19.5,0.6028,0,0.0
P0009693,55,M,A,sedan,22322,41.1,0.5147,0,0.0
P0009694,26,F,A,sedan,35723,6.5,0.8046,0,0.0
P0009695,25,M,B,sedan,12942,7.4,0.9906,1,1361.37
P0009696,59,M,A,suv,9646,41.6,0.8394,0,0.0
P0009697,44,F,C,suv,9242,27.6,0.6264,0,0.0
P0009698,26,M,C,suv,10376,10.9,0.9364,0,0.0
P0009699,65,F,A,truck,17175,45.4,0.769,0,0.0
P0009700,66,M,B,sedan,12817,45.0,0.7549,0,0.0
P0009701,20,M,A,truck,27137,0.4,0.5286,0,0.0
P0009702,30,M,A,truck,15566,13.3,0.5303,0,0.0
P0009703,41,M,A,sedan,16257,23.2,0.7897,0,0.0
P0009704,64,F,C,sedan,9581,44.9,0.9033,0,0.0
P0009705,22,F,C,suv,22769,4.8,0.8766,1,1822.75
P0009706,68,F,A,sedan,14989,47.1,0.9704,0,0.0
P0009707,38,F,A,sedan,26875,18.5,0.7514,0,0.0
P0009708,25,F,B,sedan,5682,2.4,0.8104,0,0.0
P0009709,72,M,B,suv,24926,54.6,0.8136,0,0.0
P0009710,23,M,A,truck,29830,10.8,0.6901,1,1541.74
P0009711,26,F,C,truck,27066,8.9,0.5014,0,0.0
P0009712,77,M,C,truck,13170,60.8,0.9195,0,0.0
P0009713,50,M,B,sedan,26599,32.7,0.5335,0,0.0
P0009714,47,F,C,suv,30351,26.4,0.9796,0,0.0
P0009715,61,M,B,sedan,21331,45.1,0.9219,0,0.0
P0009716,57,F,B,suv,25054,41.7,0.5519,0,0.0
P0009717,56,M,C,truck,30291,40.3,0.561,0,0.0
P0009718,19,M,B,truck,19896,0.0,0.8686,1,4247.07
P0009719,52,F,B,suv,9618,35.9,0.7718,1,3622.27
P0009720,35,F,A,sedan,35141,17.5,0.8245,0,0.0
P0009721,68,M,B,sedan,15126,47.3,0.645,0,0.0
P0009722,49,F,A,suv,16986,30.7,0.9418,0,0.0
P0009723,25,M,A,sedan,24001,12.5,0.7715,0,0.0
P0009724,73,M,B,sedan,10530,57.0,0.7827,0,0.0
P0009725,35,F,A,truck,15738,19.3,0.9953,0,0.0
P0009726,35,M,A,sedan,22900,21.5,0.8858,0,0.0
P0009727,76,M,A,sedan,27738,60.0,0.8444,1,2336.35
P0009728,66,F,C,sedan,9344,54.4,0.9333,0,0.0
P0009729,72,M,B,sedan,30671,54.3,0.9955,0,0.0
P0009730,59,F,A,sedan,13581,42.0,0.9063,0,0.0
P0009731,75,M,C,sedan,33319,59.4,0.9032,0,0.0
P0009732,25,F,C,suv,33139,11.6,0.5957,0,0.0
P0009733,55,F,A,sedan,27049,35.2,0.9367,0,0.0
P0009734,36,M,B,sedan,32656,20.1,0.9406,0,0.0
P0009735,43,M,A,truck,9956,23.8,0.7985,0,0.0
P0009736,32,F,B,sedan,19437,15.3,0.8253,0,0.0
P0009737,30,M,B,suv,9370,10.1,0.8119,0,0.0
P0009738,45,F,A,suv,19826,26.8,0.7725,0,0.0
P0009739,75,F,B,suv,23050,57.8,0.5917,0,0.0
P0009740,58,M,A,sedan,22570,42.7,0.8289,0,0.0
P0009741,40,M,B,truck,7352,20.4,0.6897,0,0.0
P0009742,45,F,A,sedan,7609,28.4,0.7683,0,0.0
P0009743,51,M,C,suv,35942,35.6,0.9506,0,0.0
P0009744,33,M,B,suv,12847,16.3,0.5546,0,0.0
P0009745,50,M,A,truck,20331,33.1,0.9777,0,0.0
P0009746,61,M,C,suv,22979,42.3,0.7841,0,0.0
P0009747,33,F,A,sedan,9939,19.8,0.9749,0,0.0
P0009748,54,F,B,sedan,14956,32.2,0.6003,0,0.0
P0009749,62,M,B,suv,23647,44.1,0.5271,0,0.0
P0009750,50,M,A,sedan,11615,33.0,0.8105,0,0.0
P0009751,36,F,A,truck,29565,18.1,0.7634,0,0.0
P0009752,52,F,A,truck,25068,38.1,0.8674,0,0.0
P0009753,67,F,B,sedan,35654,49.8,0.8007,0,0.0
P0009754,31,M,B,sedan,22559,12.7,0.7571,0,0.0
P0009755,54,M,A,truck,29809,37.6,0.9513,0,0.0
P0009756,60,M,A,sedan,15139,42.0,0.6617,0,0.0
P0009757,38,F,C,sedan,26519,19.4,0.6358,0,0.0
P0009758,42,M,A,sedan,34059,26.5,0.902,0,0.0
P0009759,73,F,A,sedan,30491,53.5,0.6758,0,0.0
P0009760,40,F,B,sedan,29108,23.1,0.7815,0,0.0
P0009761,55,F,A,suv,18966,34.2,0.807,0,0.0
P0009762,27,M,C,suv,23480,7.4,0.6472,0,0.0
P0009763,76,M,A,sedan,23373,58.2,0.6779,0,0.0
P0009764,55,F,C,suv,11493,39.6,0.5204,0,0.0
P0009765,65,F,A,sedan,13151,48.2,0.6398,0,0.0
P0009766,55,M,A,suv,25090,36.0,0.663,1,2398.14
P0009767,40,F,A,sedan,24740,24.1,0.5084,0,0.0
P0009768,39,F,C,truck,26319,21.1,0.9116,0,0.0
P0009769,62,F,B,truck,23714,43.9,0.9427,0,0.0
P0009770,72,F,A,suv,23019,55.2,0.5886,0,0.0
P0009771,26,F,C,suv,21119,10.6,0.8027,0,0.0
P0009772,71,M,A,suv,24776,50.8,0.721,0,0.0
P0009773,70,F,A,sedan,16232,52.0,0.5639,0,0.0
P0009774,24,F,A,suv,10029,7.6,0.5125,0,0.0
P0009775,24,M,C,truck,25986,8.6,0.8318,1,3750.7
P0009776,61,F,A,truck,15384,42.2,0.5398,0,0.0
P0009777,71,M,A,suv,28492,54.1,0.9455,0,0.0
P0009778,42,F,C,suv,32613,23.0,0.8948,0,0.0
P0009779,58,M,B,sedan,17129,42.8,0.8621,0,0.0
P0009780,80,F,A,sedan,9250,62.4,0.9214,0,0.0
P0009781,38,M,B,suv,5029,22.0,0.5533,0,0.0
P0009782,32,M,A,truck,23280,11.5,0.8135,0,0.0
P0009783,80,M,B,truck,32349,62.3,0.6032,0,0.0
P0009784,35,M,A,truck,32827,20.0,0.7599,1,200.14
P0009785,47,F,B,sedan,32861,28.1,0.6793,0,0.0
P0009786,45,F,C,suv,5438,25.5,0.5612,0,0.0
P0009787,50,M,A,suv,6685,33.7,0.8673,0,0.0
P0009788,34,M,A,suv,34980,18.6,0.6509,0,0.0
P0009789,60,F,A,sedan,25900,47.4,0.5615,0,0.0
P0009790,61,M,C,suv,32383,41.8,0.9397,0,0.0
P0009791,30,M,C,sedan,35380,16.5,0.5673,0,0.0
P0009792,48,M,C,suv,27167,31.1,0.6027,0,0.0
P0009793,21,M,C,truck,17439,7.5,0.5119,1,1900.23
P0009794,31,M,C,suv,26983,10.4,0.7593,0,0.0
P0009795,80,F,C,sedan,24425,60.3,0.9127,1,13777.53
P0009796,49,M,B,sedan,31899,31.4,0.9256,1,2563.77
P0009797,57,F,A,suv,31700,37.9,0.8719,0,0.0
P0009798,73,F,B,suv,10300,56.3,0.7357,0,0.0
P0009799,62,M,A,sedan,32299,46.6,0.9447,0,0.0
P0009800,67,M,A,suv,26697,53.4,0.8836,0,0.0
P0009801,62,F,A,truck,27782,43.4,0.9446,0,0.0
P0009802,49,M,A,sedan,15646,34.0,0.6197,0,0.0
P0009803,57,F,B,suv,20066,34.9,0.8006,0,0.0
P0009804,36,F,A,truck,32144,21.2,0.5108,0,0.0
P0009805,74,M,A,suv,9297,55.0,0.7607,0,0.0
P0009806,29,M,C,truck,21533,9.4,0.9384,1,2959.05
P0009807,73,F,B,suv,34980,58.7,0.8692,0,0.0
P0009808,73,F,A,suv,28740,56.9,0.8881,0,0.0
P0009809,26,M,A,sedan,9614,9.5,0.6585,0,0.0
P0009810,62,F,A,sedan,10177,38.0,0.6991,0,0.0
P0009811,80,M,C,sedan,20619,63.5,0.9931,0,0.0
P0009812,54,F,A,suv,12503,39.3,0.6336,0,0.0
P0009813,39,M,C,sedan,32326,21.0,0.5431,0,0.0
P0009814,73,F,A,sedan,30983,58.1,0.6945,0,0.0
P0009815,50,F,C,truck,34570,33.1,0.8836,1,3343.94
P0009816,25,F,A,sedan,17252,8.9,0.7618,0,0.0
P0009817,33,M,B,sedan,13852,15.0,0.5219,0,0.0
P0009818,60,M,A,suv,21362,44.1,0.8324,1,6748.74
P0009819,46,M,A,sedan,8565,30.4,0.8678,0,0.0
P0009820,31,F,C,suv,27491,11.8,0.8014,0,0.0
P0009821,68,F,B,sedan,31957,50.4,0.5857,0,0.0
P0009822,25,M,A,suv,10260,7.9,0.5955,1,4638.75
P0009823,31,F,C,suv,11131,17.8,0.7037,0,0.0
P0009824,47,M,A,suv,14378,28.8,0.6791,0,0.0
P0009825,20,F,C,sedan,29827,3.9,0.5509,0,0.0
P0009826,42,M,B,suv,15095,24.4,0.9297,0,0.0
P0009827,75,M,A,sedan,27607,61.7,0.9623,0,0.0
P0009828,77,F,A,suv,33417,59.4,0.5719,1,164.4
P0009829,72,F,A,sedan,18585,54.6,0.7812,0,0.0
P0009830,38,M,C,sedan,9265,21.5,0.7149,0,0.0
P0009831,22,F,A,sedan,33391,6.8,0.7045,0,0.0
P0009832,69,M,A,sedan,16510,49.7,0.7902,0,0.0
P0009833,41,M,C,sedan,23570,25.5,0.7275,0,0.0
P0009834,65,F,A,sedan,34738,46.2,0.7258,0,0.0
P0009835,25,M,A,truck,32818,5.9,0.5718,1,5878.64
P0009836,60,F,B,suv,30880,44.7,0.8553,0,0.0
P0009837,54,M,A,suv,15957,35.5,0.79,1,801.75
P0009838,75,F,C,sedan,25784,58.9,0.528,0,0.0
P0009839,24,M,B,sedan,15354,5.7,0.6877,0,0.0
P0009840,43,F,A,truck,22016,27.9,0.6089,0,0.0
P0009841,80,F,B,sedan,15457,63.2,0.695,1,8135.28
P0009842,42,F,A,truck,31000,24.8,0.5594,0,0.0
P0009843,59,F,B,suv,28286,42.1,0.8053,0,0.0
P0009844,28,M,B,sedan,34338,10.2,0.7908,0,0.0
P0009845,63,F,C,suv,13257,47.6,0.7964,0,0.0
P0009846,35,F,B,suv,33646,19.1,0.6831,0,0.0
P0009847,54,F,C,truck,12673,35.6,0.861,1,7795.12
P0009848,73,F,A,suv,24812,56.8,0.9213,0,0.0
P0009849,59,F,C,sedan,10387,43.0,0.7082,1,1375.32
P0009850,47,F,A,suv,27564,31.7,0.7165,0,0.0
P0009851,29,M,C,sedan,29023,12.9,0.9492,0,0.0
P0009852,39,M,B,sedan,29034,24.1,0.8026,0,0.0
P0009853,71,M,A,suv,13596,52.5,0.7548,0,0.0
P0009854,31,F,A,sedan,30089,14.9,0.8686,0,0.0
P0009855,59,M,C,truck,9930,44.2,0.6551,0,0.0
P0009856,48,M,C,truck,27725,31.4,0.5164,0,0.0
P0009857,38,M,B,sedan,19574,23.8,0.851,0,0.0
P0009858,63,F,A,sedan,10578,47.7,0.823,0,0.0
P0009859,40,F,B,sedan,35202,20.3,0.7143,0,0.0
P0009860,36,F,A,sedan,28546,21.2,0.5229,0,0.0
P0009861,51,F,B,sedan,9533,34.3,0.97,0,0.0
P0009862,65,M,A,truck,17101,43.6,0.8654,0,0.0
P0009863,72,F,C,sedan,27882,54.5,0.6928,0,0.0
P0009864,57,F,B,sedan,11193,41.0,0.6005,0,0.0
P0009865,59,F,A,sedan,19663,46.0,0.7777,0,0.0
P0009866,67,F,B,sedan,8178,49.7,0.5106,0,0.0
P0009867,34,F,A,truck,5697,18.5,0.7286,0,0.0
P0009868,33,F,A,truck,12449,14.9,0.9942,0,0.0
P0009869,48,M,A,sedan,27052,32.4,0.8696,0,0.0
P0009870,57,F,A,sedan,20740,39.4,0.9925,0,0.0
P0009871,58,M,A,truck,14573,38.1,0.698,0,0.0
P0009872,27,M,B,suv,12653,8.7,0.5436,0,0.0
P0009873,67,M,B,suv,29916,52.6,0.9826,0,0.0
P0009874,40,M,B,sedan,25643,22.8,0.9326,0,0.0
P0009875,73,F,C,suv,31763,54.1,0.7813,1,4271.88
P0009876,63,M,C,sedan,34896,49.0,0.6149,0,0.0
P0009877,79,M,A,sedan,24614,58.6,0.8694,0,0.0
P0009878,57,F,B,suv,6365,39.7,0.5096,0,0.0
P0009879,51,F,C,sedan,34077,32.8,0.9572,1,3943.52
P0009880,29,M,A,suv,9050,12.7,0.8486,0,0.0
P0009881,43,F,A,suv,26980,25.9,0.5879,0,0.0
P0009882,72,M,C,suv,12665,56.8,0.5823,0,0.0
P0009883,42,F,C,suv,28770,21.9,0.529,0,0.0
P0009884,21,F,C,sedan,29935,0.4,0.8852,0,0.0
P0009885,33,M,C,suv,29586,11.7,0.5639,0,0.0
P0009886,55,M,A,truck,13409,41.5,0.76,0,0.0
P0009887,57,M,B,sedan,24892,39.3,0.6791,0,0.0
P0009888,79,M,C,truck,10937,61.1,0.7745,1,21162.61
P0009889,76,M,A,truck,32500,60.4,0.8474,2,10281.81
P0009890,51,F,A,suv,9738,33.3,0.605,0,0.0
P0009891,52,M,A,sedan,31083,37.9,0.6002,0,0.0
P0009892,68,F,B,suv,9647,48.1,0.6688,0,0.0
P0009893,21,F,B,sedan,13946,7.1,0.9676,0,0.0
P0009894,55,M,C,sedan,27314,37.5,0.722,0,0.0
P0009895,47,F,A,sedan,34712,28.4,0.6285,0,0.0
P0009896,67,M,B,suv,26951,51.2,0.7598,0,0.0
P0009897,68,F,A,suv,15629,48.3,0.5902,0,0.0
P0009898,59,F,C,sedan,14645,45.6,0.8826,0,0.0
P0009899,59,F,B,sedan,24546,42.1,0.6596,0,0.0
P0009900,61,M,B,sedan,18932,47.4,0.9913,0,0.0
P0009901,54,M,A,sedan,11418,38.5,0.8149,0,0.0
P0009902,32,F,A,sedan,24473,16.0,0.8058,0,0.0
P0009903,35,F,A,sedan,18466,19.1,0.6453,0,0.0
P0009904,64,F,C,sedan,35226,44.5,0.5892,0,0.0
P0009905,56,F,A,sedan,5910,41.3,0.5389,0,0.0
P0009906,32,M,C,suv,28037,18.1,0.9278,0,0.0
P0009907,73,M,A,suv,29741,56.9,0.9898,2,10114.32
P0009908,79,F,B,suv,29893,61.8,0.6076,0,0.0
P0009909,57,F,A,sedan,26703,39.0,0.9967,0,0.0
P0009910,32,M,A,sedan,35309,12.7,0.808,0,0.0
P0009911,77,F,B,sedan,14589,64.3,0.8934,0,0.0
P0009912,32,F,A,sedan,16814,11.6,0.9942,0,0.0
P0009913,45,M,B,sedan,33962,29.6,0.9876,0,0.0
P0009914,72,F,B,suv,7142,55.6,0.784,0,0.0
P0009915,50,F,A,sedan,30624,33.0,0.7635,0,0.0
P0009916,33,F,B,sedan,28153,20.3,0.8379,0,0.0
P0009917,23,M,B,sedan,23254,6.9,0.6099,0,0.0
P0009918,40,F,A,sedan,8753,21.0,0.6944,0,0.0
P0009919,60,M,A,suv,23946,41.7,0.9138,0,0.0
P0009920,63,F,A,sedan,18596,47.0,0.5549,0,0.0
P0009921,32,F,A,sedan,7717,14.6,0.7295,1,891.58
P0009922,28,M,A,suv,27889,10.1,0.6578,0,0.0
P0009923,62,F,B,sedan,30184,45.5,0.7913,0,0.0
P0009924,28,F,A,sedan,22308,10.0,0.5947,0,0.0
P0009925,22,F,C,suv,10050,6.6,0.964,1,3733.36
P0009926,48,M,C,sedan,16381,32.9,0.8958,1,4297.26
P0009927,53,F,A,truck,21760,36.6,0.5406,0,0.0
P0009928,33,M,B,suv,20944,20.8,0.6629,0,0.0
P0009929,31,F,A,sedan,23338,12.6,0.5216,0,0.0
P0009930,32,F,A,sedan,12601,14.8,0.5616,0,0.0
P0009931,39,F,C,sedan,29684,22.4,0.7118,0,0.0
P0009932,18,F,B,suv,7298,0.0,0.6647,0,0.0
P0009933,18,M,A,sedan,35579,0.2,0.7603,0,0.0
P0009934,41,F,C,suv,17787,21.9,0.6454,0,0.0
P0009935,19,M,C,sedan,30700,0.0,0.6661,0,0.0
P0009936,38,F,B,suv,6807,20.3,0.9791,0,0.0
P0009937,54,M,B,truck,25747,38.4,0.9375,1,2694.05
P0009938,19,F,C,sedan,35369,0.6,0.5067,0,0.0
P0009939,56,M,B,sedan,34775,40.4,0.8011,0,0.0
P0009940,57,F,B,suv,18876,41.5,0.5711,0,0.0
P0009941,54,M,C,suv,16594,37.6,0.8947,0,0.0
P0009942,57,M,B,sedan,32353,37.7,0.918,0,0.0
P0009943,68,M,A,suv,24767,49.5,0.8302,0,0.0
P0009944,22,F,A,suv,34505,3.2,0.8366,0,0.0
P0009945,28,M,A,truck,12263,10.8,0.9257,0,0.0
P0009946,37,F,A,suv,18930,18.9,0.5509,0,0.0
P0009947,61,F,A,suv,14697,42.8,0.8538,0,0.0
P0009948,72,F,B,sedan,18031,56.4,0.56,0,0.0
P0009949,75,M,C,sedan,32057,56.8,0.5212,0,0.0
P0009950,54,F,A,suv,32696,37.0,0.8193,0,0.0
P0009951,43,M,A,suv,23455,26.8,0.636,0,0.0
P0009952,43,M,C,truck,6075,26.7,0.5229,0,0.0
P0009953,21,F,B,sedan,18693,5.1,0.5316,0,0.0
P0009954,47,F,C,sedan,20103,30.6,0.9898,1,6444.29
P0009955,50,M,B,sedan,27125,33.0,0.6115,0,0.0
P0009956,31,F,B,sedan,13327,12.7,0.7039,0,0.0
P0009957,66,F,A,sedan,22937,46.0,0.6333,0,0.0
P0009958,69,F,A,sedan,28335,50.9,0.9677,0,0.0
P0009959,37,M,B,sedan,22658,19.8,0.5369,0,0.0
P0009960,75,F,A,sedan,30938,62.0,0.7716,0,0.0
P0009961,24,F,A,sedan,12829,2.2,0.7389,0,0.0
P0009962,75,F,A,truck,24220,59.4,0.8461,0,0.0
P0009963,66,F,B,truck,19124,50.4,0.9492,0,0.0
P0009964,32,M,B,sedan,17614,12.5,0.5002,0,0.0
P0009965,58,M,B,suv,18151,43.2,0.5083,0,0.0
P0009966,37,M,B,sedan,22204,19.3,0.6886,0,0.0
P0009967,68,M,A,truck,20905,51.9,0.7008,0,0.0
P0009968,28,F,C,suv,22798,11.5,0.9452,0,0.0
P0009969,33,M,C,sedan,34764,15.9,0.6394,1,6931.37
P0009970,37,M,A,sedan,24689,22.4,0.9242,0,0.0
P0009971,30,M,B,truck,21951,13.2,0.5446,0,0.0
P0009972,38,M,A,truck,33587,18.9,0.5387,0,0.0
P0009973,55,F,C,sedan,12375,38.1,0.8726,0,0.0
P0009974,57,M,A,suv,12722,33.0,0.8813,0,0.0
P0009975,52,F,A,suv,8608,34.8,0.5472,0,0.0
P0009976,29,M,C,suv,11248,14.4,0.9965,1,5204.69
P0009977,30,F,B,sedan,7420,14.0,0.5402,0,0.0
P0009978,75,M,A,sedan,10896,61.9,0.9421,1,2606.29
P0009979,33,M,B,sedan,25328,13.8,0.597,0,0.0
P0009980,24,M,C,suv,26614,3.8,0.511,0,0.0
P0009981,46,F,A,sedan,25079,27.3,0.9274,1,2335.01
P0009982,18,M,B,truck,33051,2.7,0.5922,0,0.0
P0009983,39,M,B,truck,31583,23.7,0.7647,0,0.0
P0009984,71,M,B,sedan,15130,52.5,0.9134,0,0.0
P0009985,34,M,C,truck,10883,18.0,0.5774,0,0.0
P0009986,62,M,B,suv,18040,46.7,0.8705,0,0.0
P0009987,48,M,B,suv,33751,32.9,0.7658,0,0.0
P0009988,40,F,C,sedan,35013,19.3,0.6279,0,0.0
P0009989,59,F,A,sedan,11348,42.9,0.5208,0,0.0
P0009990,55,M,A,truck,9503,36.3,0.6315,1,1794.65
P0009991,38,M,C,suv,27865,19.9,0.7124,0,0.0
P0009992,32,F,B,suv,32266,16.7,0.684,0,0.0
P0009993,75,F,A,sedan,34456,57.9,0.8584,0,0.0
P0009994,28,F,A,sedan,34737,13.0,0.7049,0,0.0
P0009995,78,M,A,sedan,13766,58.1,0.6902,0,0.0
P0009996,47,M,A,suv,29784,31.8,0.9061,0,0.0
P0009997,80,M,A,truck,25892,62.3,0.732,0,0.0
P0009998,40,F,B,sedan,15428,24.0,0.9927,0,0.0
P0009999,53,F,A,sedan,5495,37.8,0.7872,0,0.0
P0010000,56,M,B,sedan,25261,36.8,0.9686,0,0.0
